solid OpenSCAD_Model
  facet normal -0.923882 0.382677 0
    outer loop
      vertex -0.724443 0.194114 0
      vertex -0.649519 0.375 5
      vertex -0.649519 0.375 0
    endloop
  endfacet
  facet normal -0.923882 0.382677 0
    outer loop
      vertex -0.649519 0.375 5
      vertex -0.724443 0.194114 0
      vertex -0.724443 0.194114 5
    endloop
  endfacet
  facet normal 0.793353 0.608762 0
    outer loop
      vertex 0.649519 0.375 5
      vertex 0.53033 0.53033 0
      vertex 0.53033 0.53033 5
    endloop
  endfacet
  facet normal 0.793353 0.608762 0
    outer loop
      vertex 0.53033 0.53033 0
      vertex 0.649519 0.375 5
      vertex 0.649519 0.375 0
    endloop
  endfacet
  facet normal 0.991444 0.130533 0
    outer loop
      vertex 0.75 0 5
      vertex 0.724443 0.194114 0
      vertex 0.724443 0.194114 5
    endloop
  endfacet
  facet normal 0.991444 0.130533 0
    outer loop
      vertex 0.724443 0.194114 0
      vertex 0.75 0 5
      vertex 0.75 0 0
    endloop
  endfacet
  facet normal 0.130533 -0.991444 0
    outer loop
      vertex 0.194114 -0.724443 0
      vertex 0 -0.75 4.79904
      vertex 0 -0.75 0
    endloop
  endfacet
  facet normal 0.130533 -0.991444 3.834e-09
    outer loop
      vertex 0 -0.75 4.79904
      vertex 0.194114 -0.724443 0
      vertex 0.170462 -0.727557 4.80505
    endloop
  endfacet
  facet normal 0.130533 -0.991444 0
    outer loop
      vertex 0.170462 -0.727557 4.80505
      vertex 0.194114 -0.724443 0
      vertex 0.194114 -0.724443 4.80588
    endloop
  endfacet
  facet normal -0.608761 -0.793354 0
    outer loop
      vertex -0.53033 -0.53033 0
      vertex -0.391565 -0.636808 4.82937
      vertex -0.53033 -0.53033 4.8579
    endloop
  endfacet
  facet normal -0.608768 -0.793348 3.33668e-07
    outer loop
      vertex -0.53033 -0.53033 0
      vertex -0.375 -0.649519 4.82596
      vertex -0.391565 -0.636808 4.82937
    endloop
  endfacet
  facet normal -0.608762 -0.793353 -0
    outer loop
      vertex -0.375 -0.649519 4.82596
      vertex -0.53033 -0.53033 0
      vertex -0.375 -0.649519 0
    endloop
  endfacet
  facet normal 0.923882 -0.382677 0
    outer loop
      vertex 0.654086 -0.363974 4.90247
      vertex 0.724443 -0.194114 0
      vertex 0.724443 -0.194114 4.94799
    endloop
  endfacet
  facet normal 0.923883 -0.382675 9.58841e-08
    outer loop
      vertex 0.649519 -0.375 4.89952
      vertex 0.724443 -0.194114 0
      vertex 0.654086 -0.363974 4.90247
    endloop
  endfacet
  facet normal 0.923882 -0.382677 0
    outer loop
      vertex 0.724443 -0.194114 0
      vertex 0.649519 -0.375 4.89952
      vertex 0.649519 -0.375 0
    endloop
  endfacet
  facet normal 0.923882 0.382677 0
    outer loop
      vertex 0.724443 0.194114 5
      vertex 0.649519 0.375 0
      vertex 0.649519 0.375 5
    endloop
  endfacet
  facet normal 0.923882 0.382677 0
    outer loop
      vertex 0.649519 0.375 0
      vertex 0.724443 0.194114 5
      vertex 0.724443 0.194114 0
    endloop
  endfacet
  facet normal -0.793345 -0.608772 0
    outer loop
      vertex -0.649519 -0.375 0
      vertex -0.641834 -0.385015 4.89684
      vertex -0.649519 -0.375 4.89952
    endloop
  endfacet
  facet normal -0.793353 -0.608762 -0
    outer loop
      vertex -0.53033 -0.53033 4.8579
      vertex -0.649519 -0.375 0
      vertex -0.53033 -0.53033 0
    endloop
  endfacet
  facet normal -0.793354 -0.608761 3.70115e-08
    outer loop
      vertex -0.649519 -0.375 0
      vertex -0.53033 -0.53033 4.8579
      vertex -0.641834 -0.385015 4.89684
    endloop
  endfacet
  facet normal 0.793345 -0.608772 0
    outer loop
      vertex 0.641834 -0.385015 4.89684
      vertex 0.649519 -0.375 0
      vertex 0.649519 -0.375 4.89952
    endloop
  endfacet
  facet normal 0.793354 -0.608761 3.70115e-08
    outer loop
      vertex 0.53033 -0.53033 4.8579
      vertex 0.649519 -0.375 0
      vertex 0.641834 -0.385015 4.89684
    endloop
  endfacet
  facet normal 0.793353 -0.608762 0
    outer loop
      vertex 0.649519 -0.375 0
      vertex 0.53033 -0.53033 4.8579
      vertex 0.53033 -0.53033 0
    endloop
  endfacet
  facet normal -0.608762 0.793353 0
    outer loop
      vertex -0.375 0.649519 0
      vertex -0.53033 0.53033 5
      vertex -0.375 0.649519 5
    endloop
  endfacet
  facet normal -0.608762 0.793353 0
    outer loop
      vertex -0.53033 0.53033 5
      vertex -0.375 0.649519 0
      vertex -0.53033 0.53033 0
    endloop
  endfacet
  facet normal 0.608762 -0.793353 0
    outer loop
      vertex 0.53033 -0.53033 0
      vertex 0.375 -0.649519 4.82596
      vertex 0.375 -0.649519 0
    endloop
  endfacet
  facet normal 0.608768 -0.793348 3.33668e-07
    outer loop
      vertex 0.375 -0.649519 4.82596
      vertex 0.53033 -0.53033 0
      vertex 0.391565 -0.636808 4.82937
    endloop
  endfacet
  facet normal 0.608761 -0.793354 0
    outer loop
      vertex 0.391565 -0.636808 4.82937
      vertex 0.53033 -0.53033 0
      vertex 0.53033 -0.53033 4.8579
    endloop
  endfacet
  facet normal -0.793353 0.608762 0
    outer loop
      vertex -0.649519 0.375 0
      vertex -0.53033 0.53033 5
      vertex -0.53033 0.53033 0
    endloop
  endfacet
  facet normal -0.793353 0.608762 0
    outer loop
      vertex -0.53033 0.53033 5
      vertex -0.649519 0.375 0
      vertex -0.649519 0.375 5
    endloop
  endfacet
  facet normal 0.382677 0.923882 -0
    outer loop
      vertex 0.375 0.649519 0
      vertex 0.194114 0.724443 5
      vertex 0.375 0.649519 5
    endloop
  endfacet
  facet normal 0.382677 0.923882 0
    outer loop
      vertex 0.194114 0.724443 5
      vertex 0.375 0.649519 0
      vertex 0.194114 0.724443 0
    endloop
  endfacet
  facet normal -0.130533 0.991444 0
    outer loop
      vertex 0 0.75 0
      vertex -0.194114 0.724443 5
      vertex 0 0.75 5
    endloop
  endfacet
  facet normal -0.130533 0.991444 0
    outer loop
      vertex -0.194114 0.724443 5
      vertex 0 0.75 0
      vertex -0.194114 0.724443 0
    endloop
  endfacet
  facet normal 0 0 -1
    outer loop
      vertex 0.724443 -0.194114 0
      vertex 0.724443 0.194114 0
      vertex 0.75 0 0
    endloop
  endfacet
  facet normal 0 0 -1
    outer loop
      vertex 0.649519 -0.375 0
      vertex 0.724443 0.194114 0
      vertex 0.724443 -0.194114 0
    endloop
  endfacet
  facet normal 0 0 -1
    outer loop
      vertex 0.649519 -0.375 0
      vertex 0.649519 0.375 0
      vertex 0.724443 0.194114 0
    endloop
  endfacet
  facet normal 0 0 -1
    outer loop
      vertex 0.53033 -0.53033 0
      vertex 0.649519 0.375 0
      vertex 0.649519 -0.375 0
    endloop
  endfacet
  facet normal 0 0 -1
    outer loop
      vertex 0.53033 -0.53033 0
      vertex 0.53033 0.53033 0
      vertex 0.649519 0.375 0
    endloop
  endfacet
  facet normal 0 0 -1
    outer loop
      vertex 0.375 -0.649519 0
      vertex 0.53033 0.53033 0
      vertex 0.53033 -0.53033 0
    endloop
  endfacet
  facet normal 0 0 -1
    outer loop
      vertex 0.375 -0.649519 0
      vertex 0.375 0.649519 0
      vertex 0.53033 0.53033 0
    endloop
  endfacet
  facet normal 0 0 -1
    outer loop
      vertex 0.194114 -0.724443 0
      vertex 0.375 0.649519 0
      vertex 0.375 -0.649519 0
    endloop
  endfacet
  facet normal 0 0 -1
    outer loop
      vertex 0.194114 -0.724443 0
      vertex 0.194114 0.724443 0
      vertex 0.375 0.649519 0
    endloop
  endfacet
  facet normal 0 0 -1
    outer loop
      vertex 0 -0.75 0
      vertex 0.194114 0.724443 0
      vertex 0.194114 -0.724443 0
    endloop
  endfacet
  facet normal 0 0 -1
    outer loop
      vertex 0 -0.75 0
      vertex 0 0.75 0
      vertex 0.194114 0.724443 0
    endloop
  endfacet
  facet normal 0 0 -1
    outer loop
      vertex -0.194114 -0.724443 0
      vertex 0 0.75 0
      vertex 0 -0.75 0
    endloop
  endfacet
  facet normal 0 0 -1
    outer loop
      vertex -0.194114 -0.724443 0
      vertex -0.194114 0.724443 0
      vertex 0 0.75 0
    endloop
  endfacet
  facet normal 0 0 -1
    outer loop
      vertex -0.375 -0.649519 0
      vertex -0.194114 0.724443 0
      vertex -0.194114 -0.724443 0
    endloop
  endfacet
  facet normal 0 0 -1
    outer loop
      vertex -0.375 -0.649519 0
      vertex -0.375 0.649519 0
      vertex -0.194114 0.724443 0
    endloop
  endfacet
  facet normal 0 0 -1
    outer loop
      vertex -0.53033 -0.53033 0
      vertex -0.375 0.649519 0
      vertex -0.375 -0.649519 0
    endloop
  endfacet
  facet normal 0 0 -1
    outer loop
      vertex -0.53033 -0.53033 0
      vertex -0.53033 0.53033 0
      vertex -0.375 0.649519 0
    endloop
  endfacet
  facet normal 0 0 -1
    outer loop
      vertex -0.649519 -0.375 0
      vertex -0.53033 0.53033 0
      vertex -0.53033 -0.53033 0
    endloop
  endfacet
  facet normal 0 0 -1
    outer loop
      vertex -0.649519 -0.375 0
      vertex -0.649519 0.375 0
      vertex -0.53033 0.53033 0
    endloop
  endfacet
  facet normal 0 0 -1
    outer loop
      vertex -0.724443 -0.194114 0
      vertex -0.649519 0.375 0
      vertex -0.649519 -0.375 0
    endloop
  endfacet
  facet normal 0 0 -1
    outer loop
      vertex -0.724443 -0.194114 0
      vertex -0.724443 0.194114 0
      vertex -0.649519 0.375 0
    endloop
  endfacet
  facet normal 0 -0 -1
    outer loop
      vertex -0.724443 0.194114 0
      vertex -0.724443 -0.194114 0
      vertex -0.75 0 0
    endloop
  endfacet
  facet normal 0.130533 0.991444 -0
    outer loop
      vertex 0.194114 0.724443 0
      vertex 0 0.75 5
      vertex 0.194114 0.724443 5
    endloop
  endfacet
  facet normal 0.130533 0.991444 0
    outer loop
      vertex 0 0.75 5
      vertex 0.194114 0.724443 0
      vertex 0 0.75 0
    endloop
  endfacet
  facet normal -0.382677 -0.923882 0
    outer loop
      vertex -0.375 -0.649519 0
      vertex -0.194114 -0.724443 4.80588
      vertex -0.375 -0.649519 4.82596
    endloop
  endfacet
  facet normal -0.382677 -0.923882 -0
    outer loop
      vertex -0.194114 -0.724443 4.80588
      vertex -0.375 -0.649519 0
      vertex -0.194114 -0.724443 0
    endloop
  endfacet
  facet normal -0.382677 0.923882 0
    outer loop
      vertex -0.194114 0.724443 0
      vertex -0.375 0.649519 5
      vertex -0.194114 0.724443 5
    endloop
  endfacet
  facet normal -0.382677 0.923882 0
    outer loop
      vertex -0.375 0.649519 5
      vertex -0.194114 0.724443 0
      vertex -0.375 0.649519 0
    endloop
  endfacet
  facet normal -0.991444 0.130533 0
    outer loop
      vertex -0.75 0 0
      vertex -0.724443 0.194114 5
      vertex -0.724443 0.194114 0
    endloop
  endfacet
  facet normal -0.991444 0.130533 0
    outer loop
      vertex -0.724443 0.194114 5
      vertex -0.75 0 0
      vertex -0.75 0 5
    endloop
  endfacet
  facet normal -0.991444 -0.130533 -0
    outer loop
      vertex -0.724443 -0.194114 4.94799
      vertex -0.75 0 0
      vertex -0.724443 -0.194114 0
    endloop
  endfacet
  facet normal -0.991444 -0.130533 0
    outer loop
      vertex -0.75 0 0
      vertex -0.724443 -0.194114 4.94799
      vertex -0.75 0 5
    endloop
  endfacet
  facet normal 0.608762 0.793353 -0
    outer loop
      vertex 0.53033 0.53033 0
      vertex 0.375 0.649519 5
      vertex 0.53033 0.53033 5
    endloop
  endfacet
  facet normal 0.608762 0.793353 0
    outer loop
      vertex 0.375 0.649519 5
      vertex 0.53033 0.53033 0
      vertex 0.375 0.649519 0
    endloop
  endfacet
  facet normal -0.130533 -0.991444 0
    outer loop
      vertex -0.194114 -0.724443 0
      vertex -0.170462 -0.727557 4.80505
      vertex -0.194114 -0.724443 4.80588
    endloop
  endfacet
  facet normal -0.130533 -0.991444 3.834e-09
    outer loop
      vertex -0.194114 -0.724443 0
      vertex 0 -0.75 4.79904
      vertex -0.170462 -0.727557 4.80505
    endloop
  endfacet
  facet normal -0.130533 -0.991444 -0
    outer loop
      vertex 0 -0.75 4.79904
      vertex -0.194114 -0.724443 0
      vertex 0 -0.75 0
    endloop
  endfacet
  facet normal 0.382677 -0.923882 0
    outer loop
      vertex 0.375 -0.649519 0
      vertex 0.194114 -0.724443 4.80588
      vertex 0.194114 -0.724443 0
    endloop
  endfacet
  facet normal 0.382677 -0.923882 0
    outer loop
      vertex 0.194114 -0.724443 4.80588
      vertex 0.375 -0.649519 0
      vertex 0.375 -0.649519 4.82596
    endloop
  endfacet
  facet normal -0.923882 -0.382677 0
    outer loop
      vertex -0.724443 -0.194114 0
      vertex -0.654086 -0.363974 4.90247
      vertex -0.724443 -0.194114 4.94799
    endloop
  endfacet
  facet normal -0.923882 -0.382677 -0
    outer loop
      vertex -0.649519 -0.375 4.89952
      vertex -0.724443 -0.194114 0
      vertex -0.649519 -0.375 0
    endloop
  endfacet
  facet normal -0.923883 -0.382675 9.58841e-08
    outer loop
      vertex -0.724443 -0.194114 0
      vertex -0.649519 -0.375 4.89952
      vertex -0.654086 -0.363974 4.90247
    endloop
  endfacet
  facet normal 0 0 1
    outer loop
      vertex 0.724443 0.194114 5
      vertex 0.743583 2.07386e-07 5
      vertex 0.75 0 5
    endloop
  endfacet
  facet normal 0 0 1
    outer loop
      vertex 0.724443 0.194114 5
      vertex 0.718246 0.192453 5
      vertex 0.743583 2.07386e-07 5
    endloop
  endfacet
  facet normal 0 0 1
    outer loop
      vertex 0.649519 0.375 5
      vertex 0.718246 0.192453 5
      vertex 0.724443 0.194114 5
    endloop
  endfacet
  facet normal 0 0 1
    outer loop
      vertex 0.649519 0.375 5
      vertex 0.643962 0.371791 5
      vertex 0.718246 0.192453 5
    endloop
  endfacet
  facet normal 0 0 1
    outer loop
      vertex 0.53033 0.53033 5
      vertex 0.643962 0.371791 5
      vertex 0.649519 0.375 5
    endloop
  endfacet
  facet normal 0 0 1
    outer loop
      vertex 0.53033 0.53033 5
      vertex 0.525792 0.525792 5
      vertex 0.643962 0.371791 5
    endloop
  endfacet
  facet normal 0 0 1
    outer loop
      vertex 0.375 0.649519 5
      vertex 0.525792 0.525792 5
      vertex 0.53033 0.53033 5
    endloop
  endfacet
  facet normal 0 0 1
    outer loop
      vertex 0.375 0.649519 5
      vertex 0.371791 0.643962 5
      vertex 0.525792 0.525792 5
    endloop
  endfacet
  facet normal 0 0 1
    outer loop
      vertex 0.194114 0.724443 5
      vertex 0.371791 0.643962 5
      vertex 0.375 0.649519 5
    endloop
  endfacet
  facet normal 0 0 1
    outer loop
      vertex 0.194114 0.724443 5
      vertex 0.192453 0.718246 5
      vertex 0.371791 0.643962 5
    endloop
  endfacet
  facet normal 0 0 1
    outer loop
      vertex 0 0.75 5
      vertex 0.192453 0.718246 5
      vertex 0.194114 0.724443 5
    endloop
  endfacet
  facet normal 0 0 1
    outer loop
      vertex 0 0.75 5
      vertex 0 0.743583 5
      vertex 0.192453 0.718246 5
    endloop
  endfacet
  facet normal 0 0 1
    outer loop
      vertex 0 0.75 5
      vertex -0.192453 0.718246 5
      vertex 0 0.743583 5
    endloop
  endfacet
  facet normal -0 0 1
    outer loop
      vertex -0.194114 0.724443 5
      vertex -0.192453 0.718246 5
      vertex 0 0.75 5
    endloop
  endfacet
  facet normal 0 0 1
    outer loop
      vertex -0.194114 0.724443 5
      vertex -0.371791 0.643962 5
      vertex -0.192453 0.718246 5
    endloop
  endfacet
  facet normal -0 0 1
    outer loop
      vertex -0.375 0.649519 5
      vertex -0.371791 0.643962 5
      vertex -0.194114 0.724443 5
    endloop
  endfacet
  facet normal 0 0 1
    outer loop
      vertex -0.375 0.649519 5
      vertex -0.525792 0.525792 5
      vertex -0.371791 0.643962 5
    endloop
  endfacet
  facet normal -0 0 1
    outer loop
      vertex -0.53033 0.53033 5
      vertex -0.525792 0.525792 5
      vertex -0.375 0.649519 5
    endloop
  endfacet
  facet normal 0 0 1
    outer loop
      vertex -0.53033 0.53033 5
      vertex -0.643962 0.371791 5
      vertex -0.525792 0.525792 5
    endloop
  endfacet
  facet normal -0 0 1
    outer loop
      vertex -0.649519 0.375 5
      vertex -0.643962 0.371791 5
      vertex -0.53033 0.53033 5
    endloop
  endfacet
  facet normal 0 0 1
    outer loop
      vertex -0.649519 0.375 5
      vertex -0.718246 0.192453 5
      vertex -0.643962 0.371791 5
    endloop
  endfacet
  facet normal -0 0 1
    outer loop
      vertex -0.724443 0.194114 5
      vertex -0.718246 0.192453 5
      vertex -0.649519 0.375 5
    endloop
  endfacet
  facet normal 0 0 1
    outer loop
      vertex -0.724443 0.194114 5
      vertex -0.743583 2.07386e-07 5
      vertex -0.718246 0.192453 5
    endloop
  endfacet
  facet normal 0 -0 1
    outer loop
      vertex -0.743583 2.07386e-07 5
      vertex -0.724443 0.194114 5
      vertex -0.75 0 5
    endloop
  endfacet
  facet normal 0.991444 -0.130533 0
    outer loop
      vertex 0.724443 -0.194114 4.94799
      vertex 0.75 0 0
      vertex 0.75 0 5
    endloop
  endfacet
  facet normal 0.991444 -0.130533 0
    outer loop
      vertex 0.75 0 0
      vertex 0.724443 -0.194114 4.94799
      vertex 0.724443 -0.194114 0
    endloop
  endfacet
  facet normal -0.960118 -0.131221 0.246888
    outer loop
      vertex -0.743547 0 5.09803
      vertex -0.743583 0 5.09789
      vertex -0.743568 -0.000109752 5.09789
    endloop
  endfacet
  facet normal -0.528326 0.688545 0.496766
    outer loop
      vertex -0.333139 0.577013 5.33314
      vertex -0.346455 0.600077 5.28701
      vertex -0.44144 0.518349 5.29927
    endloop
  endfacet
  facet normal -0.52835 0.68851 0.496789
    outer loop
      vertex -0.44144 0.518349 5.29927
      vertex -0.489961 0.489961 5.28701
      vertex -0.459329 0.493993 5.314
    endloop
  endfacet
  facet normal -0.528362 0.688575 0.496687
    outer loop
      vertex -0.489961 0.489961 5.28701
      vertex -0.44144 0.518349 5.29927
      vertex -0.346455 0.600077 5.28701
    endloop
  endfacet
  facet normal 0.588355 0.766759 0.256746
    outer loop
      vertex 0.371791 0.643962 5.09789
      vertex 0.346455 0.600077 5.28701
      vertex 0.489961 0.489961 5.28701
    endloop
  endfacet
  facet normal -0.588358 0.766758 0.256743
    outer loop
      vertex -0.371791 0.643962 5.09789
      vertex -0.525792 0.525792 5.09789
      vertex -0.489961 0.489961 5.28701
    endloop
  endfacet
  facet normal -0.99139 0.130941 0
    outer loop
      vertex -0.743381 0.0015294 5.09789
      vertex -0.743583 0 5.09748
      vertex -0.743583 0 5.09789
    endloop
  endfacet
  facet normal -0.991445 0.130523 0
    outer loop
      vertex -0.724443 0.145381 5.08394
      vertex -0.718246 0.192453 5.09789
      vertex -0.718246 0.192453 5
    endloop
  endfacet
  facet normal -0.991441 0.130555 -0.000110406
    outer loop
      vertex -0.718246 0.192453 5.09789
      vertex -0.724443 0.145381 5.08394
      vertex -0.721261 0.169557 5.09789
    endloop
  endfacet
  facet normal -0.991445 0.130527 2.04421e-06
    outer loop
      vertex -0.724443 0.145381 5.08394
      vertex -0.718246 0.192453 5
      vertex -0.743583 2.07386e-07 5
    endloop
  endfacet
  facet normal -0.92388 0.382682 0
    outer loop
      vertex -0.718246 0.192453 5
      vertex -0.643962 0.371791 5.09789
      vertex -0.643962 0.371791 5
    endloop
  endfacet
  facet normal -0.92388 0.382682 0
    outer loop
      vertex -0.643962 0.371791 5.09789
      vertex -0.718246 0.192453 5
      vertex -0.718246 0.192453 5.09789
    endloop
  endfacet
  facet normal 0.801901 0.332126 0.496637
    outer loop
      vertex 0.600077 0.346455 5.28701
      vertex 0.594959 0.3435 5.29725
      vertex 0.605296 0.333854 5.28701
    endloop
  endfacet
  facet normal 0.892895 0.369813 0.256861
    outer loop
      vertex 0.606647 0.337892 5.2765
      vertex 0.600077 0.346455 5.28701
      vertex 0.605296 0.333854 5.28701
    endloop
  endfacet
  facet normal 0.892838 0.370396 0.256216
    outer loop
      vertex 0.705075 0.208603 5.12044
      vertex 0.718246 0.192453 5.09789
      vertex 0.702658 0.212769 5.12284
    endloop
  endfacet
  facet normal 0.892949 0.369777 0.256724
    outer loop
      vertex 0.718246 0.192453 5.09789
      vertex 0.705075 0.208603 5.12044
      vertex 0.70909 0.19 5.13327
    endloop
  endfacet
  facet normal -0.688534 0.528326 0.496783
    outer loop
      vertex -0.489961 0.489961 5.28701
      vertex -0.508003 0.466448 5.28701
      vertex -0.492605 0.469872 5.30471
    endloop
  endfacet
  facet normal -0.688587 0.528391 0.496639
    outer loop
      vertex -0.576533 0.377137 5.28701
      vertex -0.600077 0.346455 5.28701
      vertex -0.594959 0.3435 5.29725
    endloop
  endfacet
  facet normal 0.960118 -0.131221 0.246888
    outer loop
      vertex 0.743583 0 5.09789
      vertex 0.743547 0 5.09803
      vertex 0.743568 -0.000109752 5.09789
    endloop
  endfacet
  facet normal -0.126149 0.958211 0.256747
    outer loop
      vertex 0 0.692909 5.28701
      vertex -0.192453 0.718246 5.09789
      vertex -0.179338 0.669299 5.28701
    endloop
  endfacet
  facet normal 0.793351 0.608764 0
    outer loop
      vertex 0.643962 0.371791 5.09789
      vertex 0.525792 0.525792 5
      vertex 0.525792 0.525792 5.09789
    endloop
  endfacet
  facet normal 0.793351 0.608764 0
    outer loop
      vertex 0.525792 0.525792 5
      vertex 0.643962 0.371791 5.09789
      vertex 0.643962 0.371791 5
    endloop
  endfacet
  facet normal 0.766758 0.588358 0.256743
    outer loop
      vertex 0.525792 0.525792 5.09789
      vertex 0.489961 0.489961 5.28701
      vertex 0.643962 0.371791 5.09789
    endloop
  endfacet
  facet normal 0.688534 0.528326 0.496783
    outer loop
      vertex 0.508003 0.466448 5.28701
      vertex 0.489961 0.489961 5.28701
      vertex 0.492605 0.469872 5.30471
    endloop
  endfacet
  facet normal 0.688587 0.528391 0.496639
    outer loop
      vertex 0.600077 0.346455 5.28701
      vertex 0.576533 0.377137 5.28701
      vertex 0.594959 0.3435 5.29725
    endloop
  endfacet
  facet normal 0.688579 0.5283 0.496747
    outer loop
      vertex 0.489961 0.489961 5.28701
      vertex 0.474008 0.474008 5.32609
      vertex 0.492605 0.469872 5.30471
    endloop
  endfacet
  facet normal 0.369854 0.89291 0.256747
    outer loop
      vertex 0.371791 0.643962 5.09789
      vertex 0.192453 0.718246 5.09789
      vertex 0.346455 0.600077 5.28701
    endloop
  endfacet
  facet normal 0.92388 0.382682 0
    outer loop
      vertex 0.718246 0.192453 5.09789
      vertex 0.643962 0.371791 5
      vertex 0.643962 0.371791 5.09789
    endloop
  endfacet
  facet normal 0.92388 0.382682 0
    outer loop
      vertex 0.643962 0.371791 5
      vertex 0.718246 0.192453 5.09789
      vertex 0.718246 0.192453 5
    endloop
  endfacet
  facet normal 0.332163 0.801809 0.49676
    outer loop
      vertex 0.179338 0.669299 5.28701
      vertex 0.168101 0.627364 5.36221
      vertex 0.224785 0.610071 5.35222
    endloop
  endfacet
  facet normal 0.588358 0.766758 0.256743
    outer loop
      vertex 0.525792 0.525792 5.09789
      vertex 0.371791 0.643962 5.09789
      vertex 0.489961 0.489961 5.28701
    endloop
  endfacet
  facet normal 0.958181 0.126405 0.256732
    outer loop
      vertex 0.718246 0.192453 5.09789
      vertex 0.70909 0.19 5.13327
      vertex 0.717003 0.183007 5.10718
    endloop
  endfacet
  facet normal 0.960665 0.126883 0.247028
    outer loop
      vertex 0.743583 0 5.09789
      vertex 0.743381 0.0015294 5.09789
      vertex 0.743547 0 5.09803
    endloop
  endfacet
  facet normal 0.958448 0.125718 0.25607
    outer loop
      vertex 0.717547 0.182526 5.10538
      vertex 0.718246 0.192453 5.09789
      vertex 0.717003 0.183007 5.10718
    endloop
  endfacet
  facet normal 0.958195 0.126252 0.256753
    outer loop
      vertex 0.719592 0.175384 5.10126
      vertex 0.718246 0.192453 5.09789
      vertex 0.717547 0.182526 5.10538
    endloop
  endfacet
  facet normal 0.958297 0.126191 0.256405
    outer loop
      vertex 0.718246 0.192453 5.09789
      vertex 0.719592 0.175384 5.10126
      vertex 0.721261 0.169557 5.09789
    endloop
  endfacet
  facet normal 0.892879 0.369913 0.25677
    outer loop
      vertex 0.611771 0.353206 5.23662
      vertex 0.600077 0.346455 5.28701
      vertex 0.606647 0.337892 5.2765
    endloop
  endfacet
  facet normal 0.892909 0.36986 0.256743
    outer loop
      vertex 0.702658 0.212769 5.12284
      vertex 0.643962 0.371791 5.09789
      vertex 0.618813 0.357272 5.20627
    endloop
  endfacet
  facet normal 0.89292 0.369859 0.256705
    outer loop
      vertex 0.643962 0.371791 5.09789
      vertex 0.702658 0.212769 5.12284
      vertex 0.718246 0.192453 5.09789
    endloop
  endfacet
  facet normal 0.766778 0.588364 0.256671
    outer loop
      vertex 0.489961 0.489961 5.28701
      vertex 0.508003 0.466448 5.28701
      vertex 0.50403 0.476756 5.27525
    endloop
  endfacet
  facet normal 0.766676 0.588526 0.256602
    outer loop
      vertex 0.643962 0.371791 5.09789
      vertex 0.520819 0.459279 5.26516
      vertex 0.52903 0.450732 5.26023
    endloop
  endfacet
  facet normal 0.766815 0.588242 0.256838
    outer loop
      vertex 0.643962 0.371791 5.09789
      vertex 0.52903 0.450732 5.26023
      vertex 0.534848 0.444676 5.25673
    endloop
  endfacet
  facet normal 0.766817 0.588224 0.256874
    outer loop
      vertex 0.50403 0.476756 5.27525
      vertex 0.643962 0.371791 5.09789
      vertex 0.489961 0.489961 5.28701
    endloop
  endfacet
  facet normal 0.766621 0.58866 0.256462
    outer loop
      vertex 0.512029 0.46843 5.27045
      vertex 0.643962 0.371791 5.09789
      vertex 0.50403 0.476756 5.27525
    endloop
  endfacet
  facet normal 0.766891 0.588073 0.256997
    outer loop
      vertex 0.520819 0.459279 5.26516
      vertex 0.643962 0.371791 5.09789
      vertex 0.512029 0.46843 5.27045
    endloop
  endfacet
  facet normal 0.766729 0.588414 0.256701
    outer loop
      vertex 0.551896 0.426929 5.24649
      vertex 0.643962 0.371791 5.09789
      vertex 0.534848 0.444676 5.25673
    endloop
  endfacet
  facet normal 0.76676 0.588356 0.256741
    outer loop
      vertex 0.643962 0.371791 5.09789
      vertex 0.551896 0.426929 5.24649
      vertex 0.618813 0.357272 5.20627
    endloop
  endfacet
  facet normal 0.766745 0.588366 0.256765
    outer loop
      vertex 0.611771 0.353206 5.23662
      vertex 0.576533 0.377137 5.28701
      vertex 0.600077 0.346455 5.28701
    endloop
  endfacet
  facet normal -0.332163 0.801809 0.49676
    outer loop
      vertex -0.179338 0.669299 5.28701
      vertex -0.224785 0.610071 5.35222
      vertex -0.168101 0.627364 5.36221
    endloop
  endfacet
  facet normal 0.126149 0.958211 0.256747
    outer loop
      vertex 0.192453 0.718246 5.09789
      vertex 0 0.692909 5.28701
      vertex 0.179338 0.669299 5.28701
    endloop
  endfacet
  facet normal 0.113279 0.860453 0.496778
    outer loop
      vertex 0 0.692909 5.28701
      vertex 0.0954222 0.63454 5.36635
      vertex 0.179338 0.669299 5.28701
    endloop
  endfacet
  facet normal 0.113282 0.860454 0.496776
    outer loop
      vertex 0.0954222 0.63454 5.36635
      vertex 0 0.692909 5.28701
      vertex 0 0.643962 5.37179
    endloop
  endfacet
  facet normal -0.960665 0.126883 0.247028
    outer loop
      vertex -0.743381 0.0015294 5.09789
      vertex -0.743583 0 5.09789
      vertex -0.743547 0 5.09803
    endloop
  endfacet
  facet normal -0.958448 0.125718 0.25607
    outer loop
      vertex -0.718246 0.192453 5.09789
      vertex -0.717547 0.182526 5.10538
      vertex -0.717003 0.183007 5.10718
    endloop
  endfacet
  facet normal -0.958195 0.126252 0.256753
    outer loop
      vertex -0.718246 0.192453 5.09789
      vertex -0.719592 0.175384 5.10126
      vertex -0.717547 0.182526 5.10538
    endloop
  endfacet
  facet normal -0.958297 0.126191 0.256405
    outer loop
      vertex -0.719592 0.175384 5.10126
      vertex -0.718246 0.192453 5.09789
      vertex -0.721261 0.169557 5.09789
    endloop
  endfacet
  facet normal 0.990789 -0.135413 0
    outer loop
      vertex 0.743583 0 5.09789
      vertex 0.743568 -0.000109752 5.09789
      vertex 0.743583 0 5.09748
    endloop
  endfacet
  facet normal 0.126151 0.95821 0.256749
    outer loop
      vertex 0 0.743583 5.09789
      vertex 0 0.692909 5.28701
      vertex 0.192453 0.718246 5.09789
    endloop
  endfacet
  facet normal 0.369855 0.89291 0.256747
    outer loop
      vertex 0.192453 0.718246 5.09789
      vertex 0.179338 0.669299 5.28701
      vertex 0.346455 0.600077 5.28701
    endloop
  endfacet
  facet normal -0.126151 0.95821 0.256749
    outer loop
      vertex 0 0.743583 5.09789
      vertex -0.192453 0.718246 5.09789
      vertex 0 0.692909 5.28701
    endloop
  endfacet
  facet normal -0.332178 0.801809 0.49675
    outer loop
      vertex -0.179338 0.669299 5.28701
      vertex -0.234947 0.60697 5.35043
      vertex -0.224785 0.610071 5.35222
    endloop
  endfacet
  facet normal -0.332118 0.801804 0.496798
    outer loop
      vertex -0.234947 0.60697 5.35043
      vertex -0.179338 0.669299 5.28701
      vertex -0.346455 0.600077 5.28701
    endloop
  endfacet
  facet normal -0.3321 0.801833 0.496764
    outer loop
      vertex -0.234947 0.60697 5.35043
      vertex -0.346455 0.600077 5.28701
      vertex -0.333139 0.577013 5.33314
    endloop
  endfacet
  facet normal -0.369854 0.89291 0.256747
    outer loop
      vertex -0.192453 0.718246 5.09789
      vertex -0.371791 0.643962 5.09789
      vertex -0.346455 0.600077 5.28701
    endloop
  endfacet
  facet normal -0.588355 0.766759 0.256746
    outer loop
      vertex -0.371791 0.643962 5.09789
      vertex -0.489961 0.489961 5.28701
      vertex -0.346455 0.600077 5.28701
    endloop
  endfacet
  facet normal -0.766758 0.588358 0.256743
    outer loop
      vertex -0.525792 0.525792 5.09789
      vertex -0.643962 0.371791 5.09789
      vertex -0.489961 0.489961 5.28701
    endloop
  endfacet
  facet normal -0.793351 0.608764 0
    outer loop
      vertex -0.643962 0.371791 5
      vertex -0.525792 0.525792 5.09789
      vertex -0.525792 0.525792 5
    endloop
  endfacet
  facet normal -0.793351 0.608764 0
    outer loop
      vertex -0.525792 0.525792 5.09789
      vertex -0.643962 0.371791 5
      vertex -0.643962 0.371791 5.09789
    endloop
  endfacet
  facet normal -0.766891 0.588073 0.256997
    outer loop
      vertex -0.643962 0.371791 5.09789
      vertex -0.520819 0.459279 5.26516
      vertex -0.512029 0.46843 5.27045
    endloop
  endfacet
  facet normal -0.766676 0.588526 0.256602
    outer loop
      vertex -0.520819 0.459279 5.26516
      vertex -0.643962 0.371791 5.09789
      vertex -0.52903 0.450732 5.26023
    endloop
  endfacet
  facet normal -0.766817 0.588224 0.256874
    outer loop
      vertex -0.643962 0.371791 5.09789
      vertex -0.50403 0.476756 5.27525
      vertex -0.489961 0.489961 5.28701
    endloop
  endfacet
  facet normal -0.766621 0.58866 0.256462
    outer loop
      vertex -0.643962 0.371791 5.09789
      vertex -0.512029 0.46843 5.27045
      vertex -0.50403 0.476756 5.27525
    endloop
  endfacet
  facet normal -0.766815 0.588242 0.256838
    outer loop
      vertex -0.52903 0.450732 5.26023
      vertex -0.643962 0.371791 5.09789
      vertex -0.534848 0.444676 5.25673
    endloop
  endfacet
  facet normal -0.766729 0.588414 0.256701
    outer loop
      vertex -0.643962 0.371791 5.09789
      vertex -0.551896 0.426929 5.24649
      vertex -0.534848 0.444676 5.25673
    endloop
  endfacet
  facet normal -0.76676 0.588356 0.256741
    outer loop
      vertex -0.551896 0.426929 5.24649
      vertex -0.643962 0.371791 5.09789
      vertex -0.618813 0.357272 5.20627
    endloop
  endfacet
  facet normal -0.766778 0.588364 0.256671
    outer loop
      vertex -0.489961 0.489961 5.28701
      vertex -0.50403 0.476756 5.27525
      vertex -0.508003 0.466448 5.28701
    endloop
  endfacet
  facet normal -0.766745 0.588366 0.256765
    outer loop
      vertex -0.576533 0.377137 5.28701
      vertex -0.611771 0.353206 5.23662
      vertex -0.600077 0.346455 5.28701
    endloop
  endfacet
  facet normal -0.958181 0.126405 0.256732
    outer loop
      vertex -0.70909 0.19 5.13327
      vertex -0.718246 0.192453 5.09789
      vertex -0.717003 0.183007 5.10718
    endloop
  endfacet
  facet normal -0.801901 0.332126 0.496637
    outer loop
      vertex -0.600077 0.346455 5.28701
      vertex -0.605296 0.333854 5.28701
      vertex -0.594959 0.3435 5.29725
    endloop
  endfacet
  facet normal 0.528321 0.688562 0.496749
    outer loop
      vertex 0.489961 0.489961 5.28701
      vertex 0.459329 0.493993 5.314
      vertex 0.474008 0.474008 5.32609
    endloop
  endfacet
  facet normal -0.382682 0.92388 0
    outer loop
      vertex -0.192453 0.718246 5
      vertex -0.371791 0.643962 5.09789
      vertex -0.192453 0.718246 5.09789
    endloop
  endfacet
  facet normal -0.382682 0.92388 0
    outer loop
      vertex -0.371791 0.643962 5.09789
      vertex -0.192453 0.718246 5
      vertex -0.371791 0.643962 5
    endloop
  endfacet
  facet normal 0.608764 0.793351 -0
    outer loop
      vertex 0.525792 0.525792 5
      vertex 0.371791 0.643962 5.09789
      vertex 0.525792 0.525792 5.09789
    endloop
  endfacet
  facet normal 0.608764 0.793351 0
    outer loop
      vertex 0.371791 0.643962 5.09789
      vertex 0.525792 0.525792 5
      vertex 0.371791 0.643962 5
    endloop
  endfacet
  facet normal 0.99139 0.130941 -0
    outer loop
      vertex 0.743583 0 5.09748
      vertex 0.743381 0.0015294 5.09789
      vertex 0.743583 0 5.09789
    endloop
  endfacet
  facet normal 0.991441 0.130555 -0.000110406
    outer loop
      vertex 0.724443 0.145381 5.08394
      vertex 0.718246 0.192453 5.09789
      vertex 0.721261 0.169557 5.09789
    endloop
  endfacet
  facet normal 0.991445 0.130523 0
    outer loop
      vertex 0.718246 0.192453 5.09789
      vertex 0.724443 0.145381 5.08394
      vertex 0.718246 0.192453 5
    endloop
  endfacet
  facet normal 0.991445 0.130527 2.04421e-06
    outer loop
      vertex 0.718246 0.192453 5
      vertex 0.724443 0.145381 5.08394
      vertex 0.743583 2.07386e-07 5
    endloop
  endfacet
  facet normal -0.369855 0.89291 0.256747
    outer loop
      vertex -0.192453 0.718246 5.09789
      vertex -0.346455 0.600077 5.28701
      vertex -0.179338 0.669299 5.28701
    endloop
  endfacet
  facet normal 0.382682 0.92388 -0
    outer loop
      vertex 0.371791 0.643962 5
      vertex 0.192453 0.718246 5.09789
      vertex 0.371791 0.643962 5.09789
    endloop
  endfacet
  facet normal 0.382682 0.92388 0
    outer loop
      vertex 0.192453 0.718246 5.09789
      vertex 0.371791 0.643962 5
      vertex 0.192453 0.718246 5
    endloop
  endfacet
  facet normal 0.130527 0.991445 -0
    outer loop
      vertex 0.192453 0.718246 5
      vertex 0 0.743583 5.09789
      vertex 0.192453 0.718246 5.09789
    endloop
  endfacet
  facet normal 0.130527 0.991445 0
    outer loop
      vertex 0 0.743583 5.09789
      vertex 0.192453 0.718246 5
      vertex 0 0.743583 5
    endloop
  endfacet
  facet normal 0.113284 0.86045 0.496782
    outer loop
      vertex 0.167864 0.627387 5.36222
      vertex 0.179338 0.669299 5.28701
      vertex 0.0954222 0.63454 5.36635
    endloop
  endfacet
  facet normal 0.104579 0.861863 0.496242
    outer loop
      vertex 0.179338 0.669299 5.28701
      vertex 0.167864 0.627387 5.36222
      vertex 0.168101 0.627364 5.36221
    endloop
  endfacet
  facet normal -0.990789 -0.135413 -0
    outer loop
      vertex -0.743583 0 5.09789
      vertex -0.743583 0 5.09748
      vertex -0.743568 -0.000109752 5.09789
    endloop
  endfacet
  facet normal -0.528321 0.688562 0.496749
    outer loop
      vertex -0.459329 0.493993 5.314
      vertex -0.489961 0.489961 5.28701
      vertex -0.474008 0.474008 5.32609
    endloop
  endfacet
  facet normal -0.688579 0.5283 0.496747
    outer loop
      vertex -0.489961 0.489961 5.28701
      vertex -0.492605 0.469872 5.30471
      vertex -0.474008 0.474008 5.32609
    endloop
  endfacet
  facet normal -0.892879 0.369913 0.25677
    outer loop
      vertex -0.600077 0.346455 5.28701
      vertex -0.611771 0.353206 5.23662
      vertex -0.606647 0.337892 5.2765
    endloop
  endfacet
  facet normal -0.892909 0.36986 0.256743
    outer loop
      vertex -0.643962 0.371791 5.09789
      vertex -0.702658 0.212769 5.12284
      vertex -0.618813 0.357272 5.20627
    endloop
  endfacet
  facet normal -0.89292 0.369859 0.256705
    outer loop
      vertex -0.702658 0.212769 5.12284
      vertex -0.643962 0.371791 5.09789
      vertex -0.718246 0.192453 5.09789
    endloop
  endfacet
  facet normal -0.892895 0.369813 0.256861
    outer loop
      vertex -0.600077 0.346455 5.28701
      vertex -0.606647 0.337892 5.2765
      vertex -0.605296 0.333854 5.28701
    endloop
  endfacet
  facet normal -0.892838 0.370396 0.256216
    outer loop
      vertex -0.718246 0.192453 5.09789
      vertex -0.705075 0.208603 5.12044
      vertex -0.702658 0.212769 5.12284
    endloop
  endfacet
  facet normal -0.892949 0.369777 0.256724
    outer loop
      vertex -0.705075 0.208603 5.12044
      vertex -0.718246 0.192453 5.09789
      vertex -0.70909 0.19 5.13327
    endloop
  endfacet
  facet normal 0.3321 0.801833 0.496764
    outer loop
      vertex 0.346455 0.600077 5.28701
      vertex 0.234947 0.60697 5.35043
      vertex 0.333139 0.577013 5.33314
    endloop
  endfacet
  facet normal 0.332118 0.801804 0.496798
    outer loop
      vertex 0.179338 0.669299 5.28701
      vertex 0.234947 0.60697 5.35043
      vertex 0.346455 0.600077 5.28701
    endloop
  endfacet
  facet normal 0.332178 0.801809 0.49675
    outer loop
      vertex 0.234947 0.60697 5.35043
      vertex 0.179338 0.669299 5.28701
      vertex 0.224785 0.610071 5.35222
    endloop
  endfacet
  facet normal 0.52835 0.68851 0.496789
    outer loop
      vertex 0.459329 0.493993 5.314
      vertex 0.489961 0.489961 5.28701
      vertex 0.44144 0.518349 5.29927
    endloop
  endfacet
  facet normal 0.528326 0.688545 0.496766
    outer loop
      vertex 0.44144 0.518349 5.29927
      vertex 0.346455 0.600077 5.28701
      vertex 0.333139 0.577013 5.33314
    endloop
  endfacet
  facet normal 0.528362 0.688575 0.496687
    outer loop
      vertex 0.346455 0.600077 5.28701
      vertex 0.44144 0.518349 5.29927
      vertex 0.489961 0.489961 5.28701
    endloop
  endfacet
  facet normal -0.130527 0.991445 0
    outer loop
      vertex 0 0.743583 5
      vertex -0.192453 0.718246 5.09789
      vertex 0 0.743583 5.09789
    endloop
  endfacet
  facet normal -0.130527 0.991445 0
    outer loop
      vertex -0.192453 0.718246 5.09789
      vertex 0 0.743583 5
      vertex -0.192453 0.718246 5
    endloop
  endfacet
  facet normal -0.104579 0.861863 0.496242
    outer loop
      vertex -0.167864 0.627387 5.36222
      vertex -0.179338 0.669299 5.28701
      vertex -0.168101 0.627364 5.36221
    endloop
  endfacet
  facet normal -0.113284 0.86045 0.496782
    outer loop
      vertex -0.179338 0.669299 5.28701
      vertex -0.167864 0.627387 5.36222
      vertex -0.0954222 0.63454 5.36635
    endloop
  endfacet
  facet normal -0.113282 0.860454 0.496776
    outer loop
      vertex 0 0.692909 5.28701
      vertex -0.0954222 0.63454 5.36635
      vertex 0 0.643962 5.37179
    endloop
  endfacet
  facet normal -0.113279 0.860453 0.496778
    outer loop
      vertex -0.0954222 0.63454 5.36635
      vertex 0 0.692909 5.28701
      vertex -0.179338 0.669299 5.28701
    endloop
  endfacet
  facet normal -0.608764 0.793351 0
    outer loop
      vertex -0.371791 0.643962 5
      vertex -0.525792 0.525792 5.09789
      vertex -0.371791 0.643962 5.09789
    endloop
  endfacet
  facet normal -0.608764 0.793351 0
    outer loop
      vertex -0.525792 0.525792 5.09789
      vertex -0.371791 0.643962 5
      vertex -0.525792 0.525792 5
    endloop
  endfacet
  facet normal 0.991445 0.113041 0.0652643
    outer loop
      vertex 0.724443 -0.631891 6.4827
      vertex 0.743381 0.0015294 5.09789
      vertex 0.724443 0.168107 5.09706
    endloop
  endfacet
  facet normal 0.992024 0.10894 0.0634011
    outer loop
      vertex 0.743547 0 5.09803
      vertex 0.724443 -0.631891 6.4827
      vertex 0.743568 -0.000109752 5.09789
    endloop
  endfacet
  facet normal 0.991364 0.113599 0.0655185
    outer loop
      vertex 0.743381 0.0015294 5.09789
      vertex 0.724443 -0.631891 6.4827
      vertex 0.743547 0 5.09803
    endloop
  endfacet
  facet normal 0.991398 0.113446 0.0652627
    outer loop
      vertex 0.75 0 5
      vertex 0.743381 0.0015294 5.09789
      vertex 0.743583 0 5.09748
    endloop
  endfacet
  facet normal 0.991444 0.113041 0.0652721
    outer loop
      vertex 0.743381 0.0015294 5.09789
      vertex 0.75 0 5
      vertex 0.724443 0.168107 5.09706
    endloop
  endfacet
  facet normal 0.991964 0.108367 0.0652999
    outer loop
      vertex 0.743568 -0.000109752 5.09789
      vertex 0.75 0 5
      vertex 0.743583 0 5.09748
    endloop
  endfacet
  facet normal 0.991442 0.113056 0.0652709
    outer loop
      vertex 0.75 0 5
      vertex 0.743568 -0.000109752 5.09789
      vertex 0.724443 -0.631891 6.4827
    endloop
  endfacet
  facet normal 1.61598e-05 0.500021 -0.866013
    outer loop
      vertex 0.724443 0.145381 5.08394
      vertex 0.75 0 5
      vertex 0.743583 2.07386e-07 5
    endloop
  endfacet
  facet normal -0.000330605 0.499975 -0.86604
    outer loop
      vertex 0.75 0 5
      vertex 0.724443 0.145381 5.08394
      vertex 0.724443 0.168107 5.09706
    endloop
  endfacet
  facet normal -1.09529e-05 -0.50001 0.86602
    outer loop
      vertex -0.724443 -0.631891 6.4827
      vertex -0.75 -0.799999 6.38564
      vertex -0.53033 -1.25928 6.12047
    endloop
  endfacet
  facet normal 0.991444 0.113044 0.065266
    outer loop
      vertex 0.75 0 5
      vertex 0.724443 -0.631891 6.4827
      vertex 0.75 -0.799999 6.38564
    endloop
  endfacet
  facet normal -0.991444 -0.113044 -0.065266
    outer loop
      vertex -0.724443 -0.968107 6.28858
      vertex -0.75 -0.799999 6.38564
      vertex -0.75 0 5
    endloop
  endfacet
  facet normal 0.991444 -0.113046 -0.0652673
    outer loop
      vertex 0.75 0 5
      vertex 0.724443 -0.968107 6.28858
      vertex 0.724443 -0.194114 4.94799
    endloop
  endfacet
  facet normal 0.92388 0.331412 0.191341
    outer loop
      vertex 0.649519 0.324759 5.1875
      vertex 0.649519 -0.47524 6.57314
      vertex 0.724443 -0.631891 6.4827
    endloop
  endfacet
  facet normal 0 -0.499997 0.866027
    outer loop
      vertex -0.194114 -0.172612 6.74786
      vertex 0.194114 -1.42739 6.02342
      vertex 0.194114 -0.172612 6.74786
    endloop
  endfacet
  facet normal 0 -0.499997 0.866027
    outer loop
      vertex 0.194114 -1.42739 6.02342
      vertex -0.194114 -0.172612 6.74786
      vertex -0.194114 -1.42739 6.02342
    endloop
  endfacet
  facet normal 0.000878512 0.499749 -0.86617
    outer loop
      vertex -0.52903 0.450732 5.26023
      vertex -0.534848 0.444676 5.25673
      vertex -0.53033 0.459279 5.26516
    endloop
  endfacet
  facet normal 0.923884 -0.331403 -0.191336
    outer loop
      vertex 0.724443 -0.968107 6.28858
      vertex 0.654086 -0.363974 4.90247
      vertex 0.724443 -0.194114 4.94799
    endloop
  endfacet
  facet normal -0.382688 -0.800102 -0.461939
    outer loop
      vertex -0.375 -0.649519 4.82596
      vertex -0.194114 -1.42739 6.02342
      vertex -0.375 -1.3625 6.06088
    endloop
  endfacet
  facet normal -0.382686 -0.800102 -0.461939
    outer loop
      vertex -0.194114 -1.42739 6.02342
      vertex -0.375 -0.649519 4.82596
      vertex -0.194114 -0.724443 4.80588
    endloop
  endfacet
  facet normal -1.75288e-05 -0.499994 0.866029
    outer loop
      vertex -0.194114 -1.42739 6.02342
      vertex -0.53033 -1.25928 6.12047
      vertex -0.375 -1.3625 6.06088
    endloop
  endfacet
  facet normal -0.130533 0.858616 0.495722
    outer loop
      vertex 0 0.649519 5.375
      vertex -0.194114 -0.172612 6.74786
      vertex 0 -0.15048 6.76064
    endloop
  endfacet
  facet normal -4.80176e-05 0.499937 -0.866062
    outer loop
      vertex 0.333139 0.577013 5.33314
      vertex 0.375 0.5625 5.32476
      vertex 0.44144 0.518349 5.29927
    endloop
  endfacet
  facet normal -0.000915186 0.49806 -0.867142
    outer loop
      vertex 0.333139 0.577013 5.33314
      vertex 0.194114 0.627387 5.36222
      vertex 0.375 0.5625 5.32476
    endloop
  endfacet
  facet normal 0.000202839 0.500375 -0.865809
    outer loop
      vertex 0.194114 0.627387 5.36222
      vertex 0.333139 0.577013 5.33314
      vertex 0.234947 0.60697 5.35043
    endloop
  endfacet
  facet normal -0.00131103 0.498506 -0.866885
    outer loop
      vertex 0.512029 0.46843 5.27045
      vertex 0.50403 0.476756 5.27525
      vertex 0.53033 0.459279 5.26516
    endloop
  endfacet
  facet normal 0.382676 0.800106 0.461941
    outer loop
      vertex 0.194114 0.627387 5.36222
      vertex 0.194114 -0.172612 6.74786
      vertex 0.375 0.5625 5.32476
    endloop
  endfacet
  facet normal -5.79919e-05 -0.499985 0.866034
    outer loop
      vertex 0.75 -0.799999 6.38564
      vertex 0.53033 -1.25928 6.12047
      vertex 0.649519 -1.12476 6.19814
    endloop
  endfacet
  facet normal 1.09529e-05 -0.50001 0.86602
    outer loop
      vertex 0.724443 -0.631891 6.4827
      vertex 0.53033 -1.25928 6.12047
      vertex 0.75 -0.799999 6.38564
    endloop
  endfacet
  facet normal -4.26656e-06 -0.499966 0.866045
    outer loop
      vertex -0.375 -0.237499 6.7104
      vertex -0.53033 -0.34072 6.65081
      vertex -0.194114 -0.172612 6.74786
    endloop
  endfacet
  facet normal 0.000153778 0.500302 -0.865851
    outer loop
      vertex 0.224785 0.610071 5.35222
      vertex 0.194114 0.627387 5.36222
      vertex 0.234947 0.60697 5.35043
    endloop
  endfacet
  facet normal -0.000109114 0.499953 -0.866053
    outer loop
      vertex 0.168101 0.627364 5.36221
      vertex 0.194114 0.627387 5.36222
      vertex 0.224785 0.610071 5.35222
    endloop
  endfacet
  facet normal 0 0.398726 -0.91707
    outer loop
      vertex 0.194114 0.627387 5.36222
      vertex 0.168101 0.627364 5.36221
      vertex 0.167864 0.627387 5.36222
    endloop
  endfacet
  facet normal 0 0.500473 -0.865752
    outer loop
      vertex 0.520819 0.459279 5.26516
      vertex 0.512029 0.46843 5.27045
      vertex 0.53033 0.459279 5.26516
    endloop
  endfacet
  facet normal 0 0.500473 -0.865752
    outer loop
      vertex -0.520819 0.459279 5.26516
      vertex -0.53033 0.459279 5.26516
      vertex -0.512029 0.46843 5.27045
    endloop
  endfacet
  facet normal 0 0.398726 -0.91707
    outer loop
      vertex -0.168101 0.627364 5.36221
      vertex -0.194114 0.627387 5.36222
      vertex -0.167864 0.627387 5.36222
    endloop
  endfacet
  facet normal 0.000109114 0.499953 -0.866053
    outer loop
      vertex -0.224785 0.610071 5.35222
      vertex -0.194114 0.627387 5.36222
      vertex -0.168101 0.627364 5.36221
    endloop
  endfacet
  facet normal -0.000153778 0.500302 -0.865851
    outer loop
      vertex -0.194114 0.627387 5.36222
      vertex -0.224785 0.610071 5.35222
      vertex -0.234947 0.60697 5.35043
    endloop
  endfacet
  facet normal 0.130533 0.858616 0.495722
    outer loop
      vertex 0.194114 0.627387 5.36222
      vertex 0 0.649519 5.375
      vertex 0.194114 -0.172612 6.74786
    endloop
  endfacet
  facet normal 0.00193317 0.499974 -0.866038
    outer loop
      vertex 0.721261 0.169557 5.09789
      vertex 0.724443 0.168107 5.09706
      vertex 0.724443 0.145381 5.08394
    endloop
  endfacet
  facet normal 0.00268857 0.501219 -0.865316
    outer loop
      vertex 0.724443 0.168107 5.09706
      vertex 0.721261 0.169557 5.09789
      vertex 0.719592 0.175384 5.10126
    endloop
  endfacet
  facet normal 0.000371963 0.50004 -0.866002
    outer loop
      vertex 0.534848 0.444676 5.25673
      vertex 0.53033 0.459279 5.26516
      vertex 0.551896 0.426929 5.24649
    endloop
  endfacet
  facet normal 0.382676 0.800106 0.461941
    outer loop
      vertex 0.375 0.5625 5.32476
      vertex 0.194114 -0.172612 6.74786
      vertex 0.375 -0.237499 6.7104
    endloop
  endfacet
  facet normal 0.60881 0.687034 0.396655
    outer loop
      vertex 0.53033 -0.34072 6.65081
      vertex 0.492605 0.469872 5.30471
      vertex 0.474008 0.474008 5.32609
    endloop
  endfacet
  facet normal 0.608779 0.687054 0.396668
    outer loop
      vertex 0.53033 0.459279 5.26516
      vertex 0.492605 0.469872 5.30471
      vertex 0.53033 -0.34072 6.65081
    endloop
  endfacet
  facet normal 0.608758 0.687107 0.396607
    outer loop
      vertex 0.508003 0.466448 5.28701
      vertex 0.53033 0.459279 5.26516
      vertex 0.50403 0.476756 5.27525
    endloop
  endfacet
  facet normal 0.608908 0.686835 0.39685
    outer loop
      vertex 0.492605 0.469872 5.30471
      vertex 0.53033 0.459279 5.26516
      vertex 0.508003 0.466448 5.28701
    endloop
  endfacet
  facet normal 0.608761 0.687065 0.396676
    outer loop
      vertex 0.474008 0.474008 5.32609
      vertex 0.375 0.5625 5.32476
      vertex 0.53033 -0.34072 6.65081
    endloop
  endfacet
  facet normal 0.608778 0.687083 0.396618
    outer loop
      vertex 0.459329 0.493993 5.314
      vertex 0.375 0.5625 5.32476
      vertex 0.474008 0.474008 5.32609
    endloop
  endfacet
  facet normal 0.608759 0.687045 0.396713
    outer loop
      vertex 0.375 0.5625 5.32476
      vertex 0.459329 0.493993 5.314
      vertex 0.44144 0.518349 5.29927
    endloop
  endfacet
  facet normal 0.92388 0.331389 0.191384
    outer loop
      vertex 0.649519 0.324759 5.1875
      vertex 0.70909 0.19 5.13327
      vertex 0.705075 0.208603 5.12044
    endloop
  endfacet
  facet normal 0.923869 0.331915 0.190519
    outer loop
      vertex 0.717003 0.183007 5.10718
      vertex 0.724443 0.168107 5.09706
      vertex 0.717547 0.182526 5.10538
    endloop
  endfacet
  facet normal 0.923897 0.331325 0.191408
    outer loop
      vertex 0.70909 0.19 5.13327
      vertex 0.724443 0.168107 5.09706
      vertex 0.717003 0.183007 5.10718
    endloop
  endfacet
  facet normal 0.923878 0.331418 0.191344
    outer loop
      vertex 0.70909 0.19 5.13327
      vertex 0.724443 -0.631891 6.4827
      vertex 0.724443 0.168107 5.09706
    endloop
  endfacet
  facet normal 0.923882 0.331409 0.191338
    outer loop
      vertex 0.724443 -0.631891 6.4827
      vertex 0.70909 0.19 5.13327
      vertex 0.649519 0.324759 5.1875
    endloop
  endfacet
  facet normal 0.000106104 -0.500023 0.866012
    outer loop
      vertex 0.75 -0.799999 6.38564
      vertex 0.649519 -1.12476 6.19814
      vertex 0.724443 -0.968107 6.28858
    endloop
  endfacet
  facet normal 0.608759 -0.687064 -0.396679
    outer loop
      vertex 0.53033 -1.25928 6.12047
      vertex 0.391565 -0.636808 4.82937
      vertex 0.53033 -0.53033 4.8579
    endloop
  endfacet
  facet normal -0.608755 0.687068 0.396679
    outer loop
      vertex -0.375 0.5625 5.32476
      vertex -0.53033 -0.34072 6.65081
      vertex -0.375 -0.237499 6.7104
    endloop
  endfacet
  facet normal 1.63292e-05 -0.499997 0.866027
    outer loop
      vertex -0.194114 -0.172612 6.74786
      vertex -0.53033 -0.34072 6.65081
      vertex -0.194114 -1.42739 6.02342
    endloop
  endfacet
  facet normal -0.608759 -0.687064 -0.396679
    outer loop
      vertex -0.391565 -0.636808 4.82937
      vertex -0.53033 -1.25928 6.12047
      vertex -0.53033 -0.53033 4.8579
    endloop
  endfacet
  facet normal -0.92388 0.331389 0.191384
    outer loop
      vertex -0.70909 0.19 5.13327
      vertex -0.649519 0.324759 5.1875
      vertex -0.705075 0.208603 5.12044
    endloop
  endfacet
  facet normal -0.923869 0.331915 0.190519
    outer loop
      vertex -0.724443 0.168107 5.09706
      vertex -0.717003 0.183007 5.10718
      vertex -0.717547 0.182526 5.10538
    endloop
  endfacet
  facet normal -0.923897 0.331325 0.191408
    outer loop
      vertex -0.724443 0.168107 5.09706
      vertex -0.70909 0.19 5.13327
      vertex -0.717003 0.183007 5.10718
    endloop
  endfacet
  facet normal -0.923882 0.331409 0.191338
    outer loop
      vertex -0.70909 0.19 5.13327
      vertex -0.724443 -0.631891 6.4827
      vertex -0.649519 0.324759 5.1875
    endloop
  endfacet
  facet normal -0.923878 0.331418 0.191344
    outer loop
      vertex -0.724443 -0.631891 6.4827
      vertex -0.70909 0.19 5.13327
      vertex -0.724443 0.168107 5.09706
    endloop
  endfacet
  facet normal -0.608761 0.687065 0.396676
    outer loop
      vertex -0.375 0.5625 5.32476
      vertex -0.474008 0.474008 5.32609
      vertex -0.53033 -0.34072 6.65081
    endloop
  endfacet
  facet normal -0.608778 0.687083 0.396618
    outer loop
      vertex -0.375 0.5625 5.32476
      vertex -0.459329 0.493993 5.314
      vertex -0.474008 0.474008 5.32609
    endloop
  endfacet
  facet normal -0.608759 0.687045 0.396713
    outer loop
      vertex -0.459329 0.493993 5.314
      vertex -0.375 0.5625 5.32476
      vertex -0.44144 0.518349 5.29927
    endloop
  endfacet
  facet normal -0.60881 0.687034 0.396655
    outer loop
      vertex -0.492605 0.469872 5.30471
      vertex -0.53033 -0.34072 6.65081
      vertex -0.474008 0.474008 5.32609
    endloop
  endfacet
  facet normal -0.608908 0.686835 0.39685
    outer loop
      vertex -0.53033 0.459279 5.26516
      vertex -0.492605 0.469872 5.30471
      vertex -0.508003 0.466448 5.28701
    endloop
  endfacet
  facet normal -0.608779 0.687054 0.396668
    outer loop
      vertex -0.492605 0.469872 5.30471
      vertex -0.53033 0.459279 5.26516
      vertex -0.53033 -0.34072 6.65081
    endloop
  endfacet
  facet normal -0.608758 0.687107 0.396607
    outer loop
      vertex -0.53033 0.459279 5.26516
      vertex -0.508003 0.466448 5.28701
      vertex -0.50403 0.476756 5.27525
    endloop
  endfacet
  facet normal -2.58246e-05 -0.500006 0.866022
    outer loop
      vertex -0.53033 -0.34072 6.65081
      vertex -0.53033 -1.25928 6.12047
      vertex -0.194114 -1.42739 6.02342
    endloop
  endfacet
  facet normal 0 -0.500061 0.86599
    outer loop
      vertex 0 -0.15048 6.76064
      vertex -0.194114 -0.172612 6.74786
      vertex 0.194114 -0.172612 6.74786
    endloop
  endfacet
  facet normal 0.130533 0.858616 0.495722
    outer loop
      vertex 0 0.649519 5.375
      vertex 0 -0.15048 6.76064
      vertex 0.194114 -0.172612 6.74786
    endloop
  endfacet
  facet normal 1.75288e-05 -0.499994 0.866029
    outer loop
      vertex 0.53033 -1.25928 6.12047
      vertex 0.194114 -1.42739 6.02342
      vertex 0.375 -1.3625 6.06088
    endloop
  endfacet
  facet normal -1.63292e-05 -0.499997 0.866027
    outer loop
      vertex 0.194114 -0.172612 6.74786
      vertex 0.194114 -1.42739 6.02342
      vertex 0.53033 -0.34072 6.65081
    endloop
  endfacet
  facet normal 2.58246e-05 -0.500006 0.866022
    outer loop
      vertex 0.53033 -0.34072 6.65081
      vertex 0.194114 -1.42739 6.02342
      vertex 0.53033 -1.25928 6.12047
    endloop
  endfacet
  facet normal -2.46026e-06 -0.500006 0.866022
    outer loop
      vertex 0.53033 -0.34072 6.65081
      vertex 0.53033 -1.25928 6.12047
      vertex 0.724443 -0.631891 6.4827
    endloop
  endfacet
  facet normal 0.991444 -0.113044 -0.065266
    outer loop
      vertex 0.75 -0.799999 6.38564
      vertex 0.724443 -0.968107 6.28858
      vertex 0.75 0 5
    endloop
  endfacet
  facet normal -0.000878512 0.499749 -0.86617
    outer loop
      vertex 0.534848 0.444676 5.25673
      vertex 0.52903 0.450732 5.26023
      vertex 0.53033 0.459279 5.26516
    endloop
  endfacet
  facet normal 0 0.499649 -0.866228
    outer loop
      vertex 0.52903 0.450732 5.26023
      vertex 0.520819 0.459279 5.26516
      vertex 0.53033 0.459279 5.26516
    endloop
  endfacet
  facet normal 0 0.499649 -0.866228
    outer loop
      vertex -0.52903 0.450732 5.26023
      vertex -0.53033 0.459279 5.26516
      vertex -0.520819 0.459279 5.26516
    endloop
  endfacet
  facet normal -1.61598e-05 0.500021 -0.866013
    outer loop
      vertex -0.75 0 5
      vertex -0.724443 0.145381 5.08394
      vertex -0.743583 2.07386e-07 5
    endloop
  endfacet
  facet normal 0.000330605 0.499975 -0.86604
    outer loop
      vertex -0.724443 0.145381 5.08394
      vertex -0.75 0 5
      vertex -0.724443 0.168107 5.09706
    endloop
  endfacet
  facet normal -0.608753 -0.687069 -0.396681
    outer loop
      vertex -0.391565 -0.636808 4.82937
      vertex -0.375 -1.3625 6.06088
      vertex -0.53033 -1.25928 6.12047
    endloop
  endfacet
  facet normal -0.60883 -0.687019 -0.39665
    outer loop
      vertex -0.375 -1.3625 6.06088
      vertex -0.391565 -0.636808 4.82937
      vertex -0.375 -0.649519 4.82596
    endloop
  endfacet
  facet normal 0.000811775 0.499448 -0.866344
    outer loop
      vertex -0.618813 0.357272 5.20627
      vertex -0.53033 0.459279 5.26516
      vertex -0.551896 0.426929 5.24649
    endloop
  endfacet
  facet normal -6.50412e-05 0.500018 -0.866015
    outer loop
      vertex -0.618813 0.357272 5.20627
      vertex -0.649519 0.324759 5.1875
      vertex -0.53033 0.459279 5.26516
    endloop
  endfacet
  facet normal -0.000120597 0.500058 -0.865992
    outer loop
      vertex -0.702658 0.212769 5.12284
      vertex -0.649519 0.324759 5.1875
      vertex -0.618813 0.357272 5.20627
    endloop
  endfacet
  facet normal -0.0104696 0.503708 -0.86381
    outer loop
      vertex -0.649519 0.324759 5.1875
      vertex -0.702658 0.212769 5.12284
      vertex -0.705075 0.208603 5.12044
    endloop
  endfacet
  facet normal 0.000664475 0.499545 -0.866288
    outer loop
      vertex -0.719592 0.175384 5.10126
      vertex -0.724443 0.168107 5.09706
      vertex -0.717547 0.182526 5.10538
    endloop
  endfacet
  facet normal -0.000110306 -0.49995 0.866054
    outer loop
      vertex -0.649519 -0.47524 6.57314
      vertex -0.724443 -0.631891 6.4827
      vertex -0.53033 -0.34072 6.65081
    endloop
  endfacet
  facet normal -0.382676 0.800106 0.461941
    outer loop
      vertex -0.375 0.5625 5.32476
      vertex -0.375 -0.237499 6.7104
      vertex -0.194114 -0.172612 6.74786
    endloop
  endfacet
  facet normal -0.000202839 0.500375 -0.865809
    outer loop
      vertex -0.333139 0.577013 5.33314
      vertex -0.194114 0.627387 5.36222
      vertex -0.234947 0.60697 5.35043
    endloop
  endfacet
  facet normal 0.000915186 0.49806 -0.867142
    outer loop
      vertex -0.333139 0.577013 5.33314
      vertex -0.375 0.5625 5.32476
      vertex -0.194114 0.627387 5.36222
    endloop
  endfacet
  facet normal 4.80176e-05 0.499937 -0.866062
    outer loop
      vertex -0.375 0.5625 5.32476
      vertex -0.333139 0.577013 5.33314
      vertex -0.44144 0.518349 5.29927
    endloop
  endfacet
  facet normal 0.00131103 0.498506 -0.866885
    outer loop
      vertex -0.512029 0.46843 5.27045
      vertex -0.53033 0.459279 5.26516
      vertex -0.50403 0.476756 5.27525
    endloop
  endfacet
  facet normal 0.382688 -0.800102 -0.461939
    outer loop
      vertex 0.194114 -1.42739 6.02342
      vertex 0.375 -0.649519 4.82596
      vertex 0.375 -1.3625 6.06088
    endloop
  endfacet
  facet normal 0.382686 -0.800102 -0.461939
    outer loop
      vertex 0.375 -0.649519 4.82596
      vertex 0.194114 -1.42739 6.02342
      vertex 0.194114 -0.724443 4.80588
    endloop
  endfacet
  facet normal -0.130442 -0.858626 -0.495728
    outer loop
      vertex -0.170462 -0.727557 4.80505
      vertex -0.194114 -1.42739 6.02342
      vertex -0.194114 -0.724443 4.80588
    endloop
  endfacet
  facet normal -0.130524 -0.858616 -0.495724
    outer loop
      vertex -0.194114 -1.42739 6.02342
      vertex -0.170462 -0.727557 4.80505
      vertex 0 -1.44952 6.01064
    endloop
  endfacet
  facet normal 0.130523 -0.858616 -0.495724
    outer loop
      vertex 0.170462 -0.727557 4.80505
      vertex 0 -1.44952 6.01064
      vertex 0 -0.75 4.79904
    endloop
  endfacet
  facet normal 0.608753 -0.687069 -0.396681
    outer loop
      vertex 0.375 -1.3625 6.06088
      vertex 0.391565 -0.636808 4.82937
      vertex 0.53033 -1.25928 6.12047
    endloop
  endfacet
  facet normal 0.60883 -0.687019 -0.39665
    outer loop
      vertex 0.391565 -0.636808 4.82937
      vertex 0.375 -1.3625 6.06088
      vertex 0.375 -0.649519 4.82596
    endloop
  endfacet
  facet normal 0.793358 0.527197 0.304377
    outer loop
      vertex 0.649519 0.324759 5.1875
      vertex 0.53033 -0.34072 6.65081
      vertex 0.649519 -0.47524 6.57314
    endloop
  endfacet
  facet normal 0.000110306 -0.49995 0.866054
    outer loop
      vertex 0.649519 -0.47524 6.57314
      vertex 0.53033 -0.34072 6.65081
      vertex 0.724443 -0.631891 6.4827
    endloop
  endfacet
  facet normal 4.26656e-06 -0.499966 0.866045
    outer loop
      vertex 0.375 -0.237499 6.7104
      vertex 0.194114 -0.172612 6.74786
      vertex 0.53033 -0.34072 6.65081
    endloop
  endfacet
  facet normal 0.608755 0.687068 0.396679
    outer loop
      vertex 0.375 0.5625 5.32476
      vertex 0.375 -0.237499 6.7104
      vertex 0.53033 -0.34072 6.65081
    endloop
  endfacet
  facet normal 0.923857 -0.331465 -0.191362
    outer loop
      vertex 0.724443 -0.968107 6.28858
      vertex 0.649519 -0.375 4.89952
      vertex 0.654086 -0.363974 4.90247
    endloop
  endfacet
  facet normal 0.923882 -0.331409 -0.191339
    outer loop
      vertex 0.649519 -0.375 4.89952
      vertex 0.724443 -0.968107 6.28858
      vertex 0.649519 -1.12476 6.19814
    endloop
  endfacet
  facet normal 0.793293 -0.52727 -0.30442
    outer loop
      vertex 0.649519 -1.12476 6.19814
      vertex 0.641834 -0.385015 4.89684
      vertex 0.649519 -0.375 4.89952
    endloop
  endfacet
  facet normal 0.793358 -0.527197 -0.304379
    outer loop
      vertex 0.641834 -0.385015 4.89684
      vertex 0.649519 -1.12476 6.19814
      vertex 0.53033 -1.25928 6.12047
    endloop
  endfacet
  facet normal 0.79335 0.527208 0.304381
    outer loop
      vertex 0.53033 -0.34072 6.65081
      vertex 0.576533 0.377137 5.28701
      vertex 0.53033 0.459279 5.26516
    endloop
  endfacet
  facet normal 0.793346 0.527212 0.304383
    outer loop
      vertex 0.605296 0.333854 5.28701
      vertex 0.53033 -0.34072 6.65081
      vertex 0.649519 0.324759 5.1875
    endloop
  endfacet
  facet normal 0.793403 0.527144 0.304353
    outer loop
      vertex 0.594959 0.3435 5.29725
      vertex 0.53033 -0.34072 6.65081
      vertex 0.605296 0.333854 5.28701
    endloop
  endfacet
  facet normal 0.793322 0.52724 0.304397
    outer loop
      vertex 0.576533 0.377137 5.28701
      vertex 0.53033 -0.34072 6.65081
      vertex 0.594959 0.3435 5.29725
    endloop
  endfacet
  facet normal 0.79334 0.527208 0.304407
    outer loop
      vertex 0.611771 0.353206 5.23662
      vertex 0.53033 0.459279 5.26516
      vertex 0.576533 0.377137 5.28701
    endloop
  endfacet
  facet normal 0.793349 0.527234 0.304338
    outer loop
      vertex 0.611771 0.353206 5.23662
      vertex 0.649519 0.324759 5.1875
      vertex 0.53033 0.459279 5.26516
    endloop
  endfacet
  facet normal 0.793365 0.527188 0.304377
    outer loop
      vertex 0.606647 0.337892 5.2765
      vertex 0.649519 0.324759 5.1875
      vertex 0.611771 0.353206 5.23662
    endloop
  endfacet
  facet normal 0.793475 0.526972 0.304462
    outer loop
      vertex 0.649519 0.324759 5.1875
      vertex 0.606647 0.337892 5.2765
      vertex 0.605296 0.333854 5.28701
    endloop
  endfacet
  facet normal -0.000664475 0.499545 -0.866288
    outer loop
      vertex 0.719592 0.175384 5.10126
      vertex 0.717547 0.182526 5.10538
      vertex 0.724443 0.168107 5.09706
    endloop
  endfacet
  facet normal 0.0104696 0.503708 -0.86381
    outer loop
      vertex 0.702658 0.212769 5.12284
      vertex 0.649519 0.324759 5.1875
      vertex 0.705075 0.208603 5.12044
    endloop
  endfacet
  facet normal 0.000120597 0.500058 -0.865992
    outer loop
      vertex 0.618813 0.357272 5.20627
      vertex 0.649519 0.324759 5.1875
      vertex 0.702658 0.212769 5.12284
    endloop
  endfacet
  facet normal 6.50412e-05 0.500018 -0.866015
    outer loop
      vertex 0.618813 0.357272 5.20627
      vertex 0.53033 0.459279 5.26516
      vertex 0.649519 0.324759 5.1875
    endloop
  endfacet
  facet normal -0.000811775 0.499448 -0.866344
    outer loop
      vertex 0.53033 0.459279 5.26516
      vertex 0.618813 0.357272 5.20627
      vertex 0.551896 0.426929 5.24649
    endloop
  endfacet
  facet normal -0.000106104 -0.500023 0.866012
    outer loop
      vertex -0.649519 -1.12476 6.19814
      vertex -0.75 -0.799999 6.38564
      vertex -0.724443 -0.968107 6.28858
    endloop
  endfacet
  facet normal -0.923857 -0.331465 -0.191362
    outer loop
      vertex -0.649519 -0.375 4.89952
      vertex -0.724443 -0.968107 6.28858
      vertex -0.654086 -0.363974 4.90247
    endloop
  endfacet
  facet normal -0.923882 -0.331409 -0.191339
    outer loop
      vertex -0.724443 -0.968107 6.28858
      vertex -0.649519 -0.375 4.89952
      vertex -0.649519 -1.12476 6.19814
    endloop
  endfacet
  facet normal -0.793356 -0.527198 -0.30438
    outer loop
      vertex -0.53033 -1.25928 6.12047
      vertex -0.641834 -0.385015 4.89684
      vertex -0.53033 -0.53033 4.8579
    endloop
  endfacet
  facet normal -0.00268857 0.501219 -0.865316
    outer loop
      vertex -0.721261 0.169557 5.09789
      vertex -0.724443 0.168107 5.09706
      vertex -0.719592 0.175384 5.10126
    endloop
  endfacet
  facet normal -0.00193317 0.499974 -0.866038
    outer loop
      vertex -0.724443 0.168107 5.09706
      vertex -0.721261 0.169557 5.09789
      vertex -0.724443 0.145381 5.08394
    endloop
  endfacet
  facet normal -0.000371963 0.50004 -0.866002
    outer loop
      vertex -0.534848 0.444676 5.25673
      vertex -0.551896 0.426929 5.24649
      vertex -0.53033 0.459279 5.26516
    endloop
  endfacet
  facet normal -0.92388 0.331412 0.191341
    outer loop
      vertex -0.649519 0.324759 5.1875
      vertex -0.724443 -0.631891 6.4827
      vertex -0.649519 -0.47524 6.57314
    endloop
  endfacet
  facet normal 2.46026e-06 -0.500006 0.866022
    outer loop
      vertex -0.53033 -0.34072 6.65081
      vertex -0.724443 -0.631891 6.4827
      vertex -0.53033 -1.25928 6.12047
    endloop
  endfacet
  facet normal -0.793358 0.527197 0.304377
    outer loop
      vertex -0.649519 0.324759 5.1875
      vertex -0.649519 -0.47524 6.57314
      vertex -0.53033 -0.34072 6.65081
    endloop
  endfacet
  facet normal -0.79334 0.527208 0.304407
    outer loop
      vertex -0.53033 0.459279 5.26516
      vertex -0.611771 0.353206 5.23662
      vertex -0.576533 0.377137 5.28701
    endloop
  endfacet
  facet normal -0.793475 0.526972 0.304462
    outer loop
      vertex -0.606647 0.337892 5.2765
      vertex -0.649519 0.324759 5.1875
      vertex -0.605296 0.333854 5.28701
    endloop
  endfacet
  facet normal -0.793365 0.527188 0.304377
    outer loop
      vertex -0.611771 0.353206 5.23662
      vertex -0.649519 0.324759 5.1875
      vertex -0.606647 0.337892 5.2765
    endloop
  endfacet
  facet normal -0.793349 0.527234 0.304338
    outer loop
      vertex -0.649519 0.324759 5.1875
      vertex -0.611771 0.353206 5.23662
      vertex -0.53033 0.459279 5.26516
    endloop
  endfacet
  facet normal -0.793322 0.52724 0.304397
    outer loop
      vertex -0.53033 -0.34072 6.65081
      vertex -0.576533 0.377137 5.28701
      vertex -0.594959 0.3435 5.29725
    endloop
  endfacet
  facet normal -0.79335 0.527208 0.304381
    outer loop
      vertex -0.576533 0.377137 5.28701
      vertex -0.53033 -0.34072 6.65081
      vertex -0.53033 0.459279 5.26516
    endloop
  endfacet
  facet normal -0.793403 0.527144 0.304353
    outer loop
      vertex -0.605296 0.333854 5.28701
      vertex -0.53033 -0.34072 6.65081
      vertex -0.594959 0.3435 5.29725
    endloop
  endfacet
  facet normal -0.793346 0.527212 0.304383
    outer loop
      vertex -0.53033 -0.34072 6.65081
      vertex -0.605296 0.333854 5.28701
      vertex -0.649519 0.324759 5.1875
    endloop
  endfacet
  facet normal -0.130523 -0.858616 -0.495724
    outer loop
      vertex 0 -1.44952 6.01064
      vertex -0.170462 -0.727557 4.80505
      vertex 0 -0.75 4.79904
    endloop
  endfacet
  facet normal 0.130524 -0.858616 -0.495724
    outer loop
      vertex 0.170462 -0.727557 4.80505
      vertex 0.194114 -1.42739 6.02342
      vertex 0 -1.44952 6.01064
    endloop
  endfacet
  facet normal 0.130442 -0.858626 -0.495728
    outer loop
      vertex 0.194114 -1.42739 6.02342
      vertex 0.170462 -0.727557 4.80505
      vertex 0.194114 -0.724443 4.80588
    endloop
  endfacet
  facet normal 0 -0.500095 0.865971
    outer loop
      vertex 0.194114 -1.42739 6.02342
      vertex -0.194114 -1.42739 6.02342
      vertex 0 -1.44952 6.01064
    endloop
  endfacet
  facet normal 0.793356 -0.527198 -0.30438
    outer loop
      vertex 0.641834 -0.385015 4.89684
      vertex 0.53033 -1.25928 6.12047
      vertex 0.53033 -0.53033 4.8579
    endloop
  endfacet
  facet normal -0.382676 0.800106 0.461941
    outer loop
      vertex -0.194114 0.627387 5.36222
      vertex -0.375 0.5625 5.32476
      vertex -0.194114 -0.172612 6.74786
    endloop
  endfacet
  facet normal -0.130533 0.858616 0.495722
    outer loop
      vertex -0.194114 0.627387 5.36222
      vertex -0.194114 -0.172612 6.74786
      vertex 0 0.649519 5.375
    endloop
  endfacet
  facet normal -0.923884 -0.331403 -0.191336
    outer loop
      vertex -0.654086 -0.363974 4.90247
      vertex -0.724443 -0.968107 6.28858
      vertex -0.724443 -0.194114 4.94799
    endloop
  endfacet
  facet normal -0.991444 -0.113046 -0.0652673
    outer loop
      vertex -0.724443 -0.968107 6.28858
      vertex -0.75 0 5
      vertex -0.724443 -0.194114 4.94799
    endloop
  endfacet
  facet normal -0.793293 -0.52727 -0.30442
    outer loop
      vertex -0.641834 -0.385015 4.89684
      vertex -0.649519 -1.12476 6.19814
      vertex -0.649519 -0.375 4.89952
    endloop
  endfacet
  facet normal -0.793358 -0.527197 -0.304379
    outer loop
      vertex -0.649519 -1.12476 6.19814
      vertex -0.641834 -0.385015 4.89684
      vertex -0.53033 -1.25928 6.12047
    endloop
  endfacet
  facet normal 5.79919e-05 -0.499985 0.866034
    outer loop
      vertex -0.53033 -1.25928 6.12047
      vertex -0.75 -0.799999 6.38564
      vertex -0.649519 -1.12476 6.19814
    endloop
  endfacet
  facet normal -0.991444 0.113041 0.0652721
    outer loop
      vertex -0.75 0 5
      vertex -0.743381 0.0015294 5.09789
      vertex -0.724443 0.168107 5.09706
    endloop
  endfacet
  facet normal -0.991398 0.113446 0.0652627
    outer loop
      vertex -0.75 0 5
      vertex -0.743583 0 5.09748
      vertex -0.743381 0.0015294 5.09789
    endloop
  endfacet
  facet normal -0.991964 0.108367 0.0652999
    outer loop
      vertex -0.75 0 5
      vertex -0.743568 -0.000109752 5.09789
      vertex -0.743583 0 5.09748
    endloop
  endfacet
  facet normal -0.991442 0.113056 0.0652709
    outer loop
      vertex -0.743568 -0.000109752 5.09789
      vertex -0.75 0 5
      vertex -0.724443 -0.631891 6.4827
    endloop
  endfacet
  facet normal -0.991364 0.113599 0.0655185
    outer loop
      vertex -0.724443 -0.631891 6.4827
      vertex -0.743381 0.0015294 5.09789
      vertex -0.743547 0 5.09803
    endloop
  endfacet
  facet normal -0.991445 0.113041 0.0652643
    outer loop
      vertex -0.743381 0.0015294 5.09789
      vertex -0.724443 -0.631891 6.4827
      vertex -0.724443 0.168107 5.09706
    endloop
  endfacet
  facet normal -0.992024 0.10894 0.0634011
    outer loop
      vertex -0.724443 -0.631891 6.4827
      vertex -0.743547 0 5.09803
      vertex -0.743568 -0.000109752 5.09789
    endloop
  endfacet
  facet normal -0.991444 0.113044 0.065266
    outer loop
      vertex -0.75 0 5
      vertex -0.75 -0.799999 6.38564
      vertex -0.724443 -0.631891 6.4827
    endloop
  endfacet
  facet normal 0 0.500019 -0.866014
    outer loop
      vertex 0.0954222 0.63454 5.36635
      vertex 0.194114 0.627387 5.36222
      vertex 0.167864 0.627387 5.36222
    endloop
  endfacet
  facet normal 2.37437e-05 0.500195 -0.865913
    outer loop
      vertex 0 0.649519 5.375
      vertex 0.0954222 0.63454 5.36635
      vertex 0 0.643962 5.37179
    endloop
  endfacet
  facet normal 1.1078e-05 0.500134 -0.865948
    outer loop
      vertex 0.0954222 0.63454 5.36635
      vertex 0 0.649519 5.375
      vertex 0.194114 0.627387 5.36222
    endloop
  endfacet
  facet normal -2.37437e-05 0.500195 -0.865913
    outer loop
      vertex -0.0954222 0.63454 5.36635
      vertex 0 0.649519 5.375
      vertex 0 0.643962 5.37179
    endloop
  endfacet
  facet normal 0 0.500019 -0.866014
    outer loop
      vertex -0.194114 0.627387 5.36222
      vertex -0.0954222 0.63454 5.36635
      vertex -0.167864 0.627387 5.36222
    endloop
  endfacet
  facet normal -1.1078e-05 0.500134 -0.865948
    outer loop
      vertex -0.0954222 0.63454 5.36635
      vertex -0.194114 0.627387 5.36222
      vertex 0 0.649519 5.375
    endloop
  endfacet
  facet normal -0.923925 0.382573 0
    outer loop
      vertex 10.7756 0.194114 0
      vertex 10.8505 0.375 5
      vertex 10.8505 0.375 0
    endloop
  endfacet
  facet normal -0.923925 0.382573 0
    outer loop
      vertex 10.8505 0.375 5
      vertex 10.7756 0.194114 0
      vertex 10.7756 0.194114 5
    endloop
  endfacet
  facet normal 0.793326 0.608797 0
    outer loop
      vertex 12.1495 0.375 5
      vertex 12.0303 0.53033 0
      vertex 12.0303 0.53033 5
    endloop
  endfacet
  facet normal 0.793326 0.608797 0
    outer loop
      vertex 12.0303 0.53033 0
      vertex 12.1495 0.375 5
      vertex 12.1495 0.375 0
    endloop
  endfacet
  facet normal 0.991415 0.130749 0
    outer loop
      vertex 12.25 0 5
      vertex 12.2244 0.194114 0
      vertex 12.2244 0.194114 5
    endloop
  endfacet
  facet normal 0.991415 0.130749 0
    outer loop
      vertex 12.2244 0.194114 0
      vertex 12.25 0 5
      vertex 12.25 0 0
    endloop
  endfacet
  facet normal 0.130543 -0.991443 0
    outer loop
      vertex 11.6941 -0.724443 0
      vertex 11.5 -0.75 4.79904
      vertex 11.5 -0.75 0
    endloop
  endfacet
  facet normal 0.130505 -0.991448 -1.55142e-06
    outer loop
      vertex 11.5 -0.75 4.79904
      vertex 11.6941 -0.724443 0
      vertex 11.6705 -0.727557 4.80505
    endloop
  endfacet
  facet normal 0.130815 -0.991407 0
    outer loop
      vertex 11.6705 -0.727557 4.80505
      vertex 11.6941 -0.724443 0
      vertex 11.6941 -0.724443 4.80588
    endloop
  endfacet
  facet normal -0.60894 -0.793216 0
    outer loop
      vertex 10.9697 -0.53033 0
      vertex 11.1084 -0.636808 4.82937
      vertex 10.9697 -0.53033 4.8579
    endloop
  endfacet
  facet normal -0.607965 -0.793964 -4.44938e-05
    outer loop
      vertex 10.9697 -0.53033 0
      vertex 11.125 -0.649519 4.82596
      vertex 11.1084 -0.636808 4.82937
    endloop
  endfacet
  facet normal -0.608836 -0.793296 -0
    outer loop
      vertex 11.125 -0.649519 4.82596
      vertex 10.9697 -0.53033 0
      vertex 11.125 -0.649519 0
    endloop
  endfacet
  facet normal 0.923992 -0.382413 0
    outer loop
      vertex 12.1541 -0.363974 4.90247
      vertex 12.2244 -0.194114 0
      vertex 12.2244 -0.194114 4.94799
    endloop
  endfacet
  facet normal 0.922913 -0.385007 -0.000105362
    outer loop
      vertex 12.1495 -0.375 4.89952
      vertex 12.2244 -0.194114 0
      vertex 12.1541 -0.363974 4.90247
    endloop
  endfacet
  facet normal 0.923925 -0.382573 0
    outer loop
      vertex 12.2244 -0.194114 0
      vertex 12.1495 -0.375 4.89952
      vertex 12.1495 -0.375 0
    endloop
  endfacet
  facet normal 0.923925 0.382573 0
    outer loop
      vertex 12.2244 0.194114 5
      vertex 12.1495 0.375 0
      vertex 12.1495 0.375 5
    endloop
  endfacet
  facet normal 0.923925 0.382573 0
    outer loop
      vertex 12.1495 0.375 0
      vertex 12.2244 0.194114 5
      vertex 12.2244 0.194114 0
    endloop
  endfacet
  facet normal -0.792771 -0.609519 0
    outer loop
      vertex 10.8505 -0.375 0
      vertex 10.8582 -0.385015 4.89684
      vertex 10.8505 -0.375 4.89952
    endloop
  endfacet
  facet normal -0.793326 -0.608797 -0
    outer loop
      vertex 10.9697 -0.53033 4.8579
      vertex 10.8505 -0.375 0
      vertex 10.9697 -0.53033 0
    endloop
  endfacet
  facet normal -0.793364 -0.608748 2.51055e-06
    outer loop
      vertex 10.8505 -0.375 0
      vertex 10.9697 -0.53033 4.8579
      vertex 10.8582 -0.385015 4.89684
    endloop
  endfacet
  facet normal 0.792771 -0.609519 0
    outer loop
      vertex 12.1418 -0.385015 4.89684
      vertex 12.1495 -0.375 0
      vertex 12.1495 -0.375 4.89952
    endloop
  endfacet
  facet normal 0.793364 -0.608748 2.51055e-06
    outer loop
      vertex 12.0303 -0.53033 4.8579
      vertex 12.1495 -0.375 0
      vertex 12.1418 -0.385015 4.89684
    endloop
  endfacet
  facet normal 0.793326 -0.608797 0
    outer loop
      vertex 12.1495 -0.375 0
      vertex 12.0303 -0.53033 4.8579
      vertex 12.0303 -0.53033 0
    endloop
  endfacet
  facet normal -0.608836 0.793296 0
    outer loop
      vertex 11.125 0.649519 0
      vertex 10.9697 0.53033 5
      vertex 11.125 0.649519 5
    endloop
  endfacet
  facet normal -0.608836 0.793296 0
    outer loop
      vertex 10.9697 0.53033 5
      vertex 11.125 0.649519 0
      vertex 10.9697 0.53033 0
    endloop
  endfacet
  facet normal 0.608836 -0.793296 0
    outer loop
      vertex 12.0303 -0.53033 0
      vertex 11.875 -0.649519 4.82596
      vertex 11.875 -0.649519 0
    endloop
  endfacet
  facet normal 0.607965 -0.793964 -4.44938e-05
    outer loop
      vertex 11.875 -0.649519 4.82596
      vertex 12.0303 -0.53033 0
      vertex 11.8916 -0.636808 4.82937
    endloop
  endfacet
  facet normal 0.60894 -0.793216 0
    outer loop
      vertex 11.8916 -0.636808 4.82937
      vertex 12.0303 -0.53033 0
      vertex 12.0303 -0.53033 4.8579
    endloop
  endfacet
  facet normal -0.793326 0.608797 0
    outer loop
      vertex 10.8505 0.375 0
      vertex 10.9697 0.53033 5
      vertex 10.9697 0.53033 0
    endloop
  endfacet
  facet normal -0.793326 0.608797 0
    outer loop
      vertex 10.9697 0.53033 5
      vertex 10.8505 0.375 0
      vertex 10.8505 0.375 5
    endloop
  endfacet
  facet normal 0.382652 0.923893 -0
    outer loop
      vertex 11.875 0.649519 0
      vertex 11.6941 0.724443 5
      vertex 11.875 0.649519 5
    endloop
  endfacet
  facet normal 0.382652 0.923893 0
    outer loop
      vertex 11.6941 0.724443 5
      vertex 11.875 0.649519 0
      vertex 11.6941 0.724443 0
    endloop
  endfacet
  facet normal -0.130543 0.991443 0
    outer loop
      vertex 11.5 0.75 0
      vertex 11.3059 0.724443 5
      vertex 11.5 0.75 5
    endloop
  endfacet
  facet normal -0.130543 0.991443 0
    outer loop
      vertex 11.3059 0.724443 5
      vertex 11.5 0.75 0
      vertex 11.3059 0.724443 0
    endloop
  endfacet
  facet normal 0 0 -1
    outer loop
      vertex 12.2244 -0.194114 0
      vertex 12.2244 0.194114 0
      vertex 12.25 0 0
    endloop
  endfacet
  facet normal 0 0 -1
    outer loop
      vertex 12.1495 -0.375 0
      vertex 12.2244 0.194114 0
      vertex 12.2244 -0.194114 0
    endloop
  endfacet
  facet normal 0 0 -1
    outer loop
      vertex 12.1495 -0.375 0
      vertex 12.1495 0.375 0
      vertex 12.2244 0.194114 0
    endloop
  endfacet
  facet normal 0 0 -1
    outer loop
      vertex 12.0303 -0.53033 0
      vertex 12.1495 0.375 0
      vertex 12.1495 -0.375 0
    endloop
  endfacet
  facet normal 0 0 -1
    outer loop
      vertex 12.0303 -0.53033 0
      vertex 12.0303 0.53033 0
      vertex 12.1495 0.375 0
    endloop
  endfacet
  facet normal 0 0 -1
    outer loop
      vertex 11.875 -0.649519 0
      vertex 12.0303 0.53033 0
      vertex 12.0303 -0.53033 0
    endloop
  endfacet
  facet normal 0 0 -1
    outer loop
      vertex 11.875 -0.649519 0
      vertex 11.875 0.649519 0
      vertex 12.0303 0.53033 0
    endloop
  endfacet
  facet normal 0 0 -1
    outer loop
      vertex 11.6941 -0.724443 0
      vertex 11.875 0.649519 0
      vertex 11.875 -0.649519 0
    endloop
  endfacet
  facet normal 0 0 -1
    outer loop
      vertex 11.6941 -0.724443 0
      vertex 11.6941 0.724443 0
      vertex 11.875 0.649519 0
    endloop
  endfacet
  facet normal 0 0 -1
    outer loop
      vertex 11.5 -0.75 0
      vertex 11.6941 0.724443 0
      vertex 11.6941 -0.724443 0
    endloop
  endfacet
  facet normal 0 0 -1
    outer loop
      vertex 11.5 -0.75 0
      vertex 11.5 0.75 0
      vertex 11.6941 0.724443 0
    endloop
  endfacet
  facet normal 0 0 -1
    outer loop
      vertex 11.3059 -0.724443 0
      vertex 11.5 0.75 0
      vertex 11.5 -0.75 0
    endloop
  endfacet
  facet normal 0 0 -1
    outer loop
      vertex 11.3059 -0.724443 0
      vertex 11.3059 0.724443 0
      vertex 11.5 0.75 0
    endloop
  endfacet
  facet normal 0 0 -1
    outer loop
      vertex 11.125 -0.649519 0
      vertex 11.3059 0.724443 0
      vertex 11.3059 -0.724443 0
    endloop
  endfacet
  facet normal 0 0 -1
    outer loop
      vertex 11.125 -0.649519 0
      vertex 11.125 0.649519 0
      vertex 11.3059 0.724443 0
    endloop
  endfacet
  facet normal 0 0 -1
    outer loop
      vertex 10.9697 -0.53033 0
      vertex 11.125 0.649519 0
      vertex 11.125 -0.649519 0
    endloop
  endfacet
  facet normal 0 0 -1
    outer loop
      vertex 10.9697 -0.53033 0
      vertex 10.9697 0.53033 0
      vertex 11.125 0.649519 0
    endloop
  endfacet
  facet normal 0 0 -1
    outer loop
      vertex 10.8505 -0.375 0
      vertex 10.9697 0.53033 0
      vertex 10.9697 -0.53033 0
    endloop
  endfacet
  facet normal 0 0 -1
    outer loop
      vertex 10.8505 -0.375 0
      vertex 10.8505 0.375 0
      vertex 10.9697 0.53033 0
    endloop
  endfacet
  facet normal 0 0 -1
    outer loop
      vertex 10.7756 -0.194114 0
      vertex 10.8505 0.375 0
      vertex 10.8505 -0.375 0
    endloop
  endfacet
  facet normal 0 0 -1
    outer loop
      vertex 10.7756 -0.194114 0
      vertex 10.7756 0.194114 0
      vertex 10.8505 0.375 0
    endloop
  endfacet
  facet normal 0 -0 -1
    outer loop
      vertex 10.7756 0.194114 0
      vertex 10.7756 -0.194114 0
      vertex 10.75 0 0
    endloop
  endfacet
  facet normal 0.130543 0.991443 -0
    outer loop
      vertex 11.6941 0.724443 0
      vertex 11.5 0.75 5
      vertex 11.6941 0.724443 5
    endloop
  endfacet
  facet normal 0.130543 0.991443 0
    outer loop
      vertex 11.5 0.75 5
      vertex 11.6941 0.724443 0
      vertex 11.5 0.75 0
    endloop
  endfacet
  facet normal -0.382652 -0.923893 0
    outer loop
      vertex 11.125 -0.649519 0
      vertex 11.3059 -0.724443 4.80588
      vertex 11.125 -0.649519 4.82596
    endloop
  endfacet
  facet normal -0.382652 -0.923893 -0
    outer loop
      vertex 11.3059 -0.724443 4.80588
      vertex 11.125 -0.649519 0
      vertex 11.3059 -0.724443 0
    endloop
  endfacet
  facet normal -0.382652 0.923893 0
    outer loop
      vertex 11.3059 0.724443 0
      vertex 11.125 0.649519 5
      vertex 11.3059 0.724443 5
    endloop
  endfacet
  facet normal -0.382652 0.923893 0
    outer loop
      vertex 11.125 0.649519 5
      vertex 11.3059 0.724443 0
      vertex 11.125 0.649519 0
    endloop
  endfacet
  facet normal -0.991415 0.130749 0
    outer loop
      vertex 10.75 0 0
      vertex 10.7756 0.194114 5
      vertex 10.7756 0.194114 0
    endloop
  endfacet
  facet normal -0.991415 0.130749 0
    outer loop
      vertex 10.7756 0.194114 5
      vertex 10.75 0 0
      vertex 10.75 0 5
    endloop
  endfacet
  facet normal -0.991415 -0.130749 -0
    outer loop
      vertex 10.7756 -0.194114 4.94799
      vertex 10.75 0 0
      vertex 10.7756 -0.194114 0
    endloop
  endfacet
  facet normal -0.991415 -0.130749 0
    outer loop
      vertex 10.75 0 0
      vertex 10.7756 -0.194114 4.94799
      vertex 10.75 0 5
    endloop
  endfacet
  facet normal 0.608836 0.793296 -0
    outer loop
      vertex 12.0303 0.53033 0
      vertex 11.875 0.649519 5
      vertex 12.0303 0.53033 5
    endloop
  endfacet
  facet normal 0.608836 0.793296 0
    outer loop
      vertex 11.875 0.649519 5
      vertex 12.0303 0.53033 0
      vertex 11.875 0.649519 0
    endloop
  endfacet
  facet normal -0.130815 -0.991407 0
    outer loop
      vertex 11.3059 -0.724443 0
      vertex 11.3295 -0.727557 4.80505
      vertex 11.3059 -0.724443 4.80588
    endloop
  endfacet
  facet normal -0.130505 -0.991448 -1.55142e-06
    outer loop
      vertex 11.3059 -0.724443 0
      vertex 11.5 -0.75 4.79904
      vertex 11.3295 -0.727557 4.80505
    endloop
  endfacet
  facet normal -0.130543 -0.991443 -0
    outer loop
      vertex 11.5 -0.75 4.79904
      vertex 11.3059 -0.724443 0
      vertex 11.5 -0.75 0
    endloop
  endfacet
  facet normal 0.382652 -0.923893 0
    outer loop
      vertex 11.875 -0.649519 0
      vertex 11.6941 -0.724443 4.80588
      vertex 11.6941 -0.724443 0
    endloop
  endfacet
  facet normal 0.382652 -0.923893 0
    outer loop
      vertex 11.6941 -0.724443 4.80588
      vertex 11.875 -0.649519 0
      vertex 11.875 -0.649519 4.82596
    endloop
  endfacet
  facet normal -0.923992 -0.382413 0
    outer loop
      vertex 10.7756 -0.194114 0
      vertex 10.8459 -0.363974 4.90247
      vertex 10.7756 -0.194114 4.94799
    endloop
  endfacet
  facet normal -0.923925 -0.382573 -0
    outer loop
      vertex 10.8505 -0.375 4.89952
      vertex 10.7756 -0.194114 0
      vertex 10.8505 -0.375 0
    endloop
  endfacet
  facet normal -0.922913 -0.385007 -0.000105362
    outer loop
      vertex 10.7756 -0.194114 0
      vertex 10.8505 -0.375 4.89952
      vertex 10.8459 -0.363974 4.90247
    endloop
  endfacet
  facet normal 0 0 1
    outer loop
      vertex 12.2244 0.194114 5
      vertex 12.2436 2.07386e-07 5
      vertex 12.25 0 5
    endloop
  endfacet
  facet normal 0 0 1
    outer loop
      vertex 12.2244 0.194114 5
      vertex 12.2182 0.192453 5
      vertex 12.2436 2.07386e-07 5
    endloop
  endfacet
  facet normal 0 0 1
    outer loop
      vertex 12.1495 0.375 5
      vertex 12.2182 0.192453 5
      vertex 12.2244 0.194114 5
    endloop
  endfacet
  facet normal 0 0 1
    outer loop
      vertex 12.1495 0.375 5
      vertex 12.144 0.371791 5
      vertex 12.2182 0.192453 5
    endloop
  endfacet
  facet normal 0 0 1
    outer loop
      vertex 12.0303 0.53033 5
      vertex 12.144 0.371791 5
      vertex 12.1495 0.375 5
    endloop
  endfacet
  facet normal 0 0 1
    outer loop
      vertex 12.0303 0.53033 5
      vertex 12.0258 0.525792 5
      vertex 12.144 0.371791 5
    endloop
  endfacet
  facet normal 0 0 1
    outer loop
      vertex 11.875 0.649519 5
      vertex 12.0258 0.525792 5
      vertex 12.0303 0.53033 5
    endloop
  endfacet
  facet normal 0 0 1
    outer loop
      vertex 11.875 0.649519 5
      vertex 11.8718 0.643962 5
      vertex 12.0258 0.525792 5
    endloop
  endfacet
  facet normal 0 0 1
    outer loop
      vertex 11.6941 0.724443 5
      vertex 11.8718 0.643962 5
      vertex 11.875 0.649519 5
    endloop
  endfacet
  facet normal 0 0 1
    outer loop
      vertex 11.6941 0.724443 5
      vertex 11.6925 0.718246 5
      vertex 11.8718 0.643962 5
    endloop
  endfacet
  facet normal 0 0 1
    outer loop
      vertex 11.5 0.75 5
      vertex 11.6925 0.718246 5
      vertex 11.6941 0.724443 5
    endloop
  endfacet
  facet normal 0 0 1
    outer loop
      vertex 11.5 0.75 5
      vertex 11.5 0.743583 5
      vertex 11.6925 0.718246 5
    endloop
  endfacet
  facet normal 0 0 1
    outer loop
      vertex 11.5 0.75 5
      vertex 11.3075 0.718246 5
      vertex 11.5 0.743583 5
    endloop
  endfacet
  facet normal -0 0 1
    outer loop
      vertex 11.3059 0.724443 5
      vertex 11.3075 0.718246 5
      vertex 11.5 0.75 5
    endloop
  endfacet
  facet normal 0 0 1
    outer loop
      vertex 11.3059 0.724443 5
      vertex 11.1282 0.643962 5
      vertex 11.3075 0.718246 5
    endloop
  endfacet
  facet normal -0 0 1
    outer loop
      vertex 11.125 0.649519 5
      vertex 11.1282 0.643962 5
      vertex 11.3059 0.724443 5
    endloop
  endfacet
  facet normal 0 0 1
    outer loop
      vertex 11.125 0.649519 5
      vertex 10.9742 0.525792 5
      vertex 11.1282 0.643962 5
    endloop
  endfacet
  facet normal -0 0 1
    outer loop
      vertex 10.9697 0.53033 5
      vertex 10.9742 0.525792 5
      vertex 11.125 0.649519 5
    endloop
  endfacet
  facet normal 0 0 1
    outer loop
      vertex 10.9697 0.53033 5
      vertex 10.856 0.371791 5
      vertex 10.9742 0.525792 5
    endloop
  endfacet
  facet normal -0 0 1
    outer loop
      vertex 10.8505 0.375 5
      vertex 10.856 0.371791 5
      vertex 10.9697 0.53033 5
    endloop
  endfacet
  facet normal 0 0 1
    outer loop
      vertex 10.8505 0.375 5
      vertex 10.7818 0.192453 5
      vertex 10.856 0.371791 5
    endloop
  endfacet
  facet normal -0 0 1
    outer loop
      vertex 10.7756 0.194114 5
      vertex 10.7818 0.192453 5
      vertex 10.8505 0.375 5
    endloop
  endfacet
  facet normal 0 0 1
    outer loop
      vertex 10.7756 0.194114 5
      vertex 10.7564 2.07386e-07 5
      vertex 10.7818 0.192453 5
    endloop
  endfacet
  facet normal 0 -0 1
    outer loop
      vertex 10.7564 2.07386e-07 5
      vertex 10.7756 0.194114 5
      vertex 10.75 0 5
    endloop
  endfacet
  facet normal 0.991415 -0.130749 0
    outer loop
      vertex 12.2244 -0.194114 4.94799
      vertex 12.25 0 0
      vertex 12.25 0 5
    endloop
  endfacet
  facet normal 0.991415 -0.130749 0
    outer loop
      vertex 12.25 0 0
      vertex 12.2244 -0.194114 4.94799
      vertex 12.2244 -0.194114 0
    endloop
  endfacet
  facet normal -0.813733 0 0.581238
    outer loop
      vertex 10.7565 0 5.09803
      vertex 10.7564 0 5.09789
      vertex 10.7564 -0.000109752 5.09789
    endloop
  endfacet
  facet normal -0.528291 0.688061 0.497475
    outer loop
      vertex 11.1669 0.577013 5.33314
      vertex 11.1535 0.600077 5.28701
      vertex 11.0586 0.518349 5.29927
    endloop
  endfacet
  facet normal -0.527691 0.688607 0.497356
    outer loop
      vertex 11.0586 0.518349 5.29927
      vertex 11.01 0.489961 5.28701
      vertex 11.0407 0.493993 5.314
    endloop
  endfacet
  facet normal -0.527461 0.687371 0.499305
    outer loop
      vertex 11.01 0.489961 5.28701
      vertex 11.0586 0.518349 5.29927
      vertex 11.1535 0.600077 5.28701
    endloop
  endfacet
  facet normal 0.588388 0.76677 0.256641
    outer loop
      vertex 11.8718 0.643962 5.09789
      vertex 11.8465 0.600077 5.28701
      vertex 11.99 0.489961 5.28701
    endloop
  endfacet
  facet normal -0.588375 0.766775 0.256653
    outer loop
      vertex 11.1282 0.643962 5.09789
      vertex 10.9742 0.525792 5.09789
      vertex 11.01 0.489961 5.28701
    endloop
  endfacet
  facet normal -0.991558 0.129666 0
    outer loop
      vertex 10.7566 0.0015294 5.09789
      vertex 10.7564 0 5.09748
      vertex 10.7564 0 5.09789
    endloop
  endfacet
  facet normal -0.991437 0.130585 0
    outer loop
      vertex 10.7756 0.145381 5.08394
      vertex 10.7818 0.192453 5.09789
      vertex 10.7818 0.192453 5
    endloop
  endfacet
  facet normal -0.990883 0.13416 -0.0123101
    outer loop
      vertex 10.7818 0.192453 5.09789
      vertex 10.7756 0.145381 5.08394
      vertex 10.7787 0.169557 5.09789
    endloop
  endfacet
  facet normal -0.991403 0.130846 0.000148607
    outer loop
      vertex 10.7756 0.145381 5.08394
      vertex 10.7818 0.192453 5
      vertex 10.7564 2.07386e-07 5
    endloop
  endfacet
  facet normal -0.924033 0.382313 0
    outer loop
      vertex 10.7818 0.192453 5
      vertex 10.856 0.371791 5.09789
      vertex 10.856 0.371791 5
    endloop
  endfacet
  facet normal -0.924033 0.382313 0
    outer loop
      vertex 10.856 0.371791 5.09789
      vertex 10.7818 0.192453 5
      vertex 10.7818 0.192453 5.09789
    endloop
  endfacet
  facet normal 0.802923 0.331339 0.495509
    outer loop
      vertex 12.1001 0.346455 5.28701
      vertex 12.095 0.3435 5.29725
      vertex 12.1053 0.333854 5.28701
    endloop
  endfacet
  facet normal 0.894444 0.369106 0.252448
    outer loop
      vertex 12.1066 0.337892 5.2765
      vertex 12.1001 0.346455 5.28701
      vertex 12.1053 0.333854 5.28701
    endloop
  endfacet
  facet normal 0.894053 0.36745 0.256221
    outer loop
      vertex 12.2051 0.208603 5.12044
      vertex 12.2182 0.192453 5.09789
      vertex 12.2027 0.212769 5.12284
    endloop
  endfacet
  facet normal 0.893888 0.368384 0.255456
    outer loop
      vertex 12.2182 0.192453 5.09789
      vertex 12.2051 0.208603 5.12044
      vertex 12.2091 0.19 5.13327
    endloop
  endfacet
  facet normal -0.688873 0.527356 0.497343
    outer loop
      vertex 11.01 0.489961 5.28701
      vertex 10.992 0.466448 5.28701
      vertex 11.0074 0.469872 5.30471
    endloop
  endfacet
  facet normal -0.688419 0.529519 0.49567
    outer loop
      vertex 10.9235 0.377137 5.28701
      vertex 10.8999 0.346455 5.28701
      vertex 10.905 0.3435 5.29725
    endloop
  endfacet
  facet normal 0.813733 0 0.581238
    outer loop
      vertex 12.2436 0 5.09789
      vertex 12.2435 0 5.09803
      vertex 12.2436 -0.000109752 5.09789
    endloop
  endfacet
  facet normal -0.126174 0.958193 0.256801
    outer loop
      vertex 11.5 0.692909 5.28701
      vertex 11.3075 0.718246 5.09789
      vertex 11.3207 0.669299 5.28701
    endloop
  endfacet
  facet normal 0.793277 0.608862 0
    outer loop
      vertex 12.144 0.371791 5.09789
      vertex 12.0258 0.525792 5
      vertex 12.0258 0.525792 5.09789
    endloop
  endfacet
  facet normal 0.793277 0.608862 0
    outer loop
      vertex 12.0258 0.525792 5
      vertex 12.144 0.371791 5.09789
      vertex 12.144 0.371791 5
    endloop
  endfacet
  facet normal 0.76671 0.588471 0.256629
    outer loop
      vertex 12.0258 0.525792 5.09789
      vertex 11.99 0.489961 5.28701
      vertex 12.144 0.371791 5.09789
    endloop
  endfacet
  facet normal 0.688873 0.527356 0.497343
    outer loop
      vertex 12.008 0.466448 5.28701
      vertex 11.99 0.489961 5.28701
      vertex 11.9926 0.469872 5.30471
    endloop
  endfacet
  facet normal 0.688419 0.529519 0.49567
    outer loop
      vertex 12.1001 0.346455 5.28701
      vertex 12.0765 0.377137 5.28701
      vertex 12.095 0.3435 5.29725
    endloop
  endfacet
  facet normal 0.688907 0.527336 0.497316
    outer loop
      vertex 11.99 0.489961 5.28701
      vertex 11.974 0.474008 5.32609
      vertex 11.9926 0.469872 5.30471
    endloop
  endfacet
  facet normal 0.369928 0.892898 0.256684
    outer loop
      vertex 11.8718 0.643962 5.09789
      vertex 11.6925 0.718246 5.09789
      vertex 11.8465 0.600077 5.28701
    endloop
  endfacet
  facet normal 0.924033 0.382313 0
    outer loop
      vertex 12.2182 0.192453 5.09789
      vertex 12.144 0.371791 5
      vertex 12.144 0.371791 5.09789
    endloop
  endfacet
  facet normal 0.924033 0.382313 0
    outer loop
      vertex 12.144 0.371791 5
      vertex 12.2182 0.192453 5.09789
      vertex 12.2182 0.192453 5
    endloop
  endfacet
  facet normal 0.332081 0.801915 0.496644
    outer loop
      vertex 11.6793 0.669299 5.28701
      vertex 11.6681 0.627364 5.36221
      vertex 11.7248 0.610071 5.35222
    endloop
  endfacet
  facet normal 0.588375 0.766775 0.256653
    outer loop
      vertex 12.0258 0.525792 5.09789
      vertex 11.8718 0.643962 5.09789
      vertex 11.99 0.489961 5.28701
    endloop
  endfacet
  facet normal 0.958123 0.129477 0.255413
    outer loop
      vertex 12.2182 0.192453 5.09789
      vertex 12.2091 0.19 5.13327
      vertex 12.217 0.183007 5.10718
    endloop
  endfacet
  facet normal 0.809165 0.105815 0.577975
    outer loop
      vertex 12.2436 0 5.09789
      vertex 12.2434 0.0015294 5.09789
      vertex 12.2435 0 5.09803
    endloop
  endfacet
  facet normal 0.964786 0.11166 0.238158
    outer loop
      vertex 12.2175 0.182526 5.10538
      vertex 12.2182 0.192453 5.09789
      vertex 12.217 0.183007 5.10718
    endloop
  endfacet
  facet normal 0.956296 0.130133 0.261847
    outer loop
      vertex 12.2196 0.175384 5.10126
      vertex 12.2182 0.192453 5.09789
      vertex 12.2175 0.182526 5.10538
    endloop
  endfacet
  facet normal 0.957204 0.129601 0.258773
    outer loop
      vertex 12.2182 0.192453 5.09789
      vertex 12.2196 0.175384 5.10126
      vertex 12.2213 0.169557 5.09789
    endloop
  endfacet
  facet normal 0.895148 0.364457 0.256672
    outer loop
      vertex 12.1118 0.353206 5.23662
      vertex 12.1001 0.346455 5.28701
      vertex 12.1066 0.337892 5.2765
    endloop
  endfacet
  facet normal 0.89278 0.369897 0.257138
    outer loop
      vertex 12.2027 0.212769 5.12284
      vertex 12.144 0.371791 5.09789
      vertex 12.1188 0.357272 5.20627
    endloop
  endfacet
  facet normal 0.8937 0.369763 0.254118
    outer loop
      vertex 12.144 0.371791 5.09789
      vertex 12.2027 0.212769 5.12284
      vertex 12.2182 0.192453 5.09789
    endloop
  endfacet
  facet normal 0.767977 0.587912 0.254107
    outer loop
      vertex 11.99 0.489961 5.28701
      vertex 12.008 0.466448 5.28701
      vertex 12.004 0.476756 5.27525
    endloop
  endfacet
  facet normal 0.767191 0.587291 0.257889
    outer loop
      vertex 12.144 0.371791 5.09789
      vertex 12.0208 0.459279 5.26516
      vertex 12.029 0.450732 5.26023
    endloop
  endfacet
  facet normal 0.767966 0.585692 0.259215
    outer loop
      vertex 12.144 0.371791 5.09789
      vertex 12.029 0.450732 5.26023
      vertex 12.0348 0.444676 5.25673
    endloop
  endfacet
  facet normal 0.769751 0.581415 0.263514
    outer loop
      vertex 12.004 0.476756 5.27525
      vertex 12.144 0.371791 5.09789
      vertex 11.99 0.489961 5.28701
    endloop
  endfacet
  facet normal 0.766602 0.588528 0.256819
    outer loop
      vertex 12.012 0.46843 5.27045
      vertex 12.144 0.371791 5.09789
      vertex 12.004 0.476756 5.27525
    endloop
  endfacet
  facet normal 0.766497 0.588755 0.256612
    outer loop
      vertex 12.0208 0.459279 5.26516
      vertex 12.144 0.371791 5.09789
      vertex 12.012 0.46843 5.27045
    endloop
  endfacet
  facet normal 0.765662 0.590321 0.255507
    outer loop
      vertex 12.0519 0.426929 5.24649
      vertex 12.144 0.371791 5.09789
      vertex 12.0348 0.444676 5.25673
    endloop
  endfacet
  facet normal 0.766864 0.588069 0.257088
    outer loop
      vertex 12.144 0.371791 5.09789
      vertex 12.0519 0.426929 5.24649
      vertex 12.1188 0.357272 5.20627
    endloop
  endfacet
  facet normal 0.766059 0.589238 0.256813
    outer loop
      vertex 12.1118 0.353206 5.23662
      vertex 12.0765 0.377137 5.28701
      vertex 12.1001 0.346455 5.28701
    endloop
  endfacet
  facet normal -0.332081 0.801915 0.496644
    outer loop
      vertex 11.3207 0.669299 5.28701
      vertex 11.2752 0.610071 5.35222
      vertex 11.3319 0.627364 5.36221
    endloop
  endfacet
  facet normal 0.126174 0.958193 0.256801
    outer loop
      vertex 11.6925 0.718246 5.09789
      vertex 11.5 0.692909 5.28701
      vertex 11.6793 0.669299 5.28701
    endloop
  endfacet
  facet normal 0.113303 0.860449 0.496779
    outer loop
      vertex 11.5 0.692909 5.28701
      vertex 11.5954 0.63454 5.36635
      vertex 11.6793 0.669299 5.28701
    endloop
  endfacet
  facet normal 0.113308 0.860451 0.496774
    outer loop
      vertex 11.5954 0.63454 5.36635
      vertex 11.5 0.692909 5.28701
      vertex 11.5 0.643962 5.37179
    endloop
  endfacet
  facet normal -0.809165 0.105815 0.577975
    outer loop
      vertex 10.7566 0.0015294 5.09789
      vertex 10.7564 0 5.09789
      vertex 10.7565 0 5.09803
    endloop
  endfacet
  facet normal -0.964786 0.11166 0.238158
    outer loop
      vertex 10.7818 0.192453 5.09789
      vertex 10.7825 0.182526 5.10538
      vertex 10.783 0.183007 5.10718
    endloop
  endfacet
  facet normal -0.956296 0.130133 0.261847
    outer loop
      vertex 10.7818 0.192453 5.09789
      vertex 10.7804 0.175384 5.10126
      vertex 10.7825 0.182526 5.10538
    endloop
  endfacet
  facet normal -0.957204 0.129601 0.258773
    outer loop
      vertex 10.7804 0.175384 5.10126
      vertex 10.7818 0.192453 5.09789
      vertex 10.7787 0.169557 5.09789
    endloop
  endfacet
  facet normal 1 0 0
    outer loop
      vertex 12.2436 0 5.09789
      vertex 12.2436 -0.000109752 5.09789
      vertex 12.2436 0 5.09748
    endloop
  endfacet
  facet normal 0.126121 0.958214 0.25675
    outer loop
      vertex 11.5 0.743583 5.09789
      vertex 11.5 0.692909 5.28701
      vertex 11.6925 0.718246 5.09789
    endloop
  endfacet
  facet normal 0.369682 0.892936 0.256907
    outer loop
      vertex 11.6925 0.718246 5.09789
      vertex 11.6793 0.669299 5.28701
      vertex 11.8465 0.600077 5.28701
    endloop
  endfacet
  facet normal -0.126121 0.958214 0.25675
    outer loop
      vertex 11.5 0.743583 5.09789
      vertex 11.3075 0.718246 5.09789
      vertex 11.5 0.692909 5.28701
    endloop
  endfacet
  facet normal -0.334002 0.801935 0.495321
    outer loop
      vertex 11.3207 0.669299 5.28701
      vertex 11.2651 0.60697 5.35043
      vertex 11.2752 0.610071 5.35222
    endloop
  endfacet
  facet normal -0.331939 0.801772 0.496969
    outer loop
      vertex 11.2651 0.60697 5.35043
      vertex 11.3207 0.669299 5.28701
      vertex 11.1535 0.600077 5.28701
    endloop
  endfacet
  facet normal -0.33207 0.80156 0.497223
    outer loop
      vertex 11.2651 0.60697 5.35043
      vertex 11.1535 0.600077 5.28701
      vertex 11.1669 0.577013 5.33314
    endloop
  endfacet
  facet normal -0.369928 0.892898 0.256684
    outer loop
      vertex 11.3075 0.718246 5.09789
      vertex 11.1282 0.643962 5.09789
      vertex 11.1535 0.600077 5.28701
    endloop
  endfacet
  facet normal -0.588388 0.76677 0.256641
    outer loop
      vertex 11.1282 0.643962 5.09789
      vertex 11.01 0.489961 5.28701
      vertex 11.1535 0.600077 5.28701
    endloop
  endfacet
  facet normal -0.76671 0.588471 0.256629
    outer loop
      vertex 10.9742 0.525792 5.09789
      vertex 10.856 0.371791 5.09789
      vertex 11.01 0.489961 5.28701
    endloop
  endfacet
  facet normal -0.793277 0.608862 0
    outer loop
      vertex 10.856 0.371791 5
      vertex 10.9742 0.525792 5.09789
      vertex 10.9742 0.525792 5
    endloop
  endfacet
  facet normal -0.793277 0.608862 0
    outer loop
      vertex 10.9742 0.525792 5.09789
      vertex 10.856 0.371791 5
      vertex 10.856 0.371791 5.09789
    endloop
  endfacet
  facet normal -0.766497 0.588755 0.256612
    outer loop
      vertex 10.856 0.371791 5.09789
      vertex 10.9792 0.459279 5.26516
      vertex 10.988 0.46843 5.27045
    endloop
  endfacet
  facet normal -0.767191 0.587291 0.257889
    outer loop
      vertex 10.9792 0.459279 5.26516
      vertex 10.856 0.371791 5.09789
      vertex 10.971 0.450732 5.26023
    endloop
  endfacet
  facet normal -0.769751 0.581415 0.263514
    outer loop
      vertex 10.856 0.371791 5.09789
      vertex 10.996 0.476756 5.27525
      vertex 11.01 0.489961 5.28701
    endloop
  endfacet
  facet normal -0.766602 0.588528 0.256819
    outer loop
      vertex 10.856 0.371791 5.09789
      vertex 10.988 0.46843 5.27045
      vertex 10.996 0.476756 5.27525
    endloop
  endfacet
  facet normal -0.767966 0.585692 0.259215
    outer loop
      vertex 10.971 0.450732 5.26023
      vertex 10.856 0.371791 5.09789
      vertex 10.9652 0.444676 5.25673
    endloop
  endfacet
  facet normal -0.765662 0.590321 0.255507
    outer loop
      vertex 10.856 0.371791 5.09789
      vertex 10.9481 0.426929 5.24649
      vertex 10.9652 0.444676 5.25673
    endloop
  endfacet
  facet normal -0.766864 0.588069 0.257088
    outer loop
      vertex 10.9481 0.426929 5.24649
      vertex 10.856 0.371791 5.09789
      vertex 10.8812 0.357272 5.20627
    endloop
  endfacet
  facet normal -0.767977 0.587912 0.254107
    outer loop
      vertex 11.01 0.489961 5.28701
      vertex 10.996 0.476756 5.27525
      vertex 10.992 0.466448 5.28701
    endloop
  endfacet
  facet normal -0.766059 0.589238 0.256813
    outer loop
      vertex 10.9235 0.377137 5.28701
      vertex 10.8882 0.353206 5.23662
      vertex 10.8999 0.346455 5.28701
    endloop
  endfacet
  facet normal -0.958123 0.129477 0.255413
    outer loop
      vertex 10.7909 0.19 5.13327
      vertex 10.7818 0.192453 5.09789
      vertex 10.783 0.183007 5.10718
    endloop
  endfacet
  facet normal -0.802923 0.331339 0.495509
    outer loop
      vertex 10.8999 0.346455 5.28701
      vertex 10.8947 0.333854 5.28701
      vertex 10.905 0.3435 5.29725
    endloop
  endfacet
  facet normal 0.527568 0.688826 0.497183
    outer loop
      vertex 11.99 0.489961 5.28701
      vertex 11.9593 0.493993 5.314
      vertex 11.974 0.474008 5.32609
    endloop
  endfacet
  facet normal -0.382752 0.923851 0
    outer loop
      vertex 11.3075 0.718246 5
      vertex 11.1282 0.643962 5.09789
      vertex 11.3075 0.718246 5.09789
    endloop
  endfacet
  facet normal -0.382752 0.923851 0
    outer loop
      vertex 11.1282 0.643962 5.09789
      vertex 11.3075 0.718246 5
      vertex 11.1282 0.643962 5
    endloop
  endfacet
  facet normal 0.608767 0.793349 -0
    outer loop
      vertex 12.0258 0.525792 5
      vertex 11.8718 0.643962 5.09789
      vertex 12.0258 0.525792 5.09789
    endloop
  endfacet
  facet normal 0.608767 0.793349 0
    outer loop
      vertex 11.8718 0.643962 5.09789
      vertex 12.0258 0.525792 5
      vertex 11.8718 0.643962 5
    endloop
  endfacet
  facet normal 0.991558 0.129666 -0
    outer loop
      vertex 12.2436 0 5.09748
      vertex 12.2434 0.0015294 5.09789
      vertex 12.2436 0 5.09789
    endloop
  endfacet
  facet normal 0.990883 0.13416 -0.0123101
    outer loop
      vertex 12.2244 0.145381 5.08394
      vertex 12.2182 0.192453 5.09789
      vertex 12.2213 0.169557 5.09789
    endloop
  endfacet
  facet normal 0.991437 0.130585 0
    outer loop
      vertex 12.2182 0.192453 5.09789
      vertex 12.2244 0.145381 5.08394
      vertex 12.2182 0.192453 5
    endloop
  endfacet
  facet normal 0.991403 0.130846 0.000148607
    outer loop
      vertex 12.2182 0.192453 5
      vertex 12.2244 0.145381 5.08394
      vertex 12.2436 2.07386e-07 5
    endloop
  endfacet
  facet normal -0.369682 0.892936 0.256907
    outer loop
      vertex 11.3075 0.718246 5.09789
      vertex 11.1535 0.600077 5.28701
      vertex 11.3207 0.669299 5.28701
    endloop
  endfacet
  facet normal 0.382752 0.923851 -0
    outer loop
      vertex 11.8718 0.643962 5
      vertex 11.6925 0.718246 5.09789
      vertex 11.8718 0.643962 5.09789
    endloop
  endfacet
  facet normal 0.382752 0.923851 0
    outer loop
      vertex 11.6925 0.718246 5.09789
      vertex 11.8718 0.643962 5
      vertex 11.6925 0.718246 5
    endloop
  endfacet
  facet normal 0.130495 0.991449 -0
    outer loop
      vertex 11.6925 0.718246 5
      vertex 11.5 0.743583 5.09789
      vertex 11.6925 0.718246 5.09789
    endloop
  endfacet
  facet normal 0.130495 0.991449 0
    outer loop
      vertex 11.5 0.743583 5.09789
      vertex 11.6925 0.718246 5
      vertex 11.5 0.743583 5
    endloop
  endfacet
  facet normal 0.113194 0.860513 0.496693
    outer loop
      vertex 11.6679 0.627387 5.36222
      vertex 11.6793 0.669299 5.28701
      vertex 11.5954 0.63454 5.36635
    endloop
  endfacet
  facet normal 0.123619 0.858737 0.497283
    outer loop
      vertex 11.6793 0.669299 5.28701
      vertex 11.6679 0.627387 5.36222
      vertex 11.6681 0.627364 5.36221
    endloop
  endfacet
  facet normal -1 -0 -0
    outer loop
      vertex 10.7564 0 5.09789
      vertex 10.7564 0 5.09748
      vertex 10.7564 -0.000109752 5.09789
    endloop
  endfacet
  facet normal -0.527568 0.688826 0.497183
    outer loop
      vertex 11.0407 0.493993 5.314
      vertex 11.01 0.489961 5.28701
      vertex 11.026 0.474008 5.32609
    endloop
  endfacet
  facet normal -0.688907 0.527336 0.497316
    outer loop
      vertex 11.01 0.489961 5.28701
      vertex 11.0074 0.469872 5.30471
      vertex 11.026 0.474008 5.32609
    endloop
  endfacet
  facet normal -0.895148 0.364457 0.256672
    outer loop
      vertex 10.8999 0.346455 5.28701
      vertex 10.8882 0.353206 5.23662
      vertex 10.8934 0.337892 5.2765
    endloop
  endfacet
  facet normal -0.89278 0.369897 0.257138
    outer loop
      vertex 10.856 0.371791 5.09789
      vertex 10.7973 0.212769 5.12284
      vertex 10.8812 0.357272 5.20627
    endloop
  endfacet
  facet normal -0.8937 0.369763 0.254118
    outer loop
      vertex 10.7973 0.212769 5.12284
      vertex 10.856 0.371791 5.09789
      vertex 10.7818 0.192453 5.09789
    endloop
  endfacet
  facet normal -0.894444 0.369106 0.252448
    outer loop
      vertex 10.8999 0.346455 5.28701
      vertex 10.8934 0.337892 5.2765
      vertex 10.8947 0.333854 5.28701
    endloop
  endfacet
  facet normal -0.894053 0.36745 0.256221
    outer loop
      vertex 10.7818 0.192453 5.09789
      vertex 10.7949 0.208603 5.12044
      vertex 10.7973 0.212769 5.12284
    endloop
  endfacet
  facet normal -0.893888 0.368384 0.255456
    outer loop
      vertex 10.7949 0.208603 5.12044
      vertex 10.7818 0.192453 5.09789
      vertex 10.7909 0.19 5.13327
    endloop
  endfacet
  facet normal 0.33207 0.80156 0.497223
    outer loop
      vertex 11.8465 0.600077 5.28701
      vertex 11.7349 0.60697 5.35043
      vertex 11.8331 0.577013 5.33314
    endloop
  endfacet
  facet normal 0.331939 0.801772 0.496969
    outer loop
      vertex 11.6793 0.669299 5.28701
      vertex 11.7349 0.60697 5.35043
      vertex 11.8465 0.600077 5.28701
    endloop
  endfacet
  facet normal 0.334002 0.801935 0.495321
    outer loop
      vertex 11.7349 0.60697 5.35043
      vertex 11.6793 0.669299 5.28701
      vertex 11.7248 0.610071 5.35222
    endloop
  endfacet
  facet normal 0.527691 0.688607 0.497356
    outer loop
      vertex 11.9593 0.493993 5.314
      vertex 11.99 0.489961 5.28701
      vertex 11.9414 0.518349 5.29927
    endloop
  endfacet
  facet normal 0.528291 0.688061 0.497475
    outer loop
      vertex 11.9414 0.518349 5.29927
      vertex 11.8465 0.600077 5.28701
      vertex 11.8331 0.577013 5.33314
    endloop
  endfacet
  facet normal 0.527461 0.687371 0.499305
    outer loop
      vertex 11.8465 0.600077 5.28701
      vertex 11.9414 0.518349 5.29927
      vertex 11.99 0.489961 5.28701
    endloop
  endfacet
  facet normal -0.130495 0.991449 0
    outer loop
      vertex 11.5 0.743583 5
      vertex 11.3075 0.718246 5.09789
      vertex 11.5 0.743583 5.09789
    endloop
  endfacet
  facet normal -0.130495 0.991449 0
    outer loop
      vertex 11.3075 0.718246 5.09789
      vertex 11.5 0.743583 5
      vertex 11.3075 0.718246 5
    endloop
  endfacet
  facet normal -0.123619 0.858737 0.497283
    outer loop
      vertex 11.3321 0.627387 5.36222
      vertex 11.3207 0.669299 5.28701
      vertex 11.3319 0.627364 5.36221
    endloop
  endfacet
  facet normal -0.113194 0.860513 0.496693
    outer loop
      vertex 11.3207 0.669299 5.28701
      vertex 11.3321 0.627387 5.36222
      vertex 11.4046 0.63454 5.36635
    endloop
  endfacet
  facet normal -0.113308 0.860451 0.496774
    outer loop
      vertex 11.5 0.692909 5.28701
      vertex 11.4046 0.63454 5.36635
      vertex 11.5 0.643962 5.37179
    endloop
  endfacet
  facet normal -0.113303 0.860449 0.496779
    outer loop
      vertex 11.4046 0.63454 5.36635
      vertex 11.5 0.692909 5.28701
      vertex 11.3207 0.669299 5.28701
    endloop
  endfacet
  facet normal -0.608767 0.793349 0
    outer loop
      vertex 11.1282 0.643962 5
      vertex 10.9742 0.525792 5.09789
      vertex 11.1282 0.643962 5.09789
    endloop
  endfacet
  facet normal -0.608767 0.793349 0
    outer loop
      vertex 10.9742 0.525792 5.09789
      vertex 11.1282 0.643962 5
      vertex 10.9742 0.525792 5
    endloop
  endfacet
  facet normal 0.991389 0.113405 0.0654743
    outer loop
      vertex 12.2244 -0.631891 6.4827
      vertex 12.2434 0.0015294 5.09789
      vertex 12.2244 0.168107 5.09706
    endloop
  endfacet
  facet normal 0.847365 0.478575 0.230085
    outer loop
      vertex 12.2435 0 5.09803
      vertex 12.2244 -0.631891 6.4827
      vertex 12.2436 -0.000109752 5.09789
    endloop
  endfacet
  facet normal 0.996562 0.0693142 0.0453779
    outer loop
      vertex 12.2434 0.0015294 5.09789
      vertex 12.2244 -0.631891 6.4827
      vertex 12.2435 0 5.09803
    endloop
  endfacet
  facet normal 0.991549 0.112213 0.0650997
    outer loop
      vertex 12.25 0 5
      vertex 12.2434 0.0015294 5.09789
      vertex 12.2436 0 5.09748
    endloop
  endfacet
  facet normal 0.991416 0.113406 0.065072
    outer loop
      vertex 12.2434 0.0015294 5.09789
      vertex 12.25 0 5
      vertex 12.2244 0.168107 5.09706
    endloop
  endfacet
  facet normal 0.969246 0.237722 0.0636354
    outer loop
      vertex 12.2436 -0.000109752 5.09789
      vertex 12.25 0 5
      vertex 12.2436 0 5.09748
    endloop
  endfacet
  facet normal 0.991556 0.112238 0.0649533
    outer loop
      vertex 12.25 0 5
      vertex 12.2436 -0.000109752 5.09789
      vertex 12.2244 -0.631891 6.4827
    endloop
  endfacet
  facet normal 1.62027e-05 0.500021 -0.866013
    outer loop
      vertex 12.2244 0.145381 5.08394
      vertex 12.25 0 5
      vertex 12.2436 2.07386e-07 5
    endloop
  endfacet
  facet normal -0.00033005 0.499975 -0.86604
    outer loop
      vertex 12.25 0 5
      vertex 12.2244 0.145381 5.08394
      vertex 12.2244 0.168107 5.09706
    endloop
  endfacet
  facet normal -1.09473e-05 -0.50001 0.86602
    outer loop
      vertex 10.7756 -0.631891 6.4827
      vertex 10.75 -0.799999 6.38564
      vertex 10.9697 -1.25928 6.12047
    endloop
  endfacet
  facet normal 0.991416 0.113231 0.0653739
    outer loop
      vertex 12.25 0 5
      vertex 12.2244 -0.631891 6.4827
      vertex 12.25 -0.799999 6.38564
    endloop
  endfacet
  facet normal -0.991416 -0.113231 -0.0653739
    outer loop
      vertex 10.7756 -0.968107 6.28858
      vertex 10.75 -0.799999 6.38564
      vertex 10.75 0 5
    endloop
  endfacet
  facet normal 0.991415 -0.113233 -0.0653752
    outer loop
      vertex 12.25 0 5
      vertex 12.2244 -0.968107 6.28858
      vertex 12.2244 -0.194114 4.94799
    endloop
  endfacet
  facet normal 0.923924 0.331321 0.191288
    outer loop
      vertex 12.1495 0.324759 5.1875
      vertex 12.1495 -0.47524 6.57314
      vertex 12.2244 -0.631891 6.4827
    endloop
  endfacet
  facet normal 0 -0.499997 0.866027
    outer loop
      vertex 11.3059 -0.172612 6.74786
      vertex 11.6941 -1.42739 6.02342
      vertex 11.6941 -0.172612 6.74786
    endloop
  endfacet
  facet normal 0 -0.499997 0.866027
    outer loop
      vertex 11.6941 -1.42739 6.02342
      vertex 11.3059 -0.172612 6.74786
      vertex 11.3059 -1.42739 6.02342
    endloop
  endfacet
  facet normal 0.000880865 0.49975 -0.866169
    outer loop
      vertex 10.971 0.450732 5.26023
      vertex 10.9652 0.444676 5.25673
      vertex 10.9697 0.459279 5.26516
    endloop
  endfacet
  facet normal 0.923994 -0.331174 -0.191204
    outer loop
      vertex 12.2244 -0.968107 6.28858
      vertex 12.1541 -0.363974 4.90247
      vertex 12.2244 -0.194114 4.94799
    endloop
  endfacet
  facet normal -0.382662 -0.800111 -0.461944
    outer loop
      vertex 11.125 -0.649519 4.82596
      vertex 11.3059 -1.42739 6.02342
      vertex 11.125 -1.3625 6.06088
    endloop
  endfacet
  facet normal -0.382661 -0.800111 -0.461944
    outer loop
      vertex 11.3059 -1.42739 6.02342
      vertex 11.125 -0.649519 4.82596
      vertex 11.3059 -0.724443 4.80588
    endloop
  endfacet
  facet normal -1.75219e-05 -0.499994 0.866029
    outer loop
      vertex 11.3059 -1.42739 6.02342
      vertex 10.9697 -1.25928 6.12047
      vertex 11.125 -1.3625 6.06088
    endloop
  endfacet
  facet normal -0.130542 0.858615 0.495721
    outer loop
      vertex 11.5 0.649519 5.375
      vertex 11.3059 -0.172612 6.74786
      vertex 11.5 -0.15048 6.76064
    endloop
  endfacet
  facet normal -4.78928e-05 0.499937 -0.866062
    outer loop
      vertex 11.8331 0.577013 5.33314
      vertex 11.875 0.5625 5.32476
      vertex 11.9414 0.518349 5.29927
    endloop
  endfacet
  facet normal -0.000892343 0.498107 -0.867115
    outer loop
      vertex 11.8331 0.577013 5.33314
      vertex 11.6941 0.627387 5.36222
      vertex 11.875 0.5625 5.32476
    endloop
  endfacet
  facet normal 0.000202541 0.500375 -0.865809
    outer loop
      vertex 11.6941 0.627387 5.36222
      vertex 11.8331 0.577013 5.33314
      vertex 11.7349 0.60697 5.35043
    endloop
  endfacet
  facet normal -0.00131132 0.498506 -0.866885
    outer loop
      vertex 12.012 0.46843 5.27045
      vertex 12.004 0.476756 5.27525
      vertex 12.0303 0.459279 5.26516
    endloop
  endfacet
  facet normal 0.382651 0.800115 0.461946
    outer loop
      vertex 11.6941 0.627387 5.36222
      vertex 11.6941 -0.172612 6.74786
      vertex 11.875 0.5625 5.32476
    endloop
  endfacet
  facet normal -5.79895e-05 -0.499985 0.866034
    outer loop
      vertex 12.25 -0.799999 6.38564
      vertex 12.0303 -1.25928 6.12047
      vertex 12.1495 -1.12476 6.19814
    endloop
  endfacet
  facet normal 1.09473e-05 -0.50001 0.86602
    outer loop
      vertex 12.2244 -0.631891 6.4827
      vertex 12.0303 -1.25928 6.12047
      vertex 12.25 -0.799999 6.38564
    endloop
  endfacet
  facet normal -4.26487e-06 -0.499966 0.866045
    outer loop
      vertex 11.125 -0.237499 6.7104
      vertex 10.9697 -0.34072 6.65081
      vertex 11.3059 -0.172612 6.74786
    endloop
  endfacet
  facet normal 0.000156023 0.500305 -0.865849
    outer loop
      vertex 11.7248 0.610071 5.35222
      vertex 11.6941 0.627387 5.36222
      vertex 11.7349 0.60697 5.35043
    endloop
  endfacet
  facet normal -0.000109168 0.499952 -0.866053
    outer loop
      vertex 11.6681 0.627364 5.36221
      vertex 11.6941 0.627387 5.36222
      vertex 11.7248 0.610071 5.35222
    endloop
  endfacet
  facet normal 0 0.398726 -0.91707
    outer loop
      vertex 11.6941 0.627387 5.36222
      vertex 11.6681 0.627364 5.36221
      vertex 11.6679 0.627387 5.36222
    endloop
  endfacet
  facet normal 0 0.500473 -0.865752
    outer loop
      vertex 12.0208 0.459279 5.26516
      vertex 12.012 0.46843 5.27045
      vertex 12.0303 0.459279 5.26516
    endloop
  endfacet
  facet normal 0 0.500473 -0.865752
    outer loop
      vertex 10.9792 0.459279 5.26516
      vertex 10.9697 0.459279 5.26516
      vertex 10.988 0.46843 5.27045
    endloop
  endfacet
  facet normal 0 0.398726 -0.91707
    outer loop
      vertex 11.3319 0.627364 5.36221
      vertex 11.3059 0.627387 5.36222
      vertex 11.3321 0.627387 5.36222
    endloop
  endfacet
  facet normal 0.000109168 0.499952 -0.866053
    outer loop
      vertex 11.2752 0.610071 5.35222
      vertex 11.3059 0.627387 5.36222
      vertex 11.3319 0.627364 5.36221
    endloop
  endfacet
  facet normal -0.000156023 0.500305 -0.865849
    outer loop
      vertex 11.3059 0.627387 5.36222
      vertex 11.2752 0.610071 5.35222
      vertex 11.2651 0.60697 5.35043
    endloop
  endfacet
  facet normal 0.130542 0.858615 0.495721
    outer loop
      vertex 11.6941 0.627387 5.36222
      vertex 11.5 0.649519 5.375
      vertex 11.6941 -0.172612 6.74786
    endloop
  endfacet
  facet normal 0.00198431 0.499974 -0.866038
    outer loop
      vertex 12.2213 0.169557 5.09789
      vertex 12.2244 0.168107 5.09706
      vertex 12.2244 0.145381 5.08394
    endloop
  endfacet
  facet normal 0.00277862 0.501249 -0.865298
    outer loop
      vertex 12.2244 0.168107 5.09706
      vertex 12.2213 0.169557 5.09789
      vertex 12.2196 0.175384 5.10126
    endloop
  endfacet
  facet normal 0.0003696 0.500039 -0.866003
    outer loop
      vertex 12.0348 0.444676 5.25673
      vertex 12.0303 0.459279 5.26516
      vertex 12.0519 0.426929 5.24649
    endloop
  endfacet
  facet normal 0.382651 0.800115 0.461946
    outer loop
      vertex 11.875 0.5625 5.32476
      vertex 11.6941 -0.172612 6.74786
      vertex 11.875 -0.237499 6.7104
    endloop
  endfacet
  facet normal 0.608755 0.687064 0.396686
    outer loop
      vertex 12.0303 -0.34072 6.65081
      vertex 11.9926 0.469872 5.30471
      vertex 11.974 0.474008 5.32609
    endloop
  endfacet
  facet normal 0.609033 0.686885 0.39657
    outer loop
      vertex 12.0303 0.459279 5.26516
      vertex 11.9926 0.469872 5.30471
      vertex 12.0303 -0.34072 6.65081
    endloop
  endfacet
  facet normal 0.608758 0.687642 0.395679
    outer loop
      vertex 12.008 0.466448 5.28701
      vertex 12.0303 0.459279 5.26516
      vertex 12.004 0.476756 5.27525
    endloop
  endfacet
  facet normal 0.611157 0.683251 0.399569
    outer loop
      vertex 11.9926 0.469872 5.30471
      vertex 12.0303 0.459279 5.26516
      vertex 12.008 0.466448 5.28701
    endloop
  endfacet
  facet normal 0.60879 0.687042 0.396671
    outer loop
      vertex 11.974 0.474008 5.32609
      vertex 11.875 0.5625 5.32476
      vertex 12.0303 -0.34072 6.65081
    endloop
  endfacet
  facet normal 0.609093 0.687366 0.395645
    outer loop
      vertex 11.9593 0.493993 5.314
      vertex 11.875 0.5625 5.32476
      vertex 11.974 0.474008 5.32609
    endloop
  endfacet
  facet normal 0.60899 0.687158 0.396164
    outer loop
      vertex 11.875 0.5625 5.32476
      vertex 11.9593 0.493993 5.314
      vertex 11.9414 0.518349 5.29927
    endloop
  endfacet
  facet normal 0.923772 0.331202 0.192226
    outer loop
      vertex 12.1495 0.324759 5.1875
      vertex 12.2091 0.19 5.13327
      vertex 12.2051 0.208603 5.12044
    endloop
  endfacet
  facet normal 0.923321 0.347419 0.16364
    outer loop
      vertex 12.217 0.183007 5.10718
      vertex 12.2244 0.168107 5.09706
      vertex 12.2175 0.182526 5.10538
    endloop
  endfacet
  facet normal 0.924662 0.328947 0.191817
    outer loop
      vertex 12.2091 0.19 5.13327
      vertex 12.2244 0.168107 5.09706
      vertex 12.217 0.183007 5.10718
    endloop
  endfacet
  facet normal 0.924344 0.330441 0.19078
    outer loop
      vertex 12.2091 0.19 5.13327
      vertex 12.2244 -0.631891 6.4827
      vertex 12.2244 0.168107 5.09706
    endloop
  endfacet
  facet normal 0.923814 0.331532 0.191451
    outer loop
      vertex 12.2244 -0.631891 6.4827
      vertex 12.2091 0.19 5.13327
      vertex 12.1495 0.324759 5.1875
    endloop
  endfacet
  facet normal 0.000106237 -0.500023 0.866012
    outer loop
      vertex 12.25 -0.799999 6.38564
      vertex 12.1495 -1.12476 6.19814
      vertex 12.2244 -0.968107 6.28858
    endloop
  endfacet
  facet normal 0.608939 -0.686945 -0.396611
    outer loop
      vertex 12.0303 -1.25928 6.12047
      vertex 11.8916 -0.636808 4.82937
      vertex 12.0303 -0.53033 4.8579
    endloop
  endfacet
  facet normal -0.608829 0.687019 0.39665
    outer loop
      vertex 11.125 0.5625 5.32476
      vertex 10.9697 -0.34072 6.65081
      vertex 11.125 -0.237499 6.7104
    endloop
  endfacet
  facet normal 1.633e-05 -0.499997 0.866027
    outer loop
      vertex 11.3059 -0.172612 6.74786
      vertex 10.9697 -0.34072 6.65081
      vertex 11.3059 -1.42739 6.02342
    endloop
  endfacet
  facet normal -0.608939 -0.686945 -0.396611
    outer loop
      vertex 11.1084 -0.636808 4.82937
      vertex 10.9697 -1.25928 6.12047
      vertex 10.9697 -0.53033 4.8579
    endloop
  endfacet
  facet normal -0.923772 0.331202 0.192226
    outer loop
      vertex 10.7909 0.19 5.13327
      vertex 10.8505 0.324759 5.1875
      vertex 10.7949 0.208603 5.12044
    endloop
  endfacet
  facet normal -0.923321 0.347419 0.16364
    outer loop
      vertex 10.7756 0.168107 5.09706
      vertex 10.783 0.183007 5.10718
      vertex 10.7825 0.182526 5.10538
    endloop
  endfacet
  facet normal -0.924662 0.328947 0.191817
    outer loop
      vertex 10.7756 0.168107 5.09706
      vertex 10.7909 0.19 5.13327
      vertex 10.783 0.183007 5.10718
    endloop
  endfacet
  facet normal -0.923814 0.331532 0.191451
    outer loop
      vertex 10.7909 0.19 5.13327
      vertex 10.7756 -0.631891 6.4827
      vertex 10.8505 0.324759 5.1875
    endloop
  endfacet
  facet normal -0.924344 0.330441 0.19078
    outer loop
      vertex 10.7756 -0.631891 6.4827
      vertex 10.7909 0.19 5.13327
      vertex 10.7756 0.168107 5.09706
    endloop
  endfacet
  facet normal -0.60879 0.687042 0.396671
    outer loop
      vertex 11.125 0.5625 5.32476
      vertex 11.026 0.474008 5.32609
      vertex 10.9697 -0.34072 6.65081
    endloop
  endfacet
  facet normal -0.609093 0.687366 0.395645
    outer loop
      vertex 11.125 0.5625 5.32476
      vertex 11.0407 0.493993 5.314
      vertex 11.026 0.474008 5.32609
    endloop
  endfacet
  facet normal -0.60899 0.687158 0.396164
    outer loop
      vertex 11.0407 0.493993 5.314
      vertex 11.125 0.5625 5.32476
      vertex 11.0586 0.518349 5.29927
    endloop
  endfacet
  facet normal -0.608755 0.687064 0.396686
    outer loop
      vertex 11.0074 0.469872 5.30471
      vertex 10.9697 -0.34072 6.65081
      vertex 11.026 0.474008 5.32609
    endloop
  endfacet
  facet normal -0.611157 0.683251 0.399569
    outer loop
      vertex 10.9697 0.459279 5.26516
      vertex 11.0074 0.469872 5.30471
      vertex 10.992 0.466448 5.28701
    endloop
  endfacet
  facet normal -0.609033 0.686885 0.39657
    outer loop
      vertex 11.0074 0.469872 5.30471
      vertex 10.9697 0.459279 5.26516
      vertex 10.9697 -0.34072 6.65081
    endloop
  endfacet
  facet normal -0.608758 0.687642 0.395679
    outer loop
      vertex 10.9697 0.459279 5.26516
      vertex 10.992 0.466448 5.28701
      vertex 10.996 0.476756 5.27525
    endloop
  endfacet
  facet normal -2.58259e-05 -0.500006 0.866022
    outer loop
      vertex 10.9697 -0.34072 6.65081
      vertex 10.9697 -1.25928 6.12047
      vertex 11.3059 -1.42739 6.02342
    endloop
  endfacet
  facet normal 0 -0.500061 0.86599
    outer loop
      vertex 11.5 -0.15048 6.76064
      vertex 11.3059 -0.172612 6.74786
      vertex 11.6941 -0.172612 6.74786
    endloop
  endfacet
  facet normal 0.130542 0.858615 0.495721
    outer loop
      vertex 11.5 0.649519 5.375
      vertex 11.5 -0.15048 6.76064
      vertex 11.6941 -0.172612 6.74786
    endloop
  endfacet
  facet normal 1.75219e-05 -0.499994 0.866029
    outer loop
      vertex 12.0303 -1.25928 6.12047
      vertex 11.6941 -1.42739 6.02342
      vertex 11.875 -1.3625 6.06088
    endloop
  endfacet
  facet normal -1.633e-05 -0.499997 0.866027
    outer loop
      vertex 11.6941 -0.172612 6.74786
      vertex 11.6941 -1.42739 6.02342
      vertex 12.0303 -0.34072 6.65081
    endloop
  endfacet
  facet normal 2.58259e-05 -0.500006 0.866022
    outer loop
      vertex 12.0303 -0.34072 6.65081
      vertex 11.6941 -1.42739 6.02342
      vertex 12.0303 -1.25928 6.12047
    endloop
  endfacet
  facet normal -2.46042e-06 -0.500006 0.866022
    outer loop
      vertex 12.0303 -0.34072 6.65081
      vertex 12.0303 -1.25928 6.12047
      vertex 12.2244 -0.631891 6.4827
    endloop
  endfacet
  facet normal 0.991416 -0.113231 -0.0653739
    outer loop
      vertex 12.25 -0.799999 6.38564
      vertex 12.2244 -0.968107 6.28858
      vertex 12.25 0 5
    endloop
  endfacet
  facet normal -0.000880865 0.49975 -0.866169
    outer loop
      vertex 12.0348 0.444676 5.25673
      vertex 12.029 0.450732 5.26023
      vertex 12.0303 0.459279 5.26516
    endloop
  endfacet
  facet normal 0 0.499649 -0.866228
    outer loop
      vertex 12.029 0.450732 5.26023
      vertex 12.0208 0.459279 5.26516
      vertex 12.0303 0.459279 5.26516
    endloop
  endfacet
  facet normal 0 0.499649 -0.866228
    outer loop
      vertex 10.971 0.450732 5.26023
      vertex 10.9697 0.459279 5.26516
      vertex 10.9792 0.459279 5.26516
    endloop
  endfacet
  facet normal -1.62027e-05 0.500021 -0.866013
    outer loop
      vertex 10.75 0 5
      vertex 10.7756 0.145381 5.08394
      vertex 10.7564 2.07386e-07 5
    endloop
  endfacet
  facet normal 0.00033005 0.499975 -0.86604
    outer loop
      vertex 10.7756 0.145381 5.08394
      vertex 10.75 0 5
      vertex 10.7756 0.168107 5.09706
    endloop
  endfacet
  facet normal -0.608827 -0.687028 -0.396639
    outer loop
      vertex 11.1084 -0.636808 4.82937
      vertex 11.125 -1.3625 6.06088
      vertex 10.9697 -1.25928 6.12047
    endloop
  endfacet
  facet normal -0.608021 -0.687556 -0.39696
    outer loop
      vertex 11.125 -1.3625 6.06088
      vertex 11.1084 -0.636808 4.82937
      vertex 11.125 -0.649519 4.82596
    endloop
  endfacet
  facet normal 0.000815367 0.499445 -0.866345
    outer loop
      vertex 10.8812 0.357272 5.20627
      vertex 10.9697 0.459279 5.26516
      vertex 10.9481 0.426929 5.24649
    endloop
  endfacet
  facet normal -6.53392e-05 0.500019 -0.866015
    outer loop
      vertex 10.8812 0.357272 5.20627
      vertex 10.8505 0.324759 5.1875
      vertex 10.9697 0.459279 5.26516
    endloop
  endfacet
  facet normal -0.000120785 0.500058 -0.865992
    outer loop
      vertex 10.7973 0.212769 5.12284
      vertex 10.8505 0.324759 5.1875
      vertex 10.8812 0.357272 5.20627
    endloop
  endfacet
  facet normal -0.0109474 0.50388 -0.863704
    outer loop
      vertex 10.8505 0.324759 5.1875
      vertex 10.7973 0.212769 5.12284
      vertex 10.7949 0.208603 5.12044
    endloop
  endfacet
  facet normal 0.000691215 0.499535 -0.866294
    outer loop
      vertex 10.7804 0.175384 5.10126
      vertex 10.7756 0.168107 5.09706
      vertex 10.7825 0.182526 5.10538
    endloop
  endfacet
  facet normal -0.000110243 -0.49995 0.866054
    outer loop
      vertex 10.8505 -0.47524 6.57314
      vertex 10.7756 -0.631891 6.4827
      vertex 10.9697 -0.34072 6.65081
    endloop
  endfacet
  facet normal -0.382651 0.800115 0.461946
    outer loop
      vertex 11.125 0.5625 5.32476
      vertex 11.125 -0.237499 6.7104
      vertex 11.3059 -0.172612 6.74786
    endloop
  endfacet
  facet normal -0.000202541 0.500375 -0.865809
    outer loop
      vertex 11.1669 0.577013 5.33314
      vertex 11.3059 0.627387 5.36222
      vertex 11.2651 0.60697 5.35043
    endloop
  endfacet
  facet normal 0.000892343 0.498107 -0.867115
    outer loop
      vertex 11.1669 0.577013 5.33314
      vertex 11.125 0.5625 5.32476
      vertex 11.3059 0.627387 5.36222
    endloop
  endfacet
  facet normal 4.78928e-05 0.499937 -0.866062
    outer loop
      vertex 11.125 0.5625 5.32476
      vertex 11.1669 0.577013 5.33314
      vertex 11.0586 0.518349 5.29927
    endloop
  endfacet
  facet normal 0.00131132 0.498506 -0.866885
    outer loop
      vertex 10.988 0.46843 5.27045
      vertex 10.9697 0.459279 5.26516
      vertex 10.996 0.476756 5.27525
    endloop
  endfacet
  facet normal 0.382662 -0.800111 -0.461944
    outer loop
      vertex 11.6941 -1.42739 6.02342
      vertex 11.875 -0.649519 4.82596
      vertex 11.875 -1.3625 6.06088
    endloop
  endfacet
  facet normal 0.382661 -0.800111 -0.461944
    outer loop
      vertex 11.875 -0.649519 4.82596
      vertex 11.6941 -1.42739 6.02342
      vertex 11.6941 -0.724443 4.80588
    endloop
  endfacet
  facet normal -0.130725 -0.858594 -0.495709
    outer loop
      vertex 11.3295 -0.727557 4.80505
      vertex 11.3059 -1.42739 6.02342
      vertex 11.3059 -0.724443 4.80588
    endloop
  endfacet
  facet normal -0.130533 -0.858617 -0.495719
    outer loop
      vertex 11.3059 -1.42739 6.02342
      vertex 11.3295 -0.727557 4.80505
      vertex 11.5 -1.44952 6.01064
    endloop
  endfacet
  facet normal 0.130494 -0.858619 -0.495726
    outer loop
      vertex 11.6705 -0.727557 4.80505
      vertex 11.5 -1.44952 6.01064
      vertex 11.5 -0.75 4.79904
    endloop
  endfacet
  facet normal 0.608827 -0.687028 -0.396639
    outer loop
      vertex 11.875 -1.3625 6.06088
      vertex 11.8916 -0.636808 4.82937
      vertex 12.0303 -1.25928 6.12047
    endloop
  endfacet
  facet normal 0.608021 -0.687556 -0.39696
    outer loop
      vertex 11.8916 -0.636808 4.82937
      vertex 11.875 -1.3625 6.06088
      vertex 11.875 -0.649519 4.82596
    endloop
  endfacet
  facet normal 0.793331 0.527228 0.304395
    outer loop
      vertex 12.1495 0.324759 5.1875
      vertex 12.0303 -0.34072 6.65081
      vertex 12.1495 -0.47524 6.57314
    endloop
  endfacet
  facet normal 0.000110243 -0.49995 0.866054
    outer loop
      vertex 12.1495 -0.47524 6.57314
      vertex 12.0303 -0.34072 6.65081
      vertex 12.2244 -0.631891 6.4827
    endloop
  endfacet
  facet normal 4.26487e-06 -0.499966 0.866045
    outer loop
      vertex 11.875 -0.237499 6.7104
      vertex 11.6941 -0.172612 6.74786
      vertex 12.0303 -0.34072 6.65081
    endloop
  endfacet
  facet normal 0.608829 0.687019 0.39665
    outer loop
      vertex 11.875 0.5625 5.32476
      vertex 11.875 -0.237499 6.7104
      vertex 12.0303 -0.34072 6.65081
    endloop
  endfacet
  facet normal 0.922909 -0.333608 -0.19221
    outer loop
      vertex 12.2244 -0.968107 6.28858
      vertex 12.1495 -0.375 4.89952
      vertex 12.1541 -0.363974 4.90247
    endloop
  endfacet
  facet normal 0.923925 -0.331318 -0.191287
    outer loop
      vertex 12.1495 -0.375 4.89952
      vertex 12.2244 -0.968107 6.28858
      vertex 12.1495 -1.12476 6.19814
    endloop
  endfacet
  facet normal 0.792719 -0.527917 -0.304794
    outer loop
      vertex 12.1495 -1.12476 6.19814
      vertex 12.1418 -0.385015 4.89684
      vertex 12.1495 -0.375 4.89952
    endloop
  endfacet
  facet normal 0.793331 -0.527223 -0.304403
    outer loop
      vertex 12.1418 -0.385015 4.89684
      vertex 12.1495 -1.12476 6.19814
      vertex 12.0303 -1.25928 6.12047
    endloop
  endfacet
  facet normal 0.793369 0.527186 0.304369
    outer loop
      vertex 12.0303 -0.34072 6.65081
      vertex 12.0765 0.377137 5.28701
      vertex 12.0303 0.459279 5.26516
    endloop
  endfacet
  facet normal 0.793528 0.526986 0.304301
    outer loop
      vertex 12.1053 0.333854 5.28701
      vertex 12.0303 -0.34072 6.65081
      vertex 12.1495 0.324759 5.1875
    endloop
  endfacet
  facet normal 0.794479 0.525847 0.30379
    outer loop
      vertex 12.095 0.3435 5.29725
      vertex 12.0303 -0.34072 6.65081
      vertex 12.1053 0.333854 5.28701
    endloop
  endfacet
  facet normal 0.79219 0.528562 0.305053
    outer loop
      vertex 12.0765 0.377137 5.28701
      vertex 12.0303 -0.34072 6.65081
      vertex 12.095 0.3435 5.29725
    endloop
  endfacet
  facet normal 0.793041 0.527215 0.305171
    outer loop
      vertex 12.1118 0.353206 5.23662
      vertex 12.0303 0.459279 5.26516
      vertex 12.0765 0.377137 5.28701
    endloop
  endfacet
  facet normal 0.793321 0.527985 0.303107
    outer loop
      vertex 12.1118 0.353206 5.23662
      vertex 12.1495 0.324759 5.1875
      vertex 12.0303 0.459279 5.26516
    endloop
  endfacet
  facet normal 0.794212 0.525374 0.305303
    outer loop
      vertex 12.1066 0.337892 5.2765
      vertex 12.1495 0.324759 5.1875
      vertex 12.1118 0.353206 5.23662
    endloop
  endfacet
  facet normal 0.790459 0.53265 0.30242
    outer loop
      vertex 12.1495 0.324759 5.1875
      vertex 12.1066 0.337892 5.2765
      vertex 12.1053 0.333854 5.28701
    endloop
  endfacet
  facet normal -0.000691215 0.499535 -0.866294
    outer loop
      vertex 12.2196 0.175384 5.10126
      vertex 12.2175 0.182526 5.10538
      vertex 12.2244 0.168107 5.09706
    endloop
  endfacet
  facet normal 0.0109474 0.50388 -0.863704
    outer loop
      vertex 12.2027 0.212769 5.12284
      vertex 12.1495 0.324759 5.1875
      vertex 12.2051 0.208603 5.12044
    endloop
  endfacet
  facet normal 0.000120785 0.500058 -0.865992
    outer loop
      vertex 12.1188 0.357272 5.20627
      vertex 12.1495 0.324759 5.1875
      vertex 12.2027 0.212769 5.12284
    endloop
  endfacet
  facet normal 6.53392e-05 0.500019 -0.866015
    outer loop
      vertex 12.1188 0.357272 5.20627
      vertex 12.0303 0.459279 5.26516
      vertex 12.1495 0.324759 5.1875
    endloop
  endfacet
  facet normal -0.000815367 0.499445 -0.866345
    outer loop
      vertex 12.0303 0.459279 5.26516
      vertex 12.1188 0.357272 5.20627
      vertex 12.0519 0.426929 5.24649
    endloop
  endfacet
  facet normal -0.000106237 -0.500023 0.866012
    outer loop
      vertex 10.8505 -1.12476 6.19814
      vertex 10.75 -0.799999 6.38564
      vertex 10.7756 -0.968107 6.28858
    endloop
  endfacet
  facet normal -0.922909 -0.333608 -0.19221
    outer loop
      vertex 10.8505 -0.375 4.89952
      vertex 10.7756 -0.968107 6.28858
      vertex 10.8459 -0.363974 4.90247
    endloop
  endfacet
  facet normal -0.923925 -0.331318 -0.191287
    outer loop
      vertex 10.7756 -0.968107 6.28858
      vertex 10.8505 -0.375 4.89952
      vertex 10.8505 -1.12476 6.19814
    endloop
  endfacet
  facet normal -0.793367 -0.527187 -0.304373
    outer loop
      vertex 10.9697 -1.25928 6.12047
      vertex 10.8582 -0.385015 4.89684
      vertex 10.9697 -0.53033 4.8579
    endloop
  endfacet
  facet normal -0.00277862 0.501249 -0.865298
    outer loop
      vertex 10.7787 0.169557 5.09789
      vertex 10.7756 0.168107 5.09706
      vertex 10.7804 0.175384 5.10126
    endloop
  endfacet
  facet normal -0.00198431 0.499974 -0.866038
    outer loop
      vertex 10.7756 0.168107 5.09706
      vertex 10.7787 0.169557 5.09789
      vertex 10.7756 0.145381 5.08394
    endloop
  endfacet
  facet normal -0.0003696 0.500039 -0.866003
    outer loop
      vertex 10.9652 0.444676 5.25673
      vertex 10.9481 0.426929 5.24649
      vertex 10.9697 0.459279 5.26516
    endloop
  endfacet
  facet normal -0.923924 0.331321 0.191288
    outer loop
      vertex 10.8505 0.324759 5.1875
      vertex 10.7756 -0.631891 6.4827
      vertex 10.8505 -0.47524 6.57314
    endloop
  endfacet
  facet normal 2.46042e-06 -0.500006 0.866022
    outer loop
      vertex 10.9697 -0.34072 6.65081
      vertex 10.7756 -0.631891 6.4827
      vertex 10.9697 -1.25928 6.12047
    endloop
  endfacet
  facet normal -0.793331 0.527228 0.304395
    outer loop
      vertex 10.8505 0.324759 5.1875
      vertex 10.8505 -0.47524 6.57314
      vertex 10.9697 -0.34072 6.65081
    endloop
  endfacet
  facet normal -0.793041 0.527215 0.305171
    outer loop
      vertex 10.9697 0.459279 5.26516
      vertex 10.8882 0.353206 5.23662
      vertex 10.9235 0.377137 5.28701
    endloop
  endfacet
  facet normal -0.790459 0.53265 0.30242
    outer loop
      vertex 10.8934 0.337892 5.2765
      vertex 10.8505 0.324759 5.1875
      vertex 10.8947 0.333854 5.28701
    endloop
  endfacet
  facet normal -0.794212 0.525374 0.305303
    outer loop
      vertex 10.8882 0.353206 5.23662
      vertex 10.8505 0.324759 5.1875
      vertex 10.8934 0.337892 5.2765
    endloop
  endfacet
  facet normal -0.793321 0.527985 0.303107
    outer loop
      vertex 10.8505 0.324759 5.1875
      vertex 10.8882 0.353206 5.23662
      vertex 10.9697 0.459279 5.26516
    endloop
  endfacet
  facet normal -0.79219 0.528562 0.305053
    outer loop
      vertex 10.9697 -0.34072 6.65081
      vertex 10.9235 0.377137 5.28701
      vertex 10.905 0.3435 5.29725
    endloop
  endfacet
  facet normal -0.793369 0.527186 0.304369
    outer loop
      vertex 10.9235 0.377137 5.28701
      vertex 10.9697 -0.34072 6.65081
      vertex 10.9697 0.459279 5.26516
    endloop
  endfacet
  facet normal -0.794479 0.525847 0.30379
    outer loop
      vertex 10.8947 0.333854 5.28701
      vertex 10.9697 -0.34072 6.65081
      vertex 10.905 0.3435 5.29725
    endloop
  endfacet
  facet normal -0.793528 0.526986 0.304301
    outer loop
      vertex 10.9697 -0.34072 6.65081
      vertex 10.8947 0.333854 5.28701
      vertex 10.8505 0.324759 5.1875
    endloop
  endfacet
  facet normal -0.130494 -0.858619 -0.495726
    outer loop
      vertex 11.5 -1.44952 6.01064
      vertex 11.3295 -0.727557 4.80505
      vertex 11.5 -0.75 4.79904
    endloop
  endfacet
  facet normal 0.130533 -0.858617 -0.495719
    outer loop
      vertex 11.6705 -0.727557 4.80505
      vertex 11.6941 -1.42739 6.02342
      vertex 11.5 -1.44952 6.01064
    endloop
  endfacet
  facet normal 0.130725 -0.858594 -0.495709
    outer loop
      vertex 11.6941 -1.42739 6.02342
      vertex 11.6705 -0.727557 4.80505
      vertex 11.6941 -0.724443 4.80588
    endloop
  endfacet
  facet normal 0 -0.500095 0.865971
    outer loop
      vertex 11.6941 -1.42739 6.02342
      vertex 11.3059 -1.42739 6.02342
      vertex 11.5 -1.44952 6.01064
    endloop
  endfacet
  facet normal 0.793367 -0.527187 -0.304373
    outer loop
      vertex 12.1418 -0.385015 4.89684
      vertex 12.0303 -1.25928 6.12047
      vertex 12.0303 -0.53033 4.8579
    endloop
  endfacet
  facet normal -0.382651 0.800115 0.461946
    outer loop
      vertex 11.3059 0.627387 5.36222
      vertex 11.125 0.5625 5.32476
      vertex 11.3059 -0.172612 6.74786
    endloop
  endfacet
  facet normal -0.130542 0.858615 0.495721
    outer loop
      vertex 11.3059 0.627387 5.36222
      vertex 11.3059 -0.172612 6.74786
      vertex 11.5 0.649519 5.375
    endloop
  endfacet
  facet normal -0.923994 -0.331174 -0.191204
    outer loop
      vertex 10.8459 -0.363974 4.90247
      vertex 10.7756 -0.968107 6.28858
      vertex 10.7756 -0.194114 4.94799
    endloop
  endfacet
  facet normal -0.991415 -0.113233 -0.0653752
    outer loop
      vertex 10.7756 -0.968107 6.28858
      vertex 10.75 0 5
      vertex 10.7756 -0.194114 4.94799
    endloop
  endfacet
  facet normal -0.792719 -0.527917 -0.304794
    outer loop
      vertex 10.8582 -0.385015 4.89684
      vertex 10.8505 -1.12476 6.19814
      vertex 10.8505 -0.375 4.89952
    endloop
  endfacet
  facet normal -0.793331 -0.527223 -0.304403
    outer loop
      vertex 10.8505 -1.12476 6.19814
      vertex 10.8582 -0.385015 4.89684
      vertex 10.9697 -1.25928 6.12047
    endloop
  endfacet
  facet normal 5.79895e-05 -0.499985 0.866034
    outer loop
      vertex 10.9697 -1.25928 6.12047
      vertex 10.75 -0.799999 6.38564
      vertex 10.8505 -1.12476 6.19814
    endloop
  endfacet
  facet normal -0.991416 0.113406 0.065072
    outer loop
      vertex 10.75 0 5
      vertex 10.7566 0.0015294 5.09789
      vertex 10.7756 0.168107 5.09706
    endloop
  endfacet
  facet normal -0.991549 0.112213 0.0650997
    outer loop
      vertex 10.75 0 5
      vertex 10.7564 0 5.09748
      vertex 10.7566 0.0015294 5.09789
    endloop
  endfacet
  facet normal -0.969246 0.237722 0.0636354
    outer loop
      vertex 10.75 0 5
      vertex 10.7564 -0.000109752 5.09789
      vertex 10.7564 0 5.09748
    endloop
  endfacet
  facet normal -0.991556 0.112238 0.0649533
    outer loop
      vertex 10.7564 -0.000109752 5.09789
      vertex 10.75 0 5
      vertex 10.7756 -0.631891 6.4827
    endloop
  endfacet
  facet normal -0.996562 0.0693142 0.0453779
    outer loop
      vertex 10.7756 -0.631891 6.4827
      vertex 10.7566 0.0015294 5.09789
      vertex 10.7565 0 5.09803
    endloop
  endfacet
  facet normal -0.991389 0.113405 0.0654743
    outer loop
      vertex 10.7566 0.0015294 5.09789
      vertex 10.7756 -0.631891 6.4827
      vertex 10.7756 0.168107 5.09706
    endloop
  endfacet
  facet normal -0.847365 0.478575 0.230085
    outer loop
      vertex 10.7756 -0.631891 6.4827
      vertex 10.7565 0 5.09803
      vertex 10.7564 -0.000109752 5.09789
    endloop
  endfacet
  facet normal -0.991416 0.113231 0.0653739
    outer loop
      vertex 10.75 0 5
      vertex 10.75 -0.799999 6.38564
      vertex 10.7756 -0.631891 6.4827
    endloop
  endfacet
  facet normal 0 0.500019 -0.866014
    outer loop
      vertex 11.5954 0.63454 5.36635
      vertex 11.6941 0.627387 5.36222
      vertex 11.6679 0.627387 5.36222
    endloop
  endfacet
  facet normal 2.37493e-05 0.500195 -0.865913
    outer loop
      vertex 11.5 0.649519 5.375
      vertex 11.5954 0.63454 5.36635
      vertex 11.5 0.643962 5.37179
    endloop
  endfacet
  facet normal 1.10741e-05 0.500134 -0.865948
    outer loop
      vertex 11.5954 0.63454 5.36635
      vertex 11.5 0.649519 5.375
      vertex 11.6941 0.627387 5.36222
    endloop
  endfacet
  facet normal -2.37493e-05 0.500195 -0.865913
    outer loop
      vertex 11.4046 0.63454 5.36635
      vertex 11.5 0.649519 5.375
      vertex 11.5 0.643962 5.37179
    endloop
  endfacet
  facet normal 0 0.500019 -0.866014
    outer loop
      vertex 11.3059 0.627387 5.36222
      vertex 11.4046 0.63454 5.36635
      vertex 11.3321 0.627387 5.36222
    endloop
  endfacet
  facet normal -1.10741e-05 0.500134 -0.865948
    outer loop
      vertex 11.4046 0.63454 5.36635
      vertex 11.3059 0.627387 5.36222
      vertex 11.5 0.649519 5.375
    endloop
  endfacet
  facet normal -0.923925 0.382573 0
    outer loop
      vertex 22.2756 0.194114 0
      vertex 22.3505 0.375 5
      vertex 22.3505 0.375 0
    endloop
  endfacet
  facet normal -0.923925 0.382573 0
    outer loop
      vertex 22.3505 0.375 5
      vertex 22.2756 0.194114 0
      vertex 22.2756 0.194114 5
    endloop
  endfacet
  facet normal 0.793326 0.608797 0
    outer loop
      vertex 23.6495 0.375 5
      vertex 23.5303 0.53033 0
      vertex 23.5303 0.53033 5
    endloop
  endfacet
  facet normal 0.793326 0.608797 0
    outer loop
      vertex 23.5303 0.53033 0
      vertex 23.6495 0.375 5
      vertex 23.6495 0.375 0
    endloop
  endfacet
  facet normal 0.991415 0.130749 0
    outer loop
      vertex 23.75 0 5
      vertex 23.7244 0.194114 0
      vertex 23.7244 0.194114 5
    endloop
  endfacet
  facet normal 0.991415 0.130749 0
    outer loop
      vertex 23.7244 0.194114 0
      vertex 23.75 0 5
      vertex 23.75 0 0
    endloop
  endfacet
  facet normal 0.130543 -0.991443 0
    outer loop
      vertex 23.1941 -0.724443 0
      vertex 23 -0.75 4.79904
      vertex 23 -0.75 0
    endloop
  endfacet
  facet normal 0.130505 -0.991448 -1.55142e-06
    outer loop
      vertex 23 -0.75 4.79904
      vertex 23.1941 -0.724443 0
      vertex 23.1705 -0.727557 4.80505
    endloop
  endfacet
  facet normal 0.130815 -0.991407 0
    outer loop
      vertex 23.1705 -0.727557 4.80505
      vertex 23.1941 -0.724443 0
      vertex 23.1941 -0.724443 4.80588
    endloop
  endfacet
  facet normal -0.60894 -0.793216 0
    outer loop
      vertex 22.4697 -0.53033 0
      vertex 22.6084 -0.636808 4.82937
      vertex 22.4697 -0.53033 4.8579
    endloop
  endfacet
  facet normal -0.607965 -0.793964 -4.44938e-05
    outer loop
      vertex 22.4697 -0.53033 0
      vertex 22.625 -0.649519 4.82596
      vertex 22.6084 -0.636808 4.82937
    endloop
  endfacet
  facet normal -0.608836 -0.793296 -0
    outer loop
      vertex 22.625 -0.649519 4.82596
      vertex 22.4697 -0.53033 0
      vertex 22.625 -0.649519 0
    endloop
  endfacet
  facet normal 0.923992 -0.382413 0
    outer loop
      vertex 23.6541 -0.363974 4.90247
      vertex 23.7244 -0.194114 0
      vertex 23.7244 -0.194114 4.94799
    endloop
  endfacet
  facet normal 0.922913 -0.385007 -0.000105362
    outer loop
      vertex 23.6495 -0.375 4.89952
      vertex 23.7244 -0.194114 0
      vertex 23.6541 -0.363974 4.90247
    endloop
  endfacet
  facet normal 0.923925 -0.382573 0
    outer loop
      vertex 23.7244 -0.194114 0
      vertex 23.6495 -0.375 4.89952
      vertex 23.6495 -0.375 0
    endloop
  endfacet
  facet normal 0.923925 0.382573 0
    outer loop
      vertex 23.7244 0.194114 5
      vertex 23.6495 0.375 0
      vertex 23.6495 0.375 5
    endloop
  endfacet
  facet normal 0.923925 0.382573 0
    outer loop
      vertex 23.6495 0.375 0
      vertex 23.7244 0.194114 5
      vertex 23.7244 0.194114 0
    endloop
  endfacet
  facet normal -0.792771 -0.609519 0
    outer loop
      vertex 22.3505 -0.375 0
      vertex 22.3582 -0.385015 4.89684
      vertex 22.3505 -0.375 4.89952
    endloop
  endfacet
  facet normal -0.793326 -0.608797 -0
    outer loop
      vertex 22.4697 -0.53033 4.8579
      vertex 22.3505 -0.375 0
      vertex 22.4697 -0.53033 0
    endloop
  endfacet
  facet normal -0.793364 -0.608748 2.51055e-06
    outer loop
      vertex 22.3505 -0.375 0
      vertex 22.4697 -0.53033 4.8579
      vertex 22.3582 -0.385015 4.89684
    endloop
  endfacet
  facet normal 0.792771 -0.609519 0
    outer loop
      vertex 23.6418 -0.385015 4.89684
      vertex 23.6495 -0.375 0
      vertex 23.6495 -0.375 4.89952
    endloop
  endfacet
  facet normal 0.793364 -0.608748 2.51055e-06
    outer loop
      vertex 23.5303 -0.53033 4.8579
      vertex 23.6495 -0.375 0
      vertex 23.6418 -0.385015 4.89684
    endloop
  endfacet
  facet normal 0.793326 -0.608797 0
    outer loop
      vertex 23.6495 -0.375 0
      vertex 23.5303 -0.53033 4.8579
      vertex 23.5303 -0.53033 0
    endloop
  endfacet
  facet normal -0.608836 0.793296 0
    outer loop
      vertex 22.625 0.649519 0
      vertex 22.4697 0.53033 5
      vertex 22.625 0.649519 5
    endloop
  endfacet
  facet normal -0.608836 0.793296 0
    outer loop
      vertex 22.4697 0.53033 5
      vertex 22.625 0.649519 0
      vertex 22.4697 0.53033 0
    endloop
  endfacet
  facet normal 0.608836 -0.793296 0
    outer loop
      vertex 23.5303 -0.53033 0
      vertex 23.375 -0.649519 4.82596
      vertex 23.375 -0.649519 0
    endloop
  endfacet
  facet normal 0.607965 -0.793964 -4.44938e-05
    outer loop
      vertex 23.375 -0.649519 4.82596
      vertex 23.5303 -0.53033 0
      vertex 23.3916 -0.636808 4.82937
    endloop
  endfacet
  facet normal 0.60894 -0.793216 0
    outer loop
      vertex 23.3916 -0.636808 4.82937
      vertex 23.5303 -0.53033 0
      vertex 23.5303 -0.53033 4.8579
    endloop
  endfacet
  facet normal -0.793326 0.608797 0
    outer loop
      vertex 22.3505 0.375 0
      vertex 22.4697 0.53033 5
      vertex 22.4697 0.53033 0
    endloop
  endfacet
  facet normal -0.793326 0.608797 0
    outer loop
      vertex 22.4697 0.53033 5
      vertex 22.3505 0.375 0
      vertex 22.3505 0.375 5
    endloop
  endfacet
  facet normal 0.382652 0.923893 -0
    outer loop
      vertex 23.375 0.649519 0
      vertex 23.1941 0.724443 5
      vertex 23.375 0.649519 5
    endloop
  endfacet
  facet normal 0.382652 0.923893 0
    outer loop
      vertex 23.1941 0.724443 5
      vertex 23.375 0.649519 0
      vertex 23.1941 0.724443 0
    endloop
  endfacet
  facet normal -0.130543 0.991443 0
    outer loop
      vertex 23 0.75 0
      vertex 22.8059 0.724443 5
      vertex 23 0.75 5
    endloop
  endfacet
  facet normal -0.130543 0.991443 0
    outer loop
      vertex 22.8059 0.724443 5
      vertex 23 0.75 0
      vertex 22.8059 0.724443 0
    endloop
  endfacet
  facet normal 0 0 -1
    outer loop
      vertex 23.7244 -0.194114 0
      vertex 23.7244 0.194114 0
      vertex 23.75 0 0
    endloop
  endfacet
  facet normal 0 0 -1
    outer loop
      vertex 23.6495 -0.375 0
      vertex 23.7244 0.194114 0
      vertex 23.7244 -0.194114 0
    endloop
  endfacet
  facet normal 0 0 -1
    outer loop
      vertex 23.6495 -0.375 0
      vertex 23.6495 0.375 0
      vertex 23.7244 0.194114 0
    endloop
  endfacet
  facet normal 0 0 -1
    outer loop
      vertex 23.5303 -0.53033 0
      vertex 23.6495 0.375 0
      vertex 23.6495 -0.375 0
    endloop
  endfacet
  facet normal 0 0 -1
    outer loop
      vertex 23.5303 -0.53033 0
      vertex 23.5303 0.53033 0
      vertex 23.6495 0.375 0
    endloop
  endfacet
  facet normal 0 0 -1
    outer loop
      vertex 23.375 -0.649519 0
      vertex 23.5303 0.53033 0
      vertex 23.5303 -0.53033 0
    endloop
  endfacet
  facet normal 0 0 -1
    outer loop
      vertex 23.375 -0.649519 0
      vertex 23.375 0.649519 0
      vertex 23.5303 0.53033 0
    endloop
  endfacet
  facet normal 0 0 -1
    outer loop
      vertex 23.1941 -0.724443 0
      vertex 23.375 0.649519 0
      vertex 23.375 -0.649519 0
    endloop
  endfacet
  facet normal 0 0 -1
    outer loop
      vertex 23.1941 -0.724443 0
      vertex 23.1941 0.724443 0
      vertex 23.375 0.649519 0
    endloop
  endfacet
  facet normal 0 0 -1
    outer loop
      vertex 23 -0.75 0
      vertex 23.1941 0.724443 0
      vertex 23.1941 -0.724443 0
    endloop
  endfacet
  facet normal 0 0 -1
    outer loop
      vertex 23 -0.75 0
      vertex 23 0.75 0
      vertex 23.1941 0.724443 0
    endloop
  endfacet
  facet normal 0 0 -1
    outer loop
      vertex 22.8059 -0.724443 0
      vertex 23 0.75 0
      vertex 23 -0.75 0
    endloop
  endfacet
  facet normal 0 0 -1
    outer loop
      vertex 22.8059 -0.724443 0
      vertex 22.8059 0.724443 0
      vertex 23 0.75 0
    endloop
  endfacet
  facet normal 0 0 -1
    outer loop
      vertex 22.625 -0.649519 0
      vertex 22.8059 0.724443 0
      vertex 22.8059 -0.724443 0
    endloop
  endfacet
  facet normal 0 0 -1
    outer loop
      vertex 22.625 -0.649519 0
      vertex 22.625 0.649519 0
      vertex 22.8059 0.724443 0
    endloop
  endfacet
  facet normal 0 0 -1
    outer loop
      vertex 22.4697 -0.53033 0
      vertex 22.625 0.649519 0
      vertex 22.625 -0.649519 0
    endloop
  endfacet
  facet normal 0 0 -1
    outer loop
      vertex 22.4697 -0.53033 0
      vertex 22.4697 0.53033 0
      vertex 22.625 0.649519 0
    endloop
  endfacet
  facet normal 0 0 -1
    outer loop
      vertex 22.3505 -0.375 0
      vertex 22.4697 0.53033 0
      vertex 22.4697 -0.53033 0
    endloop
  endfacet
  facet normal 0 0 -1
    outer loop
      vertex 22.3505 -0.375 0
      vertex 22.3505 0.375 0
      vertex 22.4697 0.53033 0
    endloop
  endfacet
  facet normal 0 0 -1
    outer loop
      vertex 22.2756 -0.194114 0
      vertex 22.3505 0.375 0
      vertex 22.3505 -0.375 0
    endloop
  endfacet
  facet normal 0 0 -1
    outer loop
      vertex 22.2756 -0.194114 0
      vertex 22.2756 0.194114 0
      vertex 22.3505 0.375 0
    endloop
  endfacet
  facet normal 0 -0 -1
    outer loop
      vertex 22.2756 0.194114 0
      vertex 22.2756 -0.194114 0
      vertex 22.25 0 0
    endloop
  endfacet
  facet normal 0.130543 0.991443 -0
    outer loop
      vertex 23.1941 0.724443 0
      vertex 23 0.75 5
      vertex 23.1941 0.724443 5
    endloop
  endfacet
  facet normal 0.130543 0.991443 0
    outer loop
      vertex 23 0.75 5
      vertex 23.1941 0.724443 0
      vertex 23 0.75 0
    endloop
  endfacet
  facet normal -0.382652 -0.923893 0
    outer loop
      vertex 22.625 -0.649519 0
      vertex 22.8059 -0.724443 4.80588
      vertex 22.625 -0.649519 4.82596
    endloop
  endfacet
  facet normal -0.382652 -0.923893 -0
    outer loop
      vertex 22.8059 -0.724443 4.80588
      vertex 22.625 -0.649519 0
      vertex 22.8059 -0.724443 0
    endloop
  endfacet
  facet normal -0.382652 0.923893 0
    outer loop
      vertex 22.8059 0.724443 0
      vertex 22.625 0.649519 5
      vertex 22.8059 0.724443 5
    endloop
  endfacet
  facet normal -0.382652 0.923893 0
    outer loop
      vertex 22.625 0.649519 5
      vertex 22.8059 0.724443 0
      vertex 22.625 0.649519 0
    endloop
  endfacet
  facet normal -0.991415 0.130749 0
    outer loop
      vertex 22.25 0 0
      vertex 22.2756 0.194114 5
      vertex 22.2756 0.194114 0
    endloop
  endfacet
  facet normal -0.991415 0.130749 0
    outer loop
      vertex 22.2756 0.194114 5
      vertex 22.25 0 0
      vertex 22.25 0 5
    endloop
  endfacet
  facet normal -0.991415 -0.130749 -0
    outer loop
      vertex 22.2756 -0.194114 4.94799
      vertex 22.25 0 0
      vertex 22.2756 -0.194114 0
    endloop
  endfacet
  facet normal -0.991415 -0.130749 0
    outer loop
      vertex 22.25 0 0
      vertex 22.2756 -0.194114 4.94799
      vertex 22.25 0 5
    endloop
  endfacet
  facet normal 0.608836 0.793296 -0
    outer loop
      vertex 23.5303 0.53033 0
      vertex 23.375 0.649519 5
      vertex 23.5303 0.53033 5
    endloop
  endfacet
  facet normal 0.608836 0.793296 0
    outer loop
      vertex 23.375 0.649519 5
      vertex 23.5303 0.53033 0
      vertex 23.375 0.649519 0
    endloop
  endfacet
  facet normal -0.130815 -0.991407 0
    outer loop
      vertex 22.8059 -0.724443 0
      vertex 22.8295 -0.727557 4.80505
      vertex 22.8059 -0.724443 4.80588
    endloop
  endfacet
  facet normal -0.130505 -0.991448 -1.55142e-06
    outer loop
      vertex 22.8059 -0.724443 0
      vertex 23 -0.75 4.79904
      vertex 22.8295 -0.727557 4.80505
    endloop
  endfacet
  facet normal -0.130543 -0.991443 -0
    outer loop
      vertex 23 -0.75 4.79904
      vertex 22.8059 -0.724443 0
      vertex 23 -0.75 0
    endloop
  endfacet
  facet normal 0.382652 -0.923893 0
    outer loop
      vertex 23.375 -0.649519 0
      vertex 23.1941 -0.724443 4.80588
      vertex 23.1941 -0.724443 0
    endloop
  endfacet
  facet normal 0.382652 -0.923893 0
    outer loop
      vertex 23.1941 -0.724443 4.80588
      vertex 23.375 -0.649519 0
      vertex 23.375 -0.649519 4.82596
    endloop
  endfacet
  facet normal -0.923992 -0.382413 0
    outer loop
      vertex 22.2756 -0.194114 0
      vertex 22.3459 -0.363974 4.90247
      vertex 22.2756 -0.194114 4.94799
    endloop
  endfacet
  facet normal -0.923925 -0.382573 -0
    outer loop
      vertex 22.3505 -0.375 4.89952
      vertex 22.2756 -0.194114 0
      vertex 22.3505 -0.375 0
    endloop
  endfacet
  facet normal -0.922913 -0.385007 -0.000105362
    outer loop
      vertex 22.2756 -0.194114 0
      vertex 22.3505 -0.375 4.89952
      vertex 22.3459 -0.363974 4.90247
    endloop
  endfacet
  facet normal 0 0 1
    outer loop
      vertex 23.7244 0.194114 5
      vertex 23.7436 2.07386e-07 5
      vertex 23.75 0 5
    endloop
  endfacet
  facet normal 0 0 1
    outer loop
      vertex 23.7244 0.194114 5
      vertex 23.7182 0.192453 5
      vertex 23.7436 2.07386e-07 5
    endloop
  endfacet
  facet normal 0 0 1
    outer loop
      vertex 23.6495 0.375 5
      vertex 23.7182 0.192453 5
      vertex 23.7244 0.194114 5
    endloop
  endfacet
  facet normal 0 0 1
    outer loop
      vertex 23.6495 0.375 5
      vertex 23.644 0.371791 5
      vertex 23.7182 0.192453 5
    endloop
  endfacet
  facet normal 0 0 1
    outer loop
      vertex 23.5303 0.53033 5
      vertex 23.644 0.371791 5
      vertex 23.6495 0.375 5
    endloop
  endfacet
  facet normal 0 0 1
    outer loop
      vertex 23.5303 0.53033 5
      vertex 23.5258 0.525792 5
      vertex 23.644 0.371791 5
    endloop
  endfacet
  facet normal 0 0 1
    outer loop
      vertex 23.375 0.649519 5
      vertex 23.5258 0.525792 5
      vertex 23.5303 0.53033 5
    endloop
  endfacet
  facet normal 0 0 1
    outer loop
      vertex 23.375 0.649519 5
      vertex 23.3718 0.643962 5
      vertex 23.5258 0.525792 5
    endloop
  endfacet
  facet normal 0 0 1
    outer loop
      vertex 23.1941 0.724443 5
      vertex 23.3718 0.643962 5
      vertex 23.375 0.649519 5
    endloop
  endfacet
  facet normal 0 0 1
    outer loop
      vertex 23.1941 0.724443 5
      vertex 23.1925 0.718246 5
      vertex 23.3718 0.643962 5
    endloop
  endfacet
  facet normal 0 0 1
    outer loop
      vertex 23 0.75 5
      vertex 23.1925 0.718246 5
      vertex 23.1941 0.724443 5
    endloop
  endfacet
  facet normal 0 0 1
    outer loop
      vertex 23 0.75 5
      vertex 23 0.743583 5
      vertex 23.1925 0.718246 5
    endloop
  endfacet
  facet normal 0 0 1
    outer loop
      vertex 23 0.75 5
      vertex 22.8075 0.718246 5
      vertex 23 0.743583 5
    endloop
  endfacet
  facet normal -0 0 1
    outer loop
      vertex 22.8059 0.724443 5
      vertex 22.8075 0.718246 5
      vertex 23 0.75 5
    endloop
  endfacet
  facet normal 0 0 1
    outer loop
      vertex 22.8059 0.724443 5
      vertex 22.6282 0.643962 5
      vertex 22.8075 0.718246 5
    endloop
  endfacet
  facet normal -0 0 1
    outer loop
      vertex 22.625 0.649519 5
      vertex 22.6282 0.643962 5
      vertex 22.8059 0.724443 5
    endloop
  endfacet
  facet normal 0 0 1
    outer loop
      vertex 22.625 0.649519 5
      vertex 22.4742 0.525792 5
      vertex 22.6282 0.643962 5
    endloop
  endfacet
  facet normal -0 0 1
    outer loop
      vertex 22.4697 0.53033 5
      vertex 22.4742 0.525792 5
      vertex 22.625 0.649519 5
    endloop
  endfacet
  facet normal 0 0 1
    outer loop
      vertex 22.4697 0.53033 5
      vertex 22.356 0.371791 5
      vertex 22.4742 0.525792 5
    endloop
  endfacet
  facet normal -0 0 1
    outer loop
      vertex 22.3505 0.375 5
      vertex 22.356 0.371791 5
      vertex 22.4697 0.53033 5
    endloop
  endfacet
  facet normal 0 0 1
    outer loop
      vertex 22.3505 0.375 5
      vertex 22.2818 0.192453 5
      vertex 22.356 0.371791 5
    endloop
  endfacet
  facet normal -0 0 1
    outer loop
      vertex 22.2756 0.194114 5
      vertex 22.2818 0.192453 5
      vertex 22.3505 0.375 5
    endloop
  endfacet
  facet normal 0 0 1
    outer loop
      vertex 22.2756 0.194114 5
      vertex 22.2564 2.07386e-07 5
      vertex 22.2818 0.192453 5
    endloop
  endfacet
  facet normal 0 -0 1
    outer loop
      vertex 22.2564 2.07386e-07 5
      vertex 22.2756 0.194114 5
      vertex 22.25 0 5
    endloop
  endfacet
  facet normal 0.991415 -0.130749 0
    outer loop
      vertex 23.7244 -0.194114 4.94799
      vertex 23.75 0 0
      vertex 23.75 0 5
    endloop
  endfacet
  facet normal 0.991415 -0.130749 0
    outer loop
      vertex 23.75 0 0
      vertex 23.7244 -0.194114 4.94799
      vertex 23.7244 -0.194114 0
    endloop
  endfacet
  facet normal -0.813733 0 0.581238
    outer loop
      vertex 22.2565 0 5.09803
      vertex 22.2564 0 5.09789
      vertex 22.2564 -0.000109752 5.09789
    endloop
  endfacet
  facet normal -0.528291 0.688061 0.497475
    outer loop
      vertex 22.6669 0.577013 5.33314
      vertex 22.6535 0.600077 5.28701
      vertex 22.5586 0.518349 5.29927
    endloop
  endfacet
  facet normal -0.527691 0.688607 0.497356
    outer loop
      vertex 22.5586 0.518349 5.29927
      vertex 22.51 0.489961 5.28701
      vertex 22.5407 0.493993 5.314
    endloop
  endfacet
  facet normal -0.527461 0.687371 0.499305
    outer loop
      vertex 22.51 0.489961 5.28701
      vertex 22.5586 0.518349 5.29927
      vertex 22.6535 0.600077 5.28701
    endloop
  endfacet
  facet normal 0.588388 0.76677 0.256641
    outer loop
      vertex 23.3718 0.643962 5.09789
      vertex 23.3465 0.600077 5.28701
      vertex 23.49 0.489961 5.28701
    endloop
  endfacet
  facet normal -0.588375 0.766775 0.256653
    outer loop
      vertex 22.6282 0.643962 5.09789
      vertex 22.4742 0.525792 5.09789
      vertex 22.51 0.489961 5.28701
    endloop
  endfacet
  facet normal -0.991558 0.129666 0
    outer loop
      vertex 22.2566 0.0015294 5.09789
      vertex 22.2564 0 5.09748
      vertex 22.2564 0 5.09789
    endloop
  endfacet
  facet normal -0.991437 0.130585 0
    outer loop
      vertex 22.2756 0.145381 5.08394
      vertex 22.2818 0.192453 5.09789
      vertex 22.2818 0.192453 5
    endloop
  endfacet
  facet normal -0.990883 0.13416 -0.0123101
    outer loop
      vertex 22.2818 0.192453 5.09789
      vertex 22.2756 0.145381 5.08394
      vertex 22.2787 0.169557 5.09789
    endloop
  endfacet
  facet normal -0.991403 0.130846 0.000148607
    outer loop
      vertex 22.2756 0.145381 5.08394
      vertex 22.2818 0.192453 5
      vertex 22.2564 2.07386e-07 5
    endloop
  endfacet
  facet normal -0.924033 0.382313 0
    outer loop
      vertex 22.2818 0.192453 5
      vertex 22.356 0.371791 5.09789
      vertex 22.356 0.371791 5
    endloop
  endfacet
  facet normal -0.924033 0.382313 0
    outer loop
      vertex 22.356 0.371791 5.09789
      vertex 22.2818 0.192453 5
      vertex 22.2818 0.192453 5.09789
    endloop
  endfacet
  facet normal 0.802923 0.331339 0.495509
    outer loop
      vertex 23.6001 0.346455 5.28701
      vertex 23.595 0.3435 5.29725
      vertex 23.6053 0.333854 5.28701
    endloop
  endfacet
  facet normal 0.894444 0.369106 0.252448
    outer loop
      vertex 23.6066 0.337892 5.2765
      vertex 23.6001 0.346455 5.28701
      vertex 23.6053 0.333854 5.28701
    endloop
  endfacet
  facet normal 0.894053 0.36745 0.256221
    outer loop
      vertex 23.7051 0.208603 5.12044
      vertex 23.7182 0.192453 5.09789
      vertex 23.7027 0.212769 5.12284
    endloop
  endfacet
  facet normal 0.893888 0.368384 0.255456
    outer loop
      vertex 23.7182 0.192453 5.09789
      vertex 23.7051 0.208603 5.12044
      vertex 23.7091 0.19 5.13327
    endloop
  endfacet
  facet normal -0.688873 0.527356 0.497343
    outer loop
      vertex 22.51 0.489961 5.28701
      vertex 22.492 0.466448 5.28701
      vertex 22.5074 0.469872 5.30471
    endloop
  endfacet
  facet normal -0.688419 0.529519 0.49567
    outer loop
      vertex 22.4235 0.377137 5.28701
      vertex 22.3999 0.346455 5.28701
      vertex 22.405 0.3435 5.29725
    endloop
  endfacet
  facet normal 0.813733 0 0.581238
    outer loop
      vertex 23.7436 0 5.09789
      vertex 23.7435 0 5.09803
      vertex 23.7436 -0.000109752 5.09789
    endloop
  endfacet
  facet normal -0.126174 0.958193 0.256801
    outer loop
      vertex 23 0.692909 5.28701
      vertex 22.8075 0.718246 5.09789
      vertex 22.8207 0.669299 5.28701
    endloop
  endfacet
  facet normal 0.793277 0.608862 0
    outer loop
      vertex 23.644 0.371791 5.09789
      vertex 23.5258 0.525792 5
      vertex 23.5258 0.525792 5.09789
    endloop
  endfacet
  facet normal 0.793277 0.608862 0
    outer loop
      vertex 23.5258 0.525792 5
      vertex 23.644 0.371791 5.09789
      vertex 23.644 0.371791 5
    endloop
  endfacet
  facet normal 0.76671 0.588471 0.256629
    outer loop
      vertex 23.5258 0.525792 5.09789
      vertex 23.49 0.489961 5.28701
      vertex 23.644 0.371791 5.09789
    endloop
  endfacet
  facet normal 0.688873 0.527356 0.497343
    outer loop
      vertex 23.508 0.466448 5.28701
      vertex 23.49 0.489961 5.28701
      vertex 23.4926 0.469872 5.30471
    endloop
  endfacet
  facet normal 0.688419 0.529519 0.49567
    outer loop
      vertex 23.6001 0.346455 5.28701
      vertex 23.5765 0.377137 5.28701
      vertex 23.595 0.3435 5.29725
    endloop
  endfacet
  facet normal 0.688907 0.527336 0.497316
    outer loop
      vertex 23.49 0.489961 5.28701
      vertex 23.474 0.474008 5.32609
      vertex 23.4926 0.469872 5.30471
    endloop
  endfacet
  facet normal 0.369928 0.892898 0.256684
    outer loop
      vertex 23.3718 0.643962 5.09789
      vertex 23.1925 0.718246 5.09789
      vertex 23.3465 0.600077 5.28701
    endloop
  endfacet
  facet normal 0.924033 0.382313 0
    outer loop
      vertex 23.7182 0.192453 5.09789
      vertex 23.644 0.371791 5
      vertex 23.644 0.371791 5.09789
    endloop
  endfacet
  facet normal 0.924033 0.382313 0
    outer loop
      vertex 23.644 0.371791 5
      vertex 23.7182 0.192453 5.09789
      vertex 23.7182 0.192453 5
    endloop
  endfacet
  facet normal 0.332081 0.801915 0.496644
    outer loop
      vertex 23.1793 0.669299 5.28701
      vertex 23.1681 0.627364 5.36221
      vertex 23.2248 0.610071 5.35222
    endloop
  endfacet
  facet normal 0.588375 0.766775 0.256653
    outer loop
      vertex 23.5258 0.525792 5.09789
      vertex 23.3718 0.643962 5.09789
      vertex 23.49 0.489961 5.28701
    endloop
  endfacet
  facet normal 0.958123 0.129477 0.255413
    outer loop
      vertex 23.7182 0.192453 5.09789
      vertex 23.7091 0.19 5.13327
      vertex 23.717 0.183007 5.10718
    endloop
  endfacet
  facet normal 0.809165 0.105815 0.577975
    outer loop
      vertex 23.7436 0 5.09789
      vertex 23.7434 0.0015294 5.09789
      vertex 23.7435 0 5.09803
    endloop
  endfacet
  facet normal 0.964786 0.11166 0.238158
    outer loop
      vertex 23.7175 0.182526 5.10538
      vertex 23.7182 0.192453 5.09789
      vertex 23.717 0.183007 5.10718
    endloop
  endfacet
  facet normal 0.956296 0.130133 0.261847
    outer loop
      vertex 23.7196 0.175384 5.10126
      vertex 23.7182 0.192453 5.09789
      vertex 23.7175 0.182526 5.10538
    endloop
  endfacet
  facet normal 0.957204 0.129601 0.258773
    outer loop
      vertex 23.7182 0.192453 5.09789
      vertex 23.7196 0.175384 5.10126
      vertex 23.7213 0.169557 5.09789
    endloop
  endfacet
  facet normal 0.895148 0.364457 0.256672
    outer loop
      vertex 23.6118 0.353206 5.23662
      vertex 23.6001 0.346455 5.28701
      vertex 23.6066 0.337892 5.2765
    endloop
  endfacet
  facet normal 0.89278 0.369897 0.257138
    outer loop
      vertex 23.7027 0.212769 5.12284
      vertex 23.644 0.371791 5.09789
      vertex 23.6188 0.357272 5.20627
    endloop
  endfacet
  facet normal 0.8937 0.369763 0.254118
    outer loop
      vertex 23.644 0.371791 5.09789
      vertex 23.7027 0.212769 5.12284
      vertex 23.7182 0.192453 5.09789
    endloop
  endfacet
  facet normal 0.767977 0.587912 0.254107
    outer loop
      vertex 23.49 0.489961 5.28701
      vertex 23.508 0.466448 5.28701
      vertex 23.504 0.476756 5.27525
    endloop
  endfacet
  facet normal 0.767191 0.587291 0.257889
    outer loop
      vertex 23.644 0.371791 5.09789
      vertex 23.5208 0.459279 5.26516
      vertex 23.529 0.450732 5.26023
    endloop
  endfacet
  facet normal 0.767966 0.585692 0.259215
    outer loop
      vertex 23.644 0.371791 5.09789
      vertex 23.529 0.450732 5.26023
      vertex 23.5348 0.444676 5.25673
    endloop
  endfacet
  facet normal 0.769751 0.581415 0.263514
    outer loop
      vertex 23.504 0.476756 5.27525
      vertex 23.644 0.371791 5.09789
      vertex 23.49 0.489961 5.28701
    endloop
  endfacet
  facet normal 0.766602 0.588528 0.256819
    outer loop
      vertex 23.512 0.46843 5.27045
      vertex 23.644 0.371791 5.09789
      vertex 23.504 0.476756 5.27525
    endloop
  endfacet
  facet normal 0.766497 0.588755 0.256612
    outer loop
      vertex 23.5208 0.459279 5.26516
      vertex 23.644 0.371791 5.09789
      vertex 23.512 0.46843 5.27045
    endloop
  endfacet
  facet normal 0.765662 0.590321 0.255507
    outer loop
      vertex 23.5519 0.426929 5.24649
      vertex 23.644 0.371791 5.09789
      vertex 23.5348 0.444676 5.25673
    endloop
  endfacet
  facet normal 0.766864 0.588069 0.257088
    outer loop
      vertex 23.644 0.371791 5.09789
      vertex 23.5519 0.426929 5.24649
      vertex 23.6188 0.357272 5.20627
    endloop
  endfacet
  facet normal 0.766059 0.589238 0.256813
    outer loop
      vertex 23.6118 0.353206 5.23662
      vertex 23.5765 0.377137 5.28701
      vertex 23.6001 0.346455 5.28701
    endloop
  endfacet
  facet normal -0.332081 0.801915 0.496644
    outer loop
      vertex 22.8207 0.669299 5.28701
      vertex 22.7752 0.610071 5.35222
      vertex 22.8319 0.627364 5.36221
    endloop
  endfacet
  facet normal 0.126174 0.958193 0.256801
    outer loop
      vertex 23.1925 0.718246 5.09789
      vertex 23 0.692909 5.28701
      vertex 23.1793 0.669299 5.28701
    endloop
  endfacet
  facet normal 0.113303 0.860449 0.496779
    outer loop
      vertex 23 0.692909 5.28701
      vertex 23.0954 0.63454 5.36635
      vertex 23.1793 0.669299 5.28701
    endloop
  endfacet
  facet normal 0.113308 0.860451 0.496774
    outer loop
      vertex 23.0954 0.63454 5.36635
      vertex 23 0.692909 5.28701
      vertex 23 0.643962 5.37179
    endloop
  endfacet
  facet normal -0.809165 0.105815 0.577975
    outer loop
      vertex 22.2566 0.0015294 5.09789
      vertex 22.2564 0 5.09789
      vertex 22.2565 0 5.09803
    endloop
  endfacet
  facet normal -0.964786 0.11166 0.238158
    outer loop
      vertex 22.2818 0.192453 5.09789
      vertex 22.2825 0.182526 5.10538
      vertex 22.283 0.183007 5.10718
    endloop
  endfacet
  facet normal -0.956296 0.130133 0.261847
    outer loop
      vertex 22.2818 0.192453 5.09789
      vertex 22.2804 0.175384 5.10126
      vertex 22.2825 0.182526 5.10538
    endloop
  endfacet
  facet normal -0.957204 0.129601 0.258773
    outer loop
      vertex 22.2804 0.175384 5.10126
      vertex 22.2818 0.192453 5.09789
      vertex 22.2787 0.169557 5.09789
    endloop
  endfacet
  facet normal 1 0 0
    outer loop
      vertex 23.7436 0 5.09789
      vertex 23.7436 -0.000109752 5.09789
      vertex 23.7436 0 5.09748
    endloop
  endfacet
  facet normal 0.126121 0.958214 0.25675
    outer loop
      vertex 23 0.743583 5.09789
      vertex 23 0.692909 5.28701
      vertex 23.1925 0.718246 5.09789
    endloop
  endfacet
  facet normal 0.369682 0.892936 0.256907
    outer loop
      vertex 23.1925 0.718246 5.09789
      vertex 23.1793 0.669299 5.28701
      vertex 23.3465 0.600077 5.28701
    endloop
  endfacet
  facet normal -0.126121 0.958214 0.25675
    outer loop
      vertex 23 0.743583 5.09789
      vertex 22.8075 0.718246 5.09789
      vertex 23 0.692909 5.28701
    endloop
  endfacet
  facet normal -0.334002 0.801935 0.495321
    outer loop
      vertex 22.8207 0.669299 5.28701
      vertex 22.7651 0.60697 5.35043
      vertex 22.7752 0.610071 5.35222
    endloop
  endfacet
  facet normal -0.331939 0.801772 0.496969
    outer loop
      vertex 22.7651 0.60697 5.35043
      vertex 22.8207 0.669299 5.28701
      vertex 22.6535 0.600077 5.28701
    endloop
  endfacet
  facet normal -0.33207 0.80156 0.497223
    outer loop
      vertex 22.7651 0.60697 5.35043
      vertex 22.6535 0.600077 5.28701
      vertex 22.6669 0.577013 5.33314
    endloop
  endfacet
  facet normal -0.369928 0.892898 0.256684
    outer loop
      vertex 22.8075 0.718246 5.09789
      vertex 22.6282 0.643962 5.09789
      vertex 22.6535 0.600077 5.28701
    endloop
  endfacet
  facet normal -0.588388 0.76677 0.256641
    outer loop
      vertex 22.6282 0.643962 5.09789
      vertex 22.51 0.489961 5.28701
      vertex 22.6535 0.600077 5.28701
    endloop
  endfacet
  facet normal -0.76671 0.588471 0.256629
    outer loop
      vertex 22.4742 0.525792 5.09789
      vertex 22.356 0.371791 5.09789
      vertex 22.51 0.489961 5.28701
    endloop
  endfacet
  facet normal -0.793277 0.608862 0
    outer loop
      vertex 22.356 0.371791 5
      vertex 22.4742 0.525792 5.09789
      vertex 22.4742 0.525792 5
    endloop
  endfacet
  facet normal -0.793277 0.608862 0
    outer loop
      vertex 22.4742 0.525792 5.09789
      vertex 22.356 0.371791 5
      vertex 22.356 0.371791 5.09789
    endloop
  endfacet
  facet normal -0.766497 0.588755 0.256612
    outer loop
      vertex 22.356 0.371791 5.09789
      vertex 22.4792 0.459279 5.26516
      vertex 22.488 0.46843 5.27045
    endloop
  endfacet
  facet normal -0.767191 0.587291 0.257889
    outer loop
      vertex 22.4792 0.459279 5.26516
      vertex 22.356 0.371791 5.09789
      vertex 22.471 0.450732 5.26023
    endloop
  endfacet
  facet normal -0.769751 0.581415 0.263514
    outer loop
      vertex 22.356 0.371791 5.09789
      vertex 22.496 0.476756 5.27525
      vertex 22.51 0.489961 5.28701
    endloop
  endfacet
  facet normal -0.766602 0.588528 0.256819
    outer loop
      vertex 22.356 0.371791 5.09789
      vertex 22.488 0.46843 5.27045
      vertex 22.496 0.476756 5.27525
    endloop
  endfacet
  facet normal -0.767966 0.585692 0.259215
    outer loop
      vertex 22.471 0.450732 5.26023
      vertex 22.356 0.371791 5.09789
      vertex 22.4652 0.444676 5.25673
    endloop
  endfacet
  facet normal -0.765662 0.590321 0.255507
    outer loop
      vertex 22.356 0.371791 5.09789
      vertex 22.4481 0.426929 5.24649
      vertex 22.4652 0.444676 5.25673
    endloop
  endfacet
  facet normal -0.766864 0.588069 0.257088
    outer loop
      vertex 22.4481 0.426929 5.24649
      vertex 22.356 0.371791 5.09789
      vertex 22.3812 0.357272 5.20627
    endloop
  endfacet
  facet normal -0.767977 0.587912 0.254107
    outer loop
      vertex 22.51 0.489961 5.28701
      vertex 22.496 0.476756 5.27525
      vertex 22.492 0.466448 5.28701
    endloop
  endfacet
  facet normal -0.766059 0.589238 0.256813
    outer loop
      vertex 22.4235 0.377137 5.28701
      vertex 22.3882 0.353206 5.23662
      vertex 22.3999 0.346455 5.28701
    endloop
  endfacet
  facet normal -0.958123 0.129477 0.255413
    outer loop
      vertex 22.2909 0.19 5.13327
      vertex 22.2818 0.192453 5.09789
      vertex 22.283 0.183007 5.10718
    endloop
  endfacet
  facet normal -0.802923 0.331339 0.495509
    outer loop
      vertex 22.3999 0.346455 5.28701
      vertex 22.3947 0.333854 5.28701
      vertex 22.405 0.3435 5.29725
    endloop
  endfacet
  facet normal 0.527568 0.688826 0.497183
    outer loop
      vertex 23.49 0.489961 5.28701
      vertex 23.4593 0.493993 5.314
      vertex 23.474 0.474008 5.32609
    endloop
  endfacet
  facet normal -0.382752 0.923851 0
    outer loop
      vertex 22.8075 0.718246 5
      vertex 22.6282 0.643962 5.09789
      vertex 22.8075 0.718246 5.09789
    endloop
  endfacet
  facet normal -0.382752 0.923851 0
    outer loop
      vertex 22.6282 0.643962 5.09789
      vertex 22.8075 0.718246 5
      vertex 22.6282 0.643962 5
    endloop
  endfacet
  facet normal 0.608767 0.793349 -0
    outer loop
      vertex 23.5258 0.525792 5
      vertex 23.3718 0.643962 5.09789
      vertex 23.5258 0.525792 5.09789
    endloop
  endfacet
  facet normal 0.608767 0.793349 0
    outer loop
      vertex 23.3718 0.643962 5.09789
      vertex 23.5258 0.525792 5
      vertex 23.3718 0.643962 5
    endloop
  endfacet
  facet normal 0.991558 0.129666 -0
    outer loop
      vertex 23.7436 0 5.09748
      vertex 23.7434 0.0015294 5.09789
      vertex 23.7436 0 5.09789
    endloop
  endfacet
  facet normal 0.990883 0.13416 -0.0123101
    outer loop
      vertex 23.7244 0.145381 5.08394
      vertex 23.7182 0.192453 5.09789
      vertex 23.7213 0.169557 5.09789
    endloop
  endfacet
  facet normal 0.991437 0.130585 0
    outer loop
      vertex 23.7182 0.192453 5.09789
      vertex 23.7244 0.145381 5.08394
      vertex 23.7182 0.192453 5
    endloop
  endfacet
  facet normal 0.991403 0.130846 0.000148607
    outer loop
      vertex 23.7182 0.192453 5
      vertex 23.7244 0.145381 5.08394
      vertex 23.7436 2.07386e-07 5
    endloop
  endfacet
  facet normal -0.369682 0.892936 0.256907
    outer loop
      vertex 22.8075 0.718246 5.09789
      vertex 22.6535 0.600077 5.28701
      vertex 22.8207 0.669299 5.28701
    endloop
  endfacet
  facet normal 0.382752 0.923851 -0
    outer loop
      vertex 23.3718 0.643962 5
      vertex 23.1925 0.718246 5.09789
      vertex 23.3718 0.643962 5.09789
    endloop
  endfacet
  facet normal 0.382752 0.923851 0
    outer loop
      vertex 23.1925 0.718246 5.09789
      vertex 23.3718 0.643962 5
      vertex 23.1925 0.718246 5
    endloop
  endfacet
  facet normal 0.130495 0.991449 -0
    outer loop
      vertex 23.1925 0.718246 5
      vertex 23 0.743583 5.09789
      vertex 23.1925 0.718246 5.09789
    endloop
  endfacet
  facet normal 0.130495 0.991449 0
    outer loop
      vertex 23 0.743583 5.09789
      vertex 23.1925 0.718246 5
      vertex 23 0.743583 5
    endloop
  endfacet
  facet normal 0.113194 0.860513 0.496693
    outer loop
      vertex 23.1679 0.627387 5.36222
      vertex 23.1793 0.669299 5.28701
      vertex 23.0954 0.63454 5.36635
    endloop
  endfacet
  facet normal 0.123619 0.858737 0.497283
    outer loop
      vertex 23.1793 0.669299 5.28701
      vertex 23.1679 0.627387 5.36222
      vertex 23.1681 0.627364 5.36221
    endloop
  endfacet
  facet normal -1 -0 -0
    outer loop
      vertex 22.2564 0 5.09789
      vertex 22.2564 0 5.09748
      vertex 22.2564 -0.000109752 5.09789
    endloop
  endfacet
  facet normal -0.527568 0.688826 0.497183
    outer loop
      vertex 22.5407 0.493993 5.314
      vertex 22.51 0.489961 5.28701
      vertex 22.526 0.474008 5.32609
    endloop
  endfacet
  facet normal -0.688907 0.527336 0.497316
    outer loop
      vertex 22.51 0.489961 5.28701
      vertex 22.5074 0.469872 5.30471
      vertex 22.526 0.474008 5.32609
    endloop
  endfacet
  facet normal -0.895148 0.364457 0.256672
    outer loop
      vertex 22.3999 0.346455 5.28701
      vertex 22.3882 0.353206 5.23662
      vertex 22.3934 0.337892 5.2765
    endloop
  endfacet
  facet normal -0.89278 0.369897 0.257138
    outer loop
      vertex 22.356 0.371791 5.09789
      vertex 22.2973 0.212769 5.12284
      vertex 22.3812 0.357272 5.20627
    endloop
  endfacet
  facet normal -0.8937 0.369763 0.254118
    outer loop
      vertex 22.2973 0.212769 5.12284
      vertex 22.356 0.371791 5.09789
      vertex 22.2818 0.192453 5.09789
    endloop
  endfacet
  facet normal -0.894444 0.369106 0.252448
    outer loop
      vertex 22.3999 0.346455 5.28701
      vertex 22.3934 0.337892 5.2765
      vertex 22.3947 0.333854 5.28701
    endloop
  endfacet
  facet normal -0.894053 0.36745 0.256221
    outer loop
      vertex 22.2818 0.192453 5.09789
      vertex 22.2949 0.208603 5.12044
      vertex 22.2973 0.212769 5.12284
    endloop
  endfacet
  facet normal -0.893888 0.368384 0.255456
    outer loop
      vertex 22.2949 0.208603 5.12044
      vertex 22.2818 0.192453 5.09789
      vertex 22.2909 0.19 5.13327
    endloop
  endfacet
  facet normal 0.33207 0.80156 0.497223
    outer loop
      vertex 23.3465 0.600077 5.28701
      vertex 23.2349 0.60697 5.35043
      vertex 23.3331 0.577013 5.33314
    endloop
  endfacet
  facet normal 0.331939 0.801772 0.496969
    outer loop
      vertex 23.1793 0.669299 5.28701
      vertex 23.2349 0.60697 5.35043
      vertex 23.3465 0.600077 5.28701
    endloop
  endfacet
  facet normal 0.334002 0.801935 0.495321
    outer loop
      vertex 23.2349 0.60697 5.35043
      vertex 23.1793 0.669299 5.28701
      vertex 23.2248 0.610071 5.35222
    endloop
  endfacet
  facet normal 0.527691 0.688607 0.497356
    outer loop
      vertex 23.4593 0.493993 5.314
      vertex 23.49 0.489961 5.28701
      vertex 23.4414 0.518349 5.29927
    endloop
  endfacet
  facet normal 0.528291 0.688061 0.497475
    outer loop
      vertex 23.4414 0.518349 5.29927
      vertex 23.3465 0.600077 5.28701
      vertex 23.3331 0.577013 5.33314
    endloop
  endfacet
  facet normal 0.527461 0.687371 0.499305
    outer loop
      vertex 23.3465 0.600077 5.28701
      vertex 23.4414 0.518349 5.29927
      vertex 23.49 0.489961 5.28701
    endloop
  endfacet
  facet normal -0.130495 0.991449 0
    outer loop
      vertex 23 0.743583 5
      vertex 22.8075 0.718246 5.09789
      vertex 23 0.743583 5.09789
    endloop
  endfacet
  facet normal -0.130495 0.991449 0
    outer loop
      vertex 22.8075 0.718246 5.09789
      vertex 23 0.743583 5
      vertex 22.8075 0.718246 5
    endloop
  endfacet
  facet normal -0.123619 0.858737 0.497283
    outer loop
      vertex 22.8321 0.627387 5.36222
      vertex 22.8207 0.669299 5.28701
      vertex 22.8319 0.627364 5.36221
    endloop
  endfacet
  facet normal -0.113194 0.860513 0.496693
    outer loop
      vertex 22.8207 0.669299 5.28701
      vertex 22.8321 0.627387 5.36222
      vertex 22.9046 0.63454 5.36635
    endloop
  endfacet
  facet normal -0.113308 0.860451 0.496774
    outer loop
      vertex 23 0.692909 5.28701
      vertex 22.9046 0.63454 5.36635
      vertex 23 0.643962 5.37179
    endloop
  endfacet
  facet normal -0.113303 0.860449 0.496779
    outer loop
      vertex 22.9046 0.63454 5.36635
      vertex 23 0.692909 5.28701
      vertex 22.8207 0.669299 5.28701
    endloop
  endfacet
  facet normal -0.608767 0.793349 0
    outer loop
      vertex 22.6282 0.643962 5
      vertex 22.4742 0.525792 5.09789
      vertex 22.6282 0.643962 5.09789
    endloop
  endfacet
  facet normal -0.608767 0.793349 0
    outer loop
      vertex 22.4742 0.525792 5.09789
      vertex 22.6282 0.643962 5
      vertex 22.4742 0.525792 5
    endloop
  endfacet
  facet normal 0.991389 0.113405 0.0654743
    outer loop
      vertex 23.7244 -0.631891 6.4827
      vertex 23.7434 0.0015294 5.09789
      vertex 23.7244 0.168107 5.09706
    endloop
  endfacet
  facet normal 0.847365 0.478575 0.230085
    outer loop
      vertex 23.7435 0 5.09803
      vertex 23.7244 -0.631891 6.4827
      vertex 23.7436 -0.000109752 5.09789
    endloop
  endfacet
  facet normal 0.996562 0.0693142 0.0453779
    outer loop
      vertex 23.7434 0.0015294 5.09789
      vertex 23.7244 -0.631891 6.4827
      vertex 23.7435 0 5.09803
    endloop
  endfacet
  facet normal 0.991549 0.112213 0.0650997
    outer loop
      vertex 23.75 0 5
      vertex 23.7434 0.0015294 5.09789
      vertex 23.7436 0 5.09748
    endloop
  endfacet
  facet normal 0.991416 0.113406 0.065072
    outer loop
      vertex 23.7434 0.0015294 5.09789
      vertex 23.75 0 5
      vertex 23.7244 0.168107 5.09706
    endloop
  endfacet
  facet normal 0.969246 0.237722 0.0636354
    outer loop
      vertex 23.7436 -0.000109752 5.09789
      vertex 23.75 0 5
      vertex 23.7436 0 5.09748
    endloop
  endfacet
  facet normal 0.991556 0.112238 0.0649533
    outer loop
      vertex 23.75 0 5
      vertex 23.7436 -0.000109752 5.09789
      vertex 23.7244 -0.631891 6.4827
    endloop
  endfacet
  facet normal 1.62027e-05 0.500021 -0.866013
    outer loop
      vertex 23.7244 0.145381 5.08394
      vertex 23.75 0 5
      vertex 23.7436 2.07386e-07 5
    endloop
  endfacet
  facet normal -0.00033005 0.499975 -0.86604
    outer loop
      vertex 23.75 0 5
      vertex 23.7244 0.145381 5.08394
      vertex 23.7244 0.168107 5.09706
    endloop
  endfacet
  facet normal -1.09473e-05 -0.50001 0.86602
    outer loop
      vertex 22.2756 -0.631891 6.4827
      vertex 22.25 -0.799999 6.38564
      vertex 22.4697 -1.25928 6.12047
    endloop
  endfacet
  facet normal 0.991416 0.113231 0.0653739
    outer loop
      vertex 23.75 0 5
      vertex 23.7244 -0.631891 6.4827
      vertex 23.75 -0.799999 6.38564
    endloop
  endfacet
  facet normal -0.991416 -0.113231 -0.0653739
    outer loop
      vertex 22.2756 -0.968107 6.28858
      vertex 22.25 -0.799999 6.38564
      vertex 22.25 0 5
    endloop
  endfacet
  facet normal 0.991415 -0.113233 -0.0653752
    outer loop
      vertex 23.75 0 5
      vertex 23.7244 -0.968107 6.28858
      vertex 23.7244 -0.194114 4.94799
    endloop
  endfacet
  facet normal 0.923924 0.331321 0.191288
    outer loop
      vertex 23.6495 0.324759 5.1875
      vertex 23.6495 -0.47524 6.57314
      vertex 23.7244 -0.631891 6.4827
    endloop
  endfacet
  facet normal 0 -0.499997 0.866027
    outer loop
      vertex 22.8059 -0.172612 6.74786
      vertex 23.1941 -1.42739 6.02342
      vertex 23.1941 -0.172612 6.74786
    endloop
  endfacet
  facet normal 0 -0.499997 0.866027
    outer loop
      vertex 23.1941 -1.42739 6.02342
      vertex 22.8059 -0.172612 6.74786
      vertex 22.8059 -1.42739 6.02342
    endloop
  endfacet
  facet normal 0.000880865 0.49975 -0.866169
    outer loop
      vertex 22.471 0.450732 5.26023
      vertex 22.4652 0.444676 5.25673
      vertex 22.4697 0.459279 5.26516
    endloop
  endfacet
  facet normal 0.923994 -0.331174 -0.191204
    outer loop
      vertex 23.7244 -0.968107 6.28858
      vertex 23.6541 -0.363974 4.90247
      vertex 23.7244 -0.194114 4.94799
    endloop
  endfacet
  facet normal -0.382662 -0.800111 -0.461944
    outer loop
      vertex 22.625 -0.649519 4.82596
      vertex 22.8059 -1.42739 6.02342
      vertex 22.625 -1.3625 6.06088
    endloop
  endfacet
  facet normal -0.382661 -0.800111 -0.461944
    outer loop
      vertex 22.8059 -1.42739 6.02342
      vertex 22.625 -0.649519 4.82596
      vertex 22.8059 -0.724443 4.80588
    endloop
  endfacet
  facet normal -1.75219e-05 -0.499994 0.866029
    outer loop
      vertex 22.8059 -1.42739 6.02342
      vertex 22.4697 -1.25928 6.12047
      vertex 22.625 -1.3625 6.06088
    endloop
  endfacet
  facet normal -0.130542 0.858615 0.495721
    outer loop
      vertex 23 0.649519 5.375
      vertex 22.8059 -0.172612 6.74786
      vertex 23 -0.15048 6.76064
    endloop
  endfacet
  facet normal -4.78928e-05 0.499937 -0.866062
    outer loop
      vertex 23.3331 0.577013 5.33314
      vertex 23.375 0.5625 5.32476
      vertex 23.4414 0.518349 5.29927
    endloop
  endfacet
  facet normal -0.000892343 0.498107 -0.867115
    outer loop
      vertex 23.3331 0.577013 5.33314
      vertex 23.1941 0.627387 5.36222
      vertex 23.375 0.5625 5.32476
    endloop
  endfacet
  facet normal 0.000202541 0.500375 -0.865809
    outer loop
      vertex 23.1941 0.627387 5.36222
      vertex 23.3331 0.577013 5.33314
      vertex 23.2349 0.60697 5.35043
    endloop
  endfacet
  facet normal -0.00131132 0.498506 -0.866885
    outer loop
      vertex 23.512 0.46843 5.27045
      vertex 23.504 0.476756 5.27525
      vertex 23.5303 0.459279 5.26516
    endloop
  endfacet
  facet normal 0.382651 0.800115 0.461946
    outer loop
      vertex 23.1941 0.627387 5.36222
      vertex 23.1941 -0.172612 6.74786
      vertex 23.375 0.5625 5.32476
    endloop
  endfacet
  facet normal -5.79895e-05 -0.499985 0.866034
    outer loop
      vertex 23.75 -0.799999 6.38564
      vertex 23.5303 -1.25928 6.12047
      vertex 23.6495 -1.12476 6.19814
    endloop
  endfacet
  facet normal 1.09473e-05 -0.50001 0.86602
    outer loop
      vertex 23.7244 -0.631891 6.4827
      vertex 23.5303 -1.25928 6.12047
      vertex 23.75 -0.799999 6.38564
    endloop
  endfacet
  facet normal -4.26487e-06 -0.499966 0.866045
    outer loop
      vertex 22.625 -0.237499 6.7104
      vertex 22.4697 -0.34072 6.65081
      vertex 22.8059 -0.172612 6.74786
    endloop
  endfacet
  facet normal 0.000156023 0.500305 -0.865849
    outer loop
      vertex 23.2248 0.610071 5.35222
      vertex 23.1941 0.627387 5.36222
      vertex 23.2349 0.60697 5.35043
    endloop
  endfacet
  facet normal -0.000109168 0.499952 -0.866053
    outer loop
      vertex 23.1681 0.627364 5.36221
      vertex 23.1941 0.627387 5.36222
      vertex 23.2248 0.610071 5.35222
    endloop
  endfacet
  facet normal 0 0.398726 -0.91707
    outer loop
      vertex 23.1941 0.627387 5.36222
      vertex 23.1681 0.627364 5.36221
      vertex 23.1679 0.627387 5.36222
    endloop
  endfacet
  facet normal 0 0.500473 -0.865752
    outer loop
      vertex 23.5208 0.459279 5.26516
      vertex 23.512 0.46843 5.27045
      vertex 23.5303 0.459279 5.26516
    endloop
  endfacet
  facet normal 0 0.500473 -0.865752
    outer loop
      vertex 22.4792 0.459279 5.26516
      vertex 22.4697 0.459279 5.26516
      vertex 22.488 0.46843 5.27045
    endloop
  endfacet
  facet normal 0 0.398726 -0.91707
    outer loop
      vertex 22.8319 0.627364 5.36221
      vertex 22.8059 0.627387 5.36222
      vertex 22.8321 0.627387 5.36222
    endloop
  endfacet
  facet normal 0.000109168 0.499952 -0.866053
    outer loop
      vertex 22.7752 0.610071 5.35222
      vertex 22.8059 0.627387 5.36222
      vertex 22.8319 0.627364 5.36221
    endloop
  endfacet
  facet normal -0.000156023 0.500305 -0.865849
    outer loop
      vertex 22.8059 0.627387 5.36222
      vertex 22.7752 0.610071 5.35222
      vertex 22.7651 0.60697 5.35043
    endloop
  endfacet
  facet normal 0.130542 0.858615 0.495721
    outer loop
      vertex 23.1941 0.627387 5.36222
      vertex 23 0.649519 5.375
      vertex 23.1941 -0.172612 6.74786
    endloop
  endfacet
  facet normal 0.00198431 0.499974 -0.866038
    outer loop
      vertex 23.7213 0.169557 5.09789
      vertex 23.7244 0.168107 5.09706
      vertex 23.7244 0.145381 5.08394
    endloop
  endfacet
  facet normal 0.00277862 0.501249 -0.865298
    outer loop
      vertex 23.7244 0.168107 5.09706
      vertex 23.7213 0.169557 5.09789
      vertex 23.7196 0.175384 5.10126
    endloop
  endfacet
  facet normal 0.0003696 0.500039 -0.866003
    outer loop
      vertex 23.5348 0.444676 5.25673
      vertex 23.5303 0.459279 5.26516
      vertex 23.5519 0.426929 5.24649
    endloop
  endfacet
  facet normal 0.382651 0.800115 0.461946
    outer loop
      vertex 23.375 0.5625 5.32476
      vertex 23.1941 -0.172612 6.74786
      vertex 23.375 -0.237499 6.7104
    endloop
  endfacet
  facet normal 0.608755 0.687064 0.396686
    outer loop
      vertex 23.5303 -0.34072 6.65081
      vertex 23.4926 0.469872 5.30471
      vertex 23.474 0.474008 5.32609
    endloop
  endfacet
  facet normal 0.609033 0.686885 0.39657
    outer loop
      vertex 23.5303 0.459279 5.26516
      vertex 23.4926 0.469872 5.30471
      vertex 23.5303 -0.34072 6.65081
    endloop
  endfacet
  facet normal 0.608758 0.687642 0.395679
    outer loop
      vertex 23.508 0.466448 5.28701
      vertex 23.5303 0.459279 5.26516
      vertex 23.504 0.476756 5.27525
    endloop
  endfacet
  facet normal 0.611157 0.683251 0.399569
    outer loop
      vertex 23.4926 0.469872 5.30471
      vertex 23.5303 0.459279 5.26516
      vertex 23.508 0.466448 5.28701
    endloop
  endfacet
  facet normal 0.60879 0.687042 0.396671
    outer loop
      vertex 23.474 0.474008 5.32609
      vertex 23.375 0.5625 5.32476
      vertex 23.5303 -0.34072 6.65081
    endloop
  endfacet
  facet normal 0.609093 0.687366 0.395645
    outer loop
      vertex 23.4593 0.493993 5.314
      vertex 23.375 0.5625 5.32476
      vertex 23.474 0.474008 5.32609
    endloop
  endfacet
  facet normal 0.60899 0.687158 0.396164
    outer loop
      vertex 23.375 0.5625 5.32476
      vertex 23.4593 0.493993 5.314
      vertex 23.4414 0.518349 5.29927
    endloop
  endfacet
  facet normal 0.923772 0.331202 0.192226
    outer loop
      vertex 23.6495 0.324759 5.1875
      vertex 23.7091 0.19 5.13327
      vertex 23.7051 0.208603 5.12044
    endloop
  endfacet
  facet normal 0.923321 0.347419 0.16364
    outer loop
      vertex 23.717 0.183007 5.10718
      vertex 23.7244 0.168107 5.09706
      vertex 23.7175 0.182526 5.10538
    endloop
  endfacet
  facet normal 0.924662 0.328947 0.191817
    outer loop
      vertex 23.7091 0.19 5.13327
      vertex 23.7244 0.168107 5.09706
      vertex 23.717 0.183007 5.10718
    endloop
  endfacet
  facet normal 0.924344 0.330441 0.19078
    outer loop
      vertex 23.7091 0.19 5.13327
      vertex 23.7244 -0.631891 6.4827
      vertex 23.7244 0.168107 5.09706
    endloop
  endfacet
  facet normal 0.923814 0.331532 0.191451
    outer loop
      vertex 23.7244 -0.631891 6.4827
      vertex 23.7091 0.19 5.13327
      vertex 23.6495 0.324759 5.1875
    endloop
  endfacet
  facet normal 0.000106237 -0.500023 0.866012
    outer loop
      vertex 23.75 -0.799999 6.38564
      vertex 23.6495 -1.12476 6.19814
      vertex 23.7244 -0.968107 6.28858
    endloop
  endfacet
  facet normal 0.608939 -0.686945 -0.396611
    outer loop
      vertex 23.5303 -1.25928 6.12047
      vertex 23.3916 -0.636808 4.82937
      vertex 23.5303 -0.53033 4.8579
    endloop
  endfacet
  facet normal -0.608829 0.687019 0.39665
    outer loop
      vertex 22.625 0.5625 5.32476
      vertex 22.4697 -0.34072 6.65081
      vertex 22.625 -0.237499 6.7104
    endloop
  endfacet
  facet normal 1.633e-05 -0.499997 0.866027
    outer loop
      vertex 22.8059 -0.172612 6.74786
      vertex 22.4697 -0.34072 6.65081
      vertex 22.8059 -1.42739 6.02342
    endloop
  endfacet
  facet normal -0.608939 -0.686945 -0.396611
    outer loop
      vertex 22.6084 -0.636808 4.82937
      vertex 22.4697 -1.25928 6.12047
      vertex 22.4697 -0.53033 4.8579
    endloop
  endfacet
  facet normal -0.923772 0.331202 0.192226
    outer loop
      vertex 22.2909 0.19 5.13327
      vertex 22.3505 0.324759 5.1875
      vertex 22.2949 0.208603 5.12044
    endloop
  endfacet
  facet normal -0.923321 0.347419 0.16364
    outer loop
      vertex 22.2756 0.168107 5.09706
      vertex 22.283 0.183007 5.10718
      vertex 22.2825 0.182526 5.10538
    endloop
  endfacet
  facet normal -0.924662 0.328947 0.191817
    outer loop
      vertex 22.2756 0.168107 5.09706
      vertex 22.2909 0.19 5.13327
      vertex 22.283 0.183007 5.10718
    endloop
  endfacet
  facet normal -0.923814 0.331532 0.191451
    outer loop
      vertex 22.2909 0.19 5.13327
      vertex 22.2756 -0.631891 6.4827
      vertex 22.3505 0.324759 5.1875
    endloop
  endfacet
  facet normal -0.924344 0.330441 0.19078
    outer loop
      vertex 22.2756 -0.631891 6.4827
      vertex 22.2909 0.19 5.13327
      vertex 22.2756 0.168107 5.09706
    endloop
  endfacet
  facet normal -0.60879 0.687042 0.396671
    outer loop
      vertex 22.625 0.5625 5.32476
      vertex 22.526 0.474008 5.32609
      vertex 22.4697 -0.34072 6.65081
    endloop
  endfacet
  facet normal -0.609093 0.687366 0.395645
    outer loop
      vertex 22.625 0.5625 5.32476
      vertex 22.5407 0.493993 5.314
      vertex 22.526 0.474008 5.32609
    endloop
  endfacet
  facet normal -0.60899 0.687158 0.396164
    outer loop
      vertex 22.5407 0.493993 5.314
      vertex 22.625 0.5625 5.32476
      vertex 22.5586 0.518349 5.29927
    endloop
  endfacet
  facet normal -0.608755 0.687064 0.396686
    outer loop
      vertex 22.5074 0.469872 5.30471
      vertex 22.4697 -0.34072 6.65081
      vertex 22.526 0.474008 5.32609
    endloop
  endfacet
  facet normal -0.611157 0.683251 0.399569
    outer loop
      vertex 22.4697 0.459279 5.26516
      vertex 22.5074 0.469872 5.30471
      vertex 22.492 0.466448 5.28701
    endloop
  endfacet
  facet normal -0.609033 0.686885 0.39657
    outer loop
      vertex 22.5074 0.469872 5.30471
      vertex 22.4697 0.459279 5.26516
      vertex 22.4697 -0.34072 6.65081
    endloop
  endfacet
  facet normal -0.608758 0.687642 0.395679
    outer loop
      vertex 22.4697 0.459279 5.26516
      vertex 22.492 0.466448 5.28701
      vertex 22.496 0.476756 5.27525
    endloop
  endfacet
  facet normal -2.58259e-05 -0.500006 0.866022
    outer loop
      vertex 22.4697 -0.34072 6.65081
      vertex 22.4697 -1.25928 6.12047
      vertex 22.8059 -1.42739 6.02342
    endloop
  endfacet
  facet normal 0 -0.500061 0.86599
    outer loop
      vertex 23 -0.15048 6.76064
      vertex 22.8059 -0.172612 6.74786
      vertex 23.1941 -0.172612 6.74786
    endloop
  endfacet
  facet normal 0.130542 0.858615 0.495721
    outer loop
      vertex 23 0.649519 5.375
      vertex 23 -0.15048 6.76064
      vertex 23.1941 -0.172612 6.74786
    endloop
  endfacet
  facet normal 1.75219e-05 -0.499994 0.866029
    outer loop
      vertex 23.5303 -1.25928 6.12047
      vertex 23.1941 -1.42739 6.02342
      vertex 23.375 -1.3625 6.06088
    endloop
  endfacet
  facet normal -1.633e-05 -0.499997 0.866027
    outer loop
      vertex 23.1941 -0.172612 6.74786
      vertex 23.1941 -1.42739 6.02342
      vertex 23.5303 -0.34072 6.65081
    endloop
  endfacet
  facet normal 2.58259e-05 -0.500006 0.866022
    outer loop
      vertex 23.5303 -0.34072 6.65081
      vertex 23.1941 -1.42739 6.02342
      vertex 23.5303 -1.25928 6.12047
    endloop
  endfacet
  facet normal -2.46042e-06 -0.500006 0.866022
    outer loop
      vertex 23.5303 -0.34072 6.65081
      vertex 23.5303 -1.25928 6.12047
      vertex 23.7244 -0.631891 6.4827
    endloop
  endfacet
  facet normal 0.991416 -0.113231 -0.0653739
    outer loop
      vertex 23.75 -0.799999 6.38564
      vertex 23.7244 -0.968107 6.28858
      vertex 23.75 0 5
    endloop
  endfacet
  facet normal -0.000880865 0.49975 -0.866169
    outer loop
      vertex 23.5348 0.444676 5.25673
      vertex 23.529 0.450732 5.26023
      vertex 23.5303 0.459279 5.26516
    endloop
  endfacet
  facet normal 0 0.499649 -0.866228
    outer loop
      vertex 23.529 0.450732 5.26023
      vertex 23.5208 0.459279 5.26516
      vertex 23.5303 0.459279 5.26516
    endloop
  endfacet
  facet normal 0 0.499649 -0.866228
    outer loop
      vertex 22.471 0.450732 5.26023
      vertex 22.4697 0.459279 5.26516
      vertex 22.4792 0.459279 5.26516
    endloop
  endfacet
  facet normal -1.62027e-05 0.500021 -0.866013
    outer loop
      vertex 22.25 0 5
      vertex 22.2756 0.145381 5.08394
      vertex 22.2564 2.07386e-07 5
    endloop
  endfacet
  facet normal 0.00033005 0.499975 -0.86604
    outer loop
      vertex 22.2756 0.145381 5.08394
      vertex 22.25 0 5
      vertex 22.2756 0.168107 5.09706
    endloop
  endfacet
  facet normal -0.608827 -0.687028 -0.396639
    outer loop
      vertex 22.6084 -0.636808 4.82937
      vertex 22.625 -1.3625 6.06088
      vertex 22.4697 -1.25928 6.12047
    endloop
  endfacet
  facet normal -0.608021 -0.687556 -0.39696
    outer loop
      vertex 22.625 -1.3625 6.06088
      vertex 22.6084 -0.636808 4.82937
      vertex 22.625 -0.649519 4.82596
    endloop
  endfacet
  facet normal 0.000815367 0.499445 -0.866345
    outer loop
      vertex 22.3812 0.357272 5.20627
      vertex 22.4697 0.459279 5.26516
      vertex 22.4481 0.426929 5.24649
    endloop
  endfacet
  facet normal -6.53392e-05 0.500019 -0.866015
    outer loop
      vertex 22.3812 0.357272 5.20627
      vertex 22.3505 0.324759 5.1875
      vertex 22.4697 0.459279 5.26516
    endloop
  endfacet
  facet normal -0.000120785 0.500058 -0.865992
    outer loop
      vertex 22.2973 0.212769 5.12284
      vertex 22.3505 0.324759 5.1875
      vertex 22.3812 0.357272 5.20627
    endloop
  endfacet
  facet normal -0.0109474 0.50388 -0.863704
    outer loop
      vertex 22.3505 0.324759 5.1875
      vertex 22.2973 0.212769 5.12284
      vertex 22.2949 0.208603 5.12044
    endloop
  endfacet
  facet normal 0.000691215 0.499535 -0.866294
    outer loop
      vertex 22.2804 0.175384 5.10126
      vertex 22.2756 0.168107 5.09706
      vertex 22.2825 0.182526 5.10538
    endloop
  endfacet
  facet normal -0.000110243 -0.49995 0.866054
    outer loop
      vertex 22.3505 -0.47524 6.57314
      vertex 22.2756 -0.631891 6.4827
      vertex 22.4697 -0.34072 6.65081
    endloop
  endfacet
  facet normal -0.382651 0.800115 0.461946
    outer loop
      vertex 22.625 0.5625 5.32476
      vertex 22.625 -0.237499 6.7104
      vertex 22.8059 -0.172612 6.74786
    endloop
  endfacet
  facet normal -0.000202541 0.500375 -0.865809
    outer loop
      vertex 22.6669 0.577013 5.33314
      vertex 22.8059 0.627387 5.36222
      vertex 22.7651 0.60697 5.35043
    endloop
  endfacet
  facet normal 0.000892343 0.498107 -0.867115
    outer loop
      vertex 22.6669 0.577013 5.33314
      vertex 22.625 0.5625 5.32476
      vertex 22.8059 0.627387 5.36222
    endloop
  endfacet
  facet normal 4.78928e-05 0.499937 -0.866062
    outer loop
      vertex 22.625 0.5625 5.32476
      vertex 22.6669 0.577013 5.33314
      vertex 22.5586 0.518349 5.29927
    endloop
  endfacet
  facet normal 0.00131132 0.498506 -0.866885
    outer loop
      vertex 22.488 0.46843 5.27045
      vertex 22.4697 0.459279 5.26516
      vertex 22.496 0.476756 5.27525
    endloop
  endfacet
  facet normal 0.382662 -0.800111 -0.461944
    outer loop
      vertex 23.1941 -1.42739 6.02342
      vertex 23.375 -0.649519 4.82596
      vertex 23.375 -1.3625 6.06088
    endloop
  endfacet
  facet normal 0.382661 -0.800111 -0.461944
    outer loop
      vertex 23.375 -0.649519 4.82596
      vertex 23.1941 -1.42739 6.02342
      vertex 23.1941 -0.724443 4.80588
    endloop
  endfacet
  facet normal -0.130725 -0.858594 -0.495709
    outer loop
      vertex 22.8295 -0.727557 4.80505
      vertex 22.8059 -1.42739 6.02342
      vertex 22.8059 -0.724443 4.80588
    endloop
  endfacet
  facet normal -0.130533 -0.858617 -0.495719
    outer loop
      vertex 22.8059 -1.42739 6.02342
      vertex 22.8295 -0.727557 4.80505
      vertex 23 -1.44952 6.01064
    endloop
  endfacet
  facet normal 0.130494 -0.858619 -0.495726
    outer loop
      vertex 23.1705 -0.727557 4.80505
      vertex 23 -1.44952 6.01064
      vertex 23 -0.75 4.79904
    endloop
  endfacet
  facet normal 0.608827 -0.687028 -0.396639
    outer loop
      vertex 23.375 -1.3625 6.06088
      vertex 23.3916 -0.636808 4.82937
      vertex 23.5303 -1.25928 6.12047
    endloop
  endfacet
  facet normal 0.608021 -0.687556 -0.39696
    outer loop
      vertex 23.3916 -0.636808 4.82937
      vertex 23.375 -1.3625 6.06088
      vertex 23.375 -0.649519 4.82596
    endloop
  endfacet
  facet normal 0.793331 0.527228 0.304395
    outer loop
      vertex 23.6495 0.324759 5.1875
      vertex 23.5303 -0.34072 6.65081
      vertex 23.6495 -0.47524 6.57314
    endloop
  endfacet
  facet normal 0.000110243 -0.49995 0.866054
    outer loop
      vertex 23.6495 -0.47524 6.57314
      vertex 23.5303 -0.34072 6.65081
      vertex 23.7244 -0.631891 6.4827
    endloop
  endfacet
  facet normal 4.26487e-06 -0.499966 0.866045
    outer loop
      vertex 23.375 -0.237499 6.7104
      vertex 23.1941 -0.172612 6.74786
      vertex 23.5303 -0.34072 6.65081
    endloop
  endfacet
  facet normal 0.608829 0.687019 0.39665
    outer loop
      vertex 23.375 0.5625 5.32476
      vertex 23.375 -0.237499 6.7104
      vertex 23.5303 -0.34072 6.65081
    endloop
  endfacet
  facet normal 0.922909 -0.333608 -0.19221
    outer loop
      vertex 23.7244 -0.968107 6.28858
      vertex 23.6495 -0.375 4.89952
      vertex 23.6541 -0.363974 4.90247
    endloop
  endfacet
  facet normal 0.923925 -0.331318 -0.191287
    outer loop
      vertex 23.6495 -0.375 4.89952
      vertex 23.7244 -0.968107 6.28858
      vertex 23.6495 -1.12476 6.19814
    endloop
  endfacet
  facet normal 0.792719 -0.527917 -0.304794
    outer loop
      vertex 23.6495 -1.12476 6.19814
      vertex 23.6418 -0.385015 4.89684
      vertex 23.6495 -0.375 4.89952
    endloop
  endfacet
  facet normal 0.793331 -0.527223 -0.304403
    outer loop
      vertex 23.6418 -0.385015 4.89684
      vertex 23.6495 -1.12476 6.19814
      vertex 23.5303 -1.25928 6.12047
    endloop
  endfacet
  facet normal 0.793369 0.527186 0.304369
    outer loop
      vertex 23.5303 -0.34072 6.65081
      vertex 23.5765 0.377137 5.28701
      vertex 23.5303 0.459279 5.26516
    endloop
  endfacet
  facet normal 0.793528 0.526986 0.304301
    outer loop
      vertex 23.6053 0.333854 5.28701
      vertex 23.5303 -0.34072 6.65081
      vertex 23.6495 0.324759 5.1875
    endloop
  endfacet
  facet normal 0.794479 0.525847 0.30379
    outer loop
      vertex 23.595 0.3435 5.29725
      vertex 23.5303 -0.34072 6.65081
      vertex 23.6053 0.333854 5.28701
    endloop
  endfacet
  facet normal 0.79219 0.528562 0.305053
    outer loop
      vertex 23.5765 0.377137 5.28701
      vertex 23.5303 -0.34072 6.65081
      vertex 23.595 0.3435 5.29725
    endloop
  endfacet
  facet normal 0.793041 0.527215 0.305171
    outer loop
      vertex 23.6118 0.353206 5.23662
      vertex 23.5303 0.459279 5.26516
      vertex 23.5765 0.377137 5.28701
    endloop
  endfacet
  facet normal 0.793321 0.527985 0.303107
    outer loop
      vertex 23.6118 0.353206 5.23662
      vertex 23.6495 0.324759 5.1875
      vertex 23.5303 0.459279 5.26516
    endloop
  endfacet
  facet normal 0.794212 0.525374 0.305303
    outer loop
      vertex 23.6066 0.337892 5.2765
      vertex 23.6495 0.324759 5.1875
      vertex 23.6118 0.353206 5.23662
    endloop
  endfacet
  facet normal 0.790459 0.53265 0.30242
    outer loop
      vertex 23.6495 0.324759 5.1875
      vertex 23.6066 0.337892 5.2765
      vertex 23.6053 0.333854 5.28701
    endloop
  endfacet
  facet normal -0.000691215 0.499535 -0.866294
    outer loop
      vertex 23.7196 0.175384 5.10126
      vertex 23.7175 0.182526 5.10538
      vertex 23.7244 0.168107 5.09706
    endloop
  endfacet
  facet normal 0.0109474 0.50388 -0.863704
    outer loop
      vertex 23.7027 0.212769 5.12284
      vertex 23.6495 0.324759 5.1875
      vertex 23.7051 0.208603 5.12044
    endloop
  endfacet
  facet normal 0.000120785 0.500058 -0.865992
    outer loop
      vertex 23.6188 0.357272 5.20627
      vertex 23.6495 0.324759 5.1875
      vertex 23.7027 0.212769 5.12284
    endloop
  endfacet
  facet normal 6.53392e-05 0.500019 -0.866015
    outer loop
      vertex 23.6188 0.357272 5.20627
      vertex 23.5303 0.459279 5.26516
      vertex 23.6495 0.324759 5.1875
    endloop
  endfacet
  facet normal -0.000815367 0.499445 -0.866345
    outer loop
      vertex 23.5303 0.459279 5.26516
      vertex 23.6188 0.357272 5.20627
      vertex 23.5519 0.426929 5.24649
    endloop
  endfacet
  facet normal -0.000106237 -0.500023 0.866012
    outer loop
      vertex 22.3505 -1.12476 6.19814
      vertex 22.25 -0.799999 6.38564
      vertex 22.2756 -0.968107 6.28858
    endloop
  endfacet
  facet normal -0.922909 -0.333608 -0.19221
    outer loop
      vertex 22.3505 -0.375 4.89952
      vertex 22.2756 -0.968107 6.28858
      vertex 22.3459 -0.363974 4.90247
    endloop
  endfacet
  facet normal -0.923925 -0.331318 -0.191287
    outer loop
      vertex 22.2756 -0.968107 6.28858
      vertex 22.3505 -0.375 4.89952
      vertex 22.3505 -1.12476 6.19814
    endloop
  endfacet
  facet normal -0.793367 -0.527187 -0.304373
    outer loop
      vertex 22.4697 -1.25928 6.12047
      vertex 22.3582 -0.385015 4.89684
      vertex 22.4697 -0.53033 4.8579
    endloop
  endfacet
  facet normal -0.00277862 0.501249 -0.865298
    outer loop
      vertex 22.2787 0.169557 5.09789
      vertex 22.2756 0.168107 5.09706
      vertex 22.2804 0.175384 5.10126
    endloop
  endfacet
  facet normal -0.00198431 0.499974 -0.866038
    outer loop
      vertex 22.2756 0.168107 5.09706
      vertex 22.2787 0.169557 5.09789
      vertex 22.2756 0.145381 5.08394
    endloop
  endfacet
  facet normal -0.0003696 0.500039 -0.866003
    outer loop
      vertex 22.4652 0.444676 5.25673
      vertex 22.4481 0.426929 5.24649
      vertex 22.4697 0.459279 5.26516
    endloop
  endfacet
  facet normal -0.923924 0.331321 0.191288
    outer loop
      vertex 22.3505 0.324759 5.1875
      vertex 22.2756 -0.631891 6.4827
      vertex 22.3505 -0.47524 6.57314
    endloop
  endfacet
  facet normal 2.46042e-06 -0.500006 0.866022
    outer loop
      vertex 22.4697 -0.34072 6.65081
      vertex 22.2756 -0.631891 6.4827
      vertex 22.4697 -1.25928 6.12047
    endloop
  endfacet
  facet normal -0.793331 0.527228 0.304395
    outer loop
      vertex 22.3505 0.324759 5.1875
      vertex 22.3505 -0.47524 6.57314
      vertex 22.4697 -0.34072 6.65081
    endloop
  endfacet
  facet normal -0.793041 0.527215 0.305171
    outer loop
      vertex 22.4697 0.459279 5.26516
      vertex 22.3882 0.353206 5.23662
      vertex 22.4235 0.377137 5.28701
    endloop
  endfacet
  facet normal -0.790459 0.53265 0.30242
    outer loop
      vertex 22.3934 0.337892 5.2765
      vertex 22.3505 0.324759 5.1875
      vertex 22.3947 0.333854 5.28701
    endloop
  endfacet
  facet normal -0.794212 0.525374 0.305303
    outer loop
      vertex 22.3882 0.353206 5.23662
      vertex 22.3505 0.324759 5.1875
      vertex 22.3934 0.337892 5.2765
    endloop
  endfacet
  facet normal -0.793321 0.527985 0.303107
    outer loop
      vertex 22.3505 0.324759 5.1875
      vertex 22.3882 0.353206 5.23662
      vertex 22.4697 0.459279 5.26516
    endloop
  endfacet
  facet normal -0.79219 0.528562 0.305053
    outer loop
      vertex 22.4697 -0.34072 6.65081
      vertex 22.4235 0.377137 5.28701
      vertex 22.405 0.3435 5.29725
    endloop
  endfacet
  facet normal -0.793369 0.527186 0.304369
    outer loop
      vertex 22.4235 0.377137 5.28701
      vertex 22.4697 -0.34072 6.65081
      vertex 22.4697 0.459279 5.26516
    endloop
  endfacet
  facet normal -0.794479 0.525847 0.30379
    outer loop
      vertex 22.3947 0.333854 5.28701
      vertex 22.4697 -0.34072 6.65081
      vertex 22.405 0.3435 5.29725
    endloop
  endfacet
  facet normal -0.793528 0.526986 0.304301
    outer loop
      vertex 22.4697 -0.34072 6.65081
      vertex 22.3947 0.333854 5.28701
      vertex 22.3505 0.324759 5.1875
    endloop
  endfacet
  facet normal -0.130494 -0.858619 -0.495726
    outer loop
      vertex 23 -1.44952 6.01064
      vertex 22.8295 -0.727557 4.80505
      vertex 23 -0.75 4.79904
    endloop
  endfacet
  facet normal 0.130533 -0.858617 -0.495719
    outer loop
      vertex 23.1705 -0.727557 4.80505
      vertex 23.1941 -1.42739 6.02342
      vertex 23 -1.44952 6.01064
    endloop
  endfacet
  facet normal 0.130725 -0.858594 -0.495709
    outer loop
      vertex 23.1941 -1.42739 6.02342
      vertex 23.1705 -0.727557 4.80505
      vertex 23.1941 -0.724443 4.80588
    endloop
  endfacet
  facet normal 0 -0.500095 0.865971
    outer loop
      vertex 23.1941 -1.42739 6.02342
      vertex 22.8059 -1.42739 6.02342
      vertex 23 -1.44952 6.01064
    endloop
  endfacet
  facet normal 0.793367 -0.527187 -0.304373
    outer loop
      vertex 23.6418 -0.385015 4.89684
      vertex 23.5303 -1.25928 6.12047
      vertex 23.5303 -0.53033 4.8579
    endloop
  endfacet
  facet normal -0.382651 0.800115 0.461946
    outer loop
      vertex 22.8059 0.627387 5.36222
      vertex 22.625 0.5625 5.32476
      vertex 22.8059 -0.172612 6.74786
    endloop
  endfacet
  facet normal -0.130542 0.858615 0.495721
    outer loop
      vertex 22.8059 0.627387 5.36222
      vertex 22.8059 -0.172612 6.74786
      vertex 23 0.649519 5.375
    endloop
  endfacet
  facet normal -0.923994 -0.331174 -0.191204
    outer loop
      vertex 22.3459 -0.363974 4.90247
      vertex 22.2756 -0.968107 6.28858
      vertex 22.2756 -0.194114 4.94799
    endloop
  endfacet
  facet normal -0.991415 -0.113233 -0.0653752
    outer loop
      vertex 22.2756 -0.968107 6.28858
      vertex 22.25 0 5
      vertex 22.2756 -0.194114 4.94799
    endloop
  endfacet
  facet normal -0.792719 -0.527917 -0.304794
    outer loop
      vertex 22.3582 -0.385015 4.89684
      vertex 22.3505 -1.12476 6.19814
      vertex 22.3505 -0.375 4.89952
    endloop
  endfacet
  facet normal -0.793331 -0.527223 -0.304403
    outer loop
      vertex 22.3505 -1.12476 6.19814
      vertex 22.3582 -0.385015 4.89684
      vertex 22.4697 -1.25928 6.12047
    endloop
  endfacet
  facet normal 5.79895e-05 -0.499985 0.866034
    outer loop
      vertex 22.4697 -1.25928 6.12047
      vertex 22.25 -0.799999 6.38564
      vertex 22.3505 -1.12476 6.19814
    endloop
  endfacet
  facet normal -0.991416 0.113406 0.065072
    outer loop
      vertex 22.25 0 5
      vertex 22.2566 0.0015294 5.09789
      vertex 22.2756 0.168107 5.09706
    endloop
  endfacet
  facet normal -0.991549 0.112213 0.0650997
    outer loop
      vertex 22.25 0 5
      vertex 22.2564 0 5.09748
      vertex 22.2566 0.0015294 5.09789
    endloop
  endfacet
  facet normal -0.969246 0.237722 0.0636354
    outer loop
      vertex 22.25 0 5
      vertex 22.2564 -0.000109752 5.09789
      vertex 22.2564 0 5.09748
    endloop
  endfacet
  facet normal -0.991556 0.112238 0.0649533
    outer loop
      vertex 22.2564 -0.000109752 5.09789
      vertex 22.25 0 5
      vertex 22.2756 -0.631891 6.4827
    endloop
  endfacet
  facet normal -0.996562 0.0693142 0.0453779
    outer loop
      vertex 22.2756 -0.631891 6.4827
      vertex 22.2566 0.0015294 5.09789
      vertex 22.2565 0 5.09803
    endloop
  endfacet
  facet normal -0.991389 0.113405 0.0654743
    outer loop
      vertex 22.2566 0.0015294 5.09789
      vertex 22.2756 -0.631891 6.4827
      vertex 22.2756 0.168107 5.09706
    endloop
  endfacet
  facet normal -0.847365 0.478575 0.230085
    outer loop
      vertex 22.2756 -0.631891 6.4827
      vertex 22.2565 0 5.09803
      vertex 22.2564 -0.000109752 5.09789
    endloop
  endfacet
  facet normal -0.991416 0.113231 0.0653739
    outer loop
      vertex 22.25 0 5
      vertex 22.25 -0.799999 6.38564
      vertex 22.2756 -0.631891 6.4827
    endloop
  endfacet
  facet normal 0 0.500019 -0.866014
    outer loop
      vertex 23.0954 0.63454 5.36635
      vertex 23.1941 0.627387 5.36222
      vertex 23.1679 0.627387 5.36222
    endloop
  endfacet
  facet normal 2.37493e-05 0.500195 -0.865913
    outer loop
      vertex 23 0.649519 5.375
      vertex 23.0954 0.63454 5.36635
      vertex 23 0.643962 5.37179
    endloop
  endfacet
  facet normal 1.10741e-05 0.500134 -0.865948
    outer loop
      vertex 23.0954 0.63454 5.36635
      vertex 23 0.649519 5.375
      vertex 23.1941 0.627387 5.36222
    endloop
  endfacet
  facet normal -2.37493e-05 0.500195 -0.865913
    outer loop
      vertex 22.9046 0.63454 5.36635
      vertex 23 0.649519 5.375
      vertex 23 0.643962 5.37179
    endloop
  endfacet
  facet normal 0 0.500019 -0.866014
    outer loop
      vertex 22.8059 0.627387 5.36222
      vertex 22.9046 0.63454 5.36635
      vertex 22.8321 0.627387 5.36222
    endloop
  endfacet
  facet normal -1.10741e-05 0.500134 -0.865948
    outer loop
      vertex 22.9046 0.63454 5.36635
      vertex 22.8059 0.627387 5.36222
      vertex 23 0.649519 5.375
    endloop
  endfacet
  facet normal -0.923925 0.382573 0
    outer loop
      vertex 33.7756 0.194114 0
      vertex 33.8505 0.375 5
      vertex 33.8505 0.375 0
    endloop
  endfacet
  facet normal -0.923925 0.382573 0
    outer loop
      vertex 33.8505 0.375 5
      vertex 33.7756 0.194114 0
      vertex 33.7756 0.194114 5
    endloop
  endfacet
  facet normal 0.793326 0.608797 0
    outer loop
      vertex 35.1495 0.375 5
      vertex 35.0303 0.53033 0
      vertex 35.0303 0.53033 5
    endloop
  endfacet
  facet normal 0.793326 0.608797 0
    outer loop
      vertex 35.0303 0.53033 0
      vertex 35.1495 0.375 5
      vertex 35.1495 0.375 0
    endloop
  endfacet
  facet normal 0.991415 0.130749 0
    outer loop
      vertex 35.25 0 5
      vertex 35.2244 0.194114 0
      vertex 35.2244 0.194114 5
    endloop
  endfacet
  facet normal 0.991415 0.130749 0
    outer loop
      vertex 35.2244 0.194114 0
      vertex 35.25 0 5
      vertex 35.25 0 0
    endloop
  endfacet
  facet normal 0.130543 -0.991443 0
    outer loop
      vertex 34.6941 -0.724443 0
      vertex 34.5 -0.75 4.79904
      vertex 34.5 -0.75 0
    endloop
  endfacet
  facet normal 0.130505 -0.991448 -1.55142e-06
    outer loop
      vertex 34.5 -0.75 4.79904
      vertex 34.6941 -0.724443 0
      vertex 34.6705 -0.727557 4.80505
    endloop
  endfacet
  facet normal 0.130815 -0.991407 0
    outer loop
      vertex 34.6705 -0.727557 4.80505
      vertex 34.6941 -0.724443 0
      vertex 34.6941 -0.724443 4.80588
    endloop
  endfacet
  facet normal -0.60894 -0.793216 0
    outer loop
      vertex 33.9697 -0.53033 0
      vertex 34.1084 -0.636808 4.82937
      vertex 33.9697 -0.53033 4.8579
    endloop
  endfacet
  facet normal -0.607965 -0.793964 -4.44938e-05
    outer loop
      vertex 34.1084 -0.636808 4.82937
      vertex 33.9697 -0.53033 0
      vertex 34.125 -0.649519 4.82596
    endloop
  endfacet
  facet normal -0.608836 -0.793296 -0
    outer loop
      vertex 34.125 -0.649519 4.82596
      vertex 33.9697 -0.53033 0
      vertex 34.125 -0.649519 0
    endloop
  endfacet
  facet normal 0.923992 -0.382413 0
    outer loop
      vertex 35.1541 -0.363974 4.90247
      vertex 35.2244 -0.194114 0
      vertex 35.2244 -0.194114 4.94799
    endloop
  endfacet
  facet normal 0.922913 -0.385007 -0.000105362
    outer loop
      vertex 35.1495 -0.375 4.89952
      vertex 35.2244 -0.194114 0
      vertex 35.1541 -0.363974 4.90247
    endloop
  endfacet
  facet normal 0.923925 -0.382573 0
    outer loop
      vertex 35.2244 -0.194114 0
      vertex 35.1495 -0.375 4.89952
      vertex 35.1495 -0.375 0
    endloop
  endfacet
  facet normal 0.923925 0.382573 0
    outer loop
      vertex 35.2244 0.194114 5
      vertex 35.1495 0.375 0
      vertex 35.1495 0.375 5
    endloop
  endfacet
  facet normal 0.923925 0.382573 0
    outer loop
      vertex 35.1495 0.375 0
      vertex 35.2244 0.194114 5
      vertex 35.2244 0.194114 0
    endloop
  endfacet
  facet normal -0.792771 -0.609519 0
    outer loop
      vertex 33.8505 -0.375 0
      vertex 33.8582 -0.385015 4.89684
      vertex 33.8505 -0.375 4.89952
    endloop
  endfacet
  facet normal -0.793326 -0.608797 -0
    outer loop
      vertex 33.9697 -0.53033 4.8579
      vertex 33.8505 -0.375 0
      vertex 33.9697 -0.53033 0
    endloop
  endfacet
  facet normal -0.793364 -0.608748 2.51055e-06
    outer loop
      vertex 33.8505 -0.375 0
      vertex 33.9697 -0.53033 4.8579
      vertex 33.8582 -0.385015 4.89684
    endloop
  endfacet
  facet normal 0.792771 -0.609519 0
    outer loop
      vertex 35.1418 -0.385015 4.89684
      vertex 35.1495 -0.375 0
      vertex 35.1495 -0.375 4.89952
    endloop
  endfacet
  facet normal 0.793364 -0.608748 2.51055e-06
    outer loop
      vertex 35.0303 -0.53033 4.8579
      vertex 35.1495 -0.375 0
      vertex 35.1418 -0.385015 4.89684
    endloop
  endfacet
  facet normal 0.793326 -0.608797 0
    outer loop
      vertex 35.1495 -0.375 0
      vertex 35.0303 -0.53033 4.8579
      vertex 35.0303 -0.53033 0
    endloop
  endfacet
  facet normal -0.608836 0.793296 0
    outer loop
      vertex 34.125 0.649519 0
      vertex 33.9697 0.53033 5
      vertex 34.125 0.649519 5
    endloop
  endfacet
  facet normal -0.608836 0.793296 0
    outer loop
      vertex 33.9697 0.53033 5
      vertex 34.125 0.649519 0
      vertex 33.9697 0.53033 0
    endloop
  endfacet
  facet normal 0.607965 -0.793964 -4.44938e-05
    outer loop
      vertex 35.0303 -0.53033 0
      vertex 34.8916 -0.636808 4.82937
      vertex 34.875 -0.649519 4.82596
    endloop
  endfacet
  facet normal 0.608836 -0.793296 0
    outer loop
      vertex 35.0303 -0.53033 0
      vertex 34.875 -0.649519 4.82596
      vertex 34.875 -0.649519 0
    endloop
  endfacet
  facet normal 0.60894 -0.793216 0
    outer loop
      vertex 34.8916 -0.636808 4.82937
      vertex 35.0303 -0.53033 0
      vertex 35.0303 -0.53033 4.8579
    endloop
  endfacet
  facet normal -0.793326 0.608797 0
    outer loop
      vertex 33.8505 0.375 0
      vertex 33.9697 0.53033 5
      vertex 33.9697 0.53033 0
    endloop
  endfacet
  facet normal -0.793326 0.608797 0
    outer loop
      vertex 33.9697 0.53033 5
      vertex 33.8505 0.375 0
      vertex 33.8505 0.375 5
    endloop
  endfacet
  facet normal 0.382652 0.923893 -0
    outer loop
      vertex 34.875 0.649519 0
      vertex 34.6941 0.724443 5
      vertex 34.875 0.649519 5
    endloop
  endfacet
  facet normal 0.382652 0.923893 0
    outer loop
      vertex 34.6941 0.724443 5
      vertex 34.875 0.649519 0
      vertex 34.6941 0.724443 0
    endloop
  endfacet
  facet normal -0.130543 0.991443 0
    outer loop
      vertex 34.5 0.75 0
      vertex 34.3059 0.724443 5
      vertex 34.5 0.75 5
    endloop
  endfacet
  facet normal -0.130543 0.991443 0
    outer loop
      vertex 34.3059 0.724443 5
      vertex 34.5 0.75 0
      vertex 34.3059 0.724443 0
    endloop
  endfacet
  facet normal 0 0 -1
    outer loop
      vertex 35.2244 -0.194114 0
      vertex 35.2244 0.194114 0
      vertex 35.25 0 0
    endloop
  endfacet
  facet normal 0 0 -1
    outer loop
      vertex 35.1495 -0.375 0
      vertex 35.2244 0.194114 0
      vertex 35.2244 -0.194114 0
    endloop
  endfacet
  facet normal 0 0 -1
    outer loop
      vertex 35.1495 -0.375 0
      vertex 35.1495 0.375 0
      vertex 35.2244 0.194114 0
    endloop
  endfacet
  facet normal 0 0 -1
    outer loop
      vertex 35.0303 -0.53033 0
      vertex 35.1495 0.375 0
      vertex 35.1495 -0.375 0
    endloop
  endfacet
  facet normal 0 0 -1
    outer loop
      vertex 35.0303 -0.53033 0
      vertex 35.0303 0.53033 0
      vertex 35.1495 0.375 0
    endloop
  endfacet
  facet normal 0 0 -1
    outer loop
      vertex 34.875 -0.649519 0
      vertex 35.0303 0.53033 0
      vertex 35.0303 -0.53033 0
    endloop
  endfacet
  facet normal 0 0 -1
    outer loop
      vertex 34.875 -0.649519 0
      vertex 34.875 0.649519 0
      vertex 35.0303 0.53033 0
    endloop
  endfacet
  facet normal 0 0 -1
    outer loop
      vertex 34.6941 -0.724443 0
      vertex 34.875 0.649519 0
      vertex 34.875 -0.649519 0
    endloop
  endfacet
  facet normal 0 0 -1
    outer loop
      vertex 34.6941 -0.724443 0
      vertex 34.6941 0.724443 0
      vertex 34.875 0.649519 0
    endloop
  endfacet
  facet normal 0 0 -1
    outer loop
      vertex 34.5 -0.75 0
      vertex 34.6941 0.724443 0
      vertex 34.6941 -0.724443 0
    endloop
  endfacet
  facet normal 0 0 -1
    outer loop
      vertex 34.5 -0.75 0
      vertex 34.5 0.75 0
      vertex 34.6941 0.724443 0
    endloop
  endfacet
  facet normal 0 0 -1
    outer loop
      vertex 34.3059 -0.724443 0
      vertex 34.5 0.75 0
      vertex 34.5 -0.75 0
    endloop
  endfacet
  facet normal 0 0 -1
    outer loop
      vertex 34.3059 -0.724443 0
      vertex 34.3059 0.724443 0
      vertex 34.5 0.75 0
    endloop
  endfacet
  facet normal 0 0 -1
    outer loop
      vertex 34.125 -0.649519 0
      vertex 34.3059 0.724443 0
      vertex 34.3059 -0.724443 0
    endloop
  endfacet
  facet normal 0 0 -1
    outer loop
      vertex 34.125 -0.649519 0
      vertex 34.125 0.649519 0
      vertex 34.3059 0.724443 0
    endloop
  endfacet
  facet normal 0 0 -1
    outer loop
      vertex 33.9697 -0.53033 0
      vertex 34.125 0.649519 0
      vertex 34.125 -0.649519 0
    endloop
  endfacet
  facet normal 0 0 -1
    outer loop
      vertex 33.9697 -0.53033 0
      vertex 33.9697 0.53033 0
      vertex 34.125 0.649519 0
    endloop
  endfacet
  facet normal 0 0 -1
    outer loop
      vertex 33.8505 -0.375 0
      vertex 33.9697 0.53033 0
      vertex 33.9697 -0.53033 0
    endloop
  endfacet
  facet normal 0 0 -1
    outer loop
      vertex 33.8505 -0.375 0
      vertex 33.8505 0.375 0
      vertex 33.9697 0.53033 0
    endloop
  endfacet
  facet normal 0 0 -1
    outer loop
      vertex 33.7756 -0.194114 0
      vertex 33.8505 0.375 0
      vertex 33.8505 -0.375 0
    endloop
  endfacet
  facet normal 0 0 -1
    outer loop
      vertex 33.7756 -0.194114 0
      vertex 33.7756 0.194114 0
      vertex 33.8505 0.375 0
    endloop
  endfacet
  facet normal 0 -0 -1
    outer loop
      vertex 33.7756 0.194114 0
      vertex 33.7756 -0.194114 0
      vertex 33.75 0 0
    endloop
  endfacet
  facet normal 0.130543 0.991443 -0
    outer loop
      vertex 34.6941 0.724443 0
      vertex 34.5 0.75 5
      vertex 34.6941 0.724443 5
    endloop
  endfacet
  facet normal 0.130543 0.991443 0
    outer loop
      vertex 34.5 0.75 5
      vertex 34.6941 0.724443 0
      vertex 34.5 0.75 0
    endloop
  endfacet
  facet normal -0.382652 -0.923893 0
    outer loop
      vertex 34.125 -0.649519 0
      vertex 34.3059 -0.724443 4.80588
      vertex 34.125 -0.649519 4.82596
    endloop
  endfacet
  facet normal -0.382652 -0.923893 -0
    outer loop
      vertex 34.3059 -0.724443 4.80588
      vertex 34.125 -0.649519 0
      vertex 34.3059 -0.724443 0
    endloop
  endfacet
  facet normal -0.382652 0.923893 0
    outer loop
      vertex 34.3059 0.724443 0
      vertex 34.125 0.649519 5
      vertex 34.3059 0.724443 5
    endloop
  endfacet
  facet normal -0.382652 0.923893 0
    outer loop
      vertex 34.125 0.649519 5
      vertex 34.3059 0.724443 0
      vertex 34.125 0.649519 0
    endloop
  endfacet
  facet normal -0.991415 0.130749 0
    outer loop
      vertex 33.75 0 0
      vertex 33.7756 0.194114 5
      vertex 33.7756 0.194114 0
    endloop
  endfacet
  facet normal -0.991415 0.130749 0
    outer loop
      vertex 33.7756 0.194114 5
      vertex 33.75 0 0
      vertex 33.75 0 5
    endloop
  endfacet
  facet normal -0.991415 -0.130749 -0
    outer loop
      vertex 33.7756 -0.194114 4.94799
      vertex 33.75 0 0
      vertex 33.7756 -0.194114 0
    endloop
  endfacet
  facet normal -0.991415 -0.130749 0
    outer loop
      vertex 33.75 0 0
      vertex 33.7756 -0.194114 4.94799
      vertex 33.75 0 5
    endloop
  endfacet
  facet normal 0.608836 0.793296 -0
    outer loop
      vertex 35.0303 0.53033 0
      vertex 34.875 0.649519 5
      vertex 35.0303 0.53033 5
    endloop
  endfacet
  facet normal 0.608836 0.793296 0
    outer loop
      vertex 34.875 0.649519 5
      vertex 35.0303 0.53033 0
      vertex 34.875 0.649519 0
    endloop
  endfacet
  facet normal -0.130815 -0.991407 0
    outer loop
      vertex 34.3059 -0.724443 0
      vertex 34.3295 -0.727557 4.80505
      vertex 34.3059 -0.724443 4.80588
    endloop
  endfacet
  facet normal -0.130505 -0.991448 -1.55142e-06
    outer loop
      vertex 34.3059 -0.724443 0
      vertex 34.5 -0.75 4.79904
      vertex 34.3295 -0.727557 4.80505
    endloop
  endfacet
  facet normal -0.130543 -0.991443 -0
    outer loop
      vertex 34.5 -0.75 4.79904
      vertex 34.3059 -0.724443 0
      vertex 34.5 -0.75 0
    endloop
  endfacet
  facet normal 0.382652 -0.923893 0
    outer loop
      vertex 34.875 -0.649519 0
      vertex 34.6941 -0.724443 4.80588
      vertex 34.6941 -0.724443 0
    endloop
  endfacet
  facet normal 0.382652 -0.923893 0
    outer loop
      vertex 34.6941 -0.724443 4.80588
      vertex 34.875 -0.649519 0
      vertex 34.875 -0.649519 4.82596
    endloop
  endfacet
  facet normal -0.923992 -0.382413 0
    outer loop
      vertex 33.7756 -0.194114 0
      vertex 33.8459 -0.363974 4.90247
      vertex 33.7756 -0.194114 4.94799
    endloop
  endfacet
  facet normal -0.923925 -0.382573 -0
    outer loop
      vertex 33.8505 -0.375 4.89952
      vertex 33.7756 -0.194114 0
      vertex 33.8505 -0.375 0
    endloop
  endfacet
  facet normal -0.922913 -0.385007 -0.000105362
    outer loop
      vertex 33.7756 -0.194114 0
      vertex 33.8505 -0.375 4.89952
      vertex 33.8459 -0.363974 4.90247
    endloop
  endfacet
  facet normal 0 0 1
    outer loop
      vertex 35.2244 0.194114 5
      vertex 35.2436 2.07386e-07 5
      vertex 35.25 0 5
    endloop
  endfacet
  facet normal 0 0 1
    outer loop
      vertex 35.2244 0.194114 5
      vertex 35.2182 0.192453 5
      vertex 35.2436 2.07386e-07 5
    endloop
  endfacet
  facet normal 0 0 1
    outer loop
      vertex 35.1495 0.375 5
      vertex 35.2182 0.192453 5
      vertex 35.2244 0.194114 5
    endloop
  endfacet
  facet normal 0 0 1
    outer loop
      vertex 35.1495 0.375 5
      vertex 35.144 0.371791 5
      vertex 35.2182 0.192453 5
    endloop
  endfacet
  facet normal 0 0 1
    outer loop
      vertex 35.0303 0.53033 5
      vertex 35.144 0.371791 5
      vertex 35.1495 0.375 5
    endloop
  endfacet
  facet normal 0 0 1
    outer loop
      vertex 35.0303 0.53033 5
      vertex 35.0258 0.525792 5
      vertex 35.144 0.371791 5
    endloop
  endfacet
  facet normal 0 0 1
    outer loop
      vertex 34.875 0.649519 5
      vertex 35.0258 0.525792 5
      vertex 35.0303 0.53033 5
    endloop
  endfacet
  facet normal 0 0 1
    outer loop
      vertex 34.875 0.649519 5
      vertex 34.8718 0.643962 5
      vertex 35.0258 0.525792 5
    endloop
  endfacet
  facet normal 0 0 1
    outer loop
      vertex 34.6941 0.724443 5
      vertex 34.8718 0.643962 5
      vertex 34.875 0.649519 5
    endloop
  endfacet
  facet normal 0 0 1
    outer loop
      vertex 34.6941 0.724443 5
      vertex 34.6925 0.718246 5
      vertex 34.8718 0.643962 5
    endloop
  endfacet
  facet normal 0 0 1
    outer loop
      vertex 34.5 0.75 5
      vertex 34.6925 0.718246 5
      vertex 34.6941 0.724443 5
    endloop
  endfacet
  facet normal 0 0 1
    outer loop
      vertex 34.5 0.75 5
      vertex 34.5 0.743583 5
      vertex 34.6925 0.718246 5
    endloop
  endfacet
  facet normal 0 0 1
    outer loop
      vertex 34.5 0.75 5
      vertex 34.3075 0.718246 5
      vertex 34.5 0.743583 5
    endloop
  endfacet
  facet normal -0 0 1
    outer loop
      vertex 34.3059 0.724443 5
      vertex 34.3075 0.718246 5
      vertex 34.5 0.75 5
    endloop
  endfacet
  facet normal 0 0 1
    outer loop
      vertex 34.3059 0.724443 5
      vertex 34.1282 0.643962 5
      vertex 34.3075 0.718246 5
    endloop
  endfacet
  facet normal -0 0 1
    outer loop
      vertex 34.125 0.649519 5
      vertex 34.1282 0.643962 5
      vertex 34.3059 0.724443 5
    endloop
  endfacet
  facet normal 0 0 1
    outer loop
      vertex 34.125 0.649519 5
      vertex 33.9742 0.525792 5
      vertex 34.1282 0.643962 5
    endloop
  endfacet
  facet normal -0 0 1
    outer loop
      vertex 33.9697 0.53033 5
      vertex 33.9742 0.525792 5
      vertex 34.125 0.649519 5
    endloop
  endfacet
  facet normal 0 0 1
    outer loop
      vertex 33.9697 0.53033 5
      vertex 33.856 0.371791 5
      vertex 33.9742 0.525792 5
    endloop
  endfacet
  facet normal -0 0 1
    outer loop
      vertex 33.8505 0.375 5
      vertex 33.856 0.371791 5
      vertex 33.9697 0.53033 5
    endloop
  endfacet
  facet normal 0 0 1
    outer loop
      vertex 33.8505 0.375 5
      vertex 33.7818 0.192453 5
      vertex 33.856 0.371791 5
    endloop
  endfacet
  facet normal -0 0 1
    outer loop
      vertex 33.7756 0.194114 5
      vertex 33.7818 0.192453 5
      vertex 33.8505 0.375 5
    endloop
  endfacet
  facet normal 0 0 1
    outer loop
      vertex 33.7756 0.194114 5
      vertex 33.7564 2.07386e-07 5
      vertex 33.7818 0.192453 5
    endloop
  endfacet
  facet normal 0 -0 1
    outer loop
      vertex 33.7564 2.07386e-07 5
      vertex 33.7756 0.194114 5
      vertex 33.75 0 5
    endloop
  endfacet
  facet normal 0.991415 -0.130749 0
    outer loop
      vertex 35.2244 -0.194114 4.94799
      vertex 35.25 0 0
      vertex 35.25 0 5
    endloop
  endfacet
  facet normal 0.991415 -0.130749 0
    outer loop
      vertex 35.25 0 0
      vertex 35.2244 -0.194114 4.94799
      vertex 35.2244 -0.194114 0
    endloop
  endfacet
  facet normal -0.813733 0 0.581238
    outer loop
      vertex 33.7565 0 5.09803
      vertex 33.7564 0 5.09789
      vertex 33.7564 -0.000109752 5.09789
    endloop
  endfacet
  facet normal -0.528291 0.688061 0.497475
    outer loop
      vertex 34.1669 0.577013 5.33314
      vertex 34.1535 0.600077 5.28701
      vertex 34.0586 0.518349 5.29927
    endloop
  endfacet
  facet normal -0.527691 0.688607 0.497356
    outer loop
      vertex 34.0586 0.518349 5.29927
      vertex 34.01 0.489961 5.28701
      vertex 34.0407 0.493993 5.314
    endloop
  endfacet
  facet normal -0.527461 0.687371 0.499305
    outer loop
      vertex 34.01 0.489961 5.28701
      vertex 34.0586 0.518349 5.29927
      vertex 34.1535 0.600077 5.28701
    endloop
  endfacet
  facet normal 0.588388 0.76677 0.256641
    outer loop
      vertex 34.8718 0.643962 5.09789
      vertex 34.8465 0.600077 5.28701
      vertex 34.99 0.489961 5.28701
    endloop
  endfacet
  facet normal -0.588375 0.766775 0.256653
    outer loop
      vertex 34.1282 0.643962 5.09789
      vertex 33.9742 0.525792 5.09789
      vertex 34.01 0.489961 5.28701
    endloop
  endfacet
  facet normal -0.991558 0.129666 0
    outer loop
      vertex 33.7566 0.0015294 5.09789
      vertex 33.7564 0 5.09748
      vertex 33.7564 0 5.09789
    endloop
  endfacet
  facet normal -0.991437 0.130585 0
    outer loop
      vertex 33.7756 0.145381 5.08394
      vertex 33.7818 0.192453 5.09789
      vertex 33.7818 0.192453 5
    endloop
  endfacet
  facet normal -0.990883 0.13416 -0.0123101
    outer loop
      vertex 33.7818 0.192453 5.09789
      vertex 33.7756 0.145381 5.08394
      vertex 33.7787 0.169557 5.09789
    endloop
  endfacet
  facet normal -0.991403 0.130846 0.000148607
    outer loop
      vertex 33.7756 0.145381 5.08394
      vertex 33.7818 0.192453 5
      vertex 33.7564 2.07386e-07 5
    endloop
  endfacet
  facet normal -0.924033 0.382313 0
    outer loop
      vertex 33.7818 0.192453 5
      vertex 33.856 0.371791 5.09789
      vertex 33.856 0.371791 5
    endloop
  endfacet
  facet normal -0.924033 0.382313 0
    outer loop
      vertex 33.856 0.371791 5.09789
      vertex 33.7818 0.192453 5
      vertex 33.7818 0.192453 5.09789
    endloop
  endfacet
  facet normal 0.802923 0.331339 0.495509
    outer loop
      vertex 35.1001 0.346455 5.28701
      vertex 35.095 0.3435 5.29725
      vertex 35.1053 0.333854 5.28701
    endloop
  endfacet
  facet normal 0.894444 0.369106 0.252448
    outer loop
      vertex 35.1066 0.337892 5.2765
      vertex 35.1001 0.346455 5.28701
      vertex 35.1053 0.333854 5.28701
    endloop
  endfacet
  facet normal 0.894053 0.36745 0.256221
    outer loop
      vertex 35.2051 0.208603 5.12044
      vertex 35.2182 0.192453 5.09789
      vertex 35.2027 0.212769 5.12284
    endloop
  endfacet
  facet normal 0.893888 0.368384 0.255456
    outer loop
      vertex 35.2182 0.192453 5.09789
      vertex 35.2051 0.208603 5.12044
      vertex 35.2091 0.19 5.13327
    endloop
  endfacet
  facet normal -0.688873 0.527356 0.497343
    outer loop
      vertex 34.01 0.489961 5.28701
      vertex 33.992 0.466448 5.28701
      vertex 34.0074 0.469872 5.30471
    endloop
  endfacet
  facet normal -0.688419 0.529519 0.49567
    outer loop
      vertex 33.9235 0.377137 5.28701
      vertex 33.8999 0.346455 5.28701
      vertex 33.905 0.3435 5.29725
    endloop
  endfacet
  facet normal 0.813733 0 0.581238
    outer loop
      vertex 35.2436 0 5.09789
      vertex 35.2435 0 5.09803
      vertex 35.2436 -0.000109752 5.09789
    endloop
  endfacet
  facet normal -0.126174 0.958193 0.256801
    outer loop
      vertex 34.5 0.692909 5.28701
      vertex 34.3075 0.718246 5.09789
      vertex 34.3207 0.669299 5.28701
    endloop
  endfacet
  facet normal 0.793277 0.608862 0
    outer loop
      vertex 35.144 0.371791 5.09789
      vertex 35.0258 0.525792 5
      vertex 35.0258 0.525792 5.09789
    endloop
  endfacet
  facet normal 0.793277 0.608862 0
    outer loop
      vertex 35.0258 0.525792 5
      vertex 35.144 0.371791 5.09789
      vertex 35.144 0.371791 5
    endloop
  endfacet
  facet normal 0.76671 0.588471 0.256629
    outer loop
      vertex 35.0258 0.525792 5.09789
      vertex 34.99 0.489961 5.28701
      vertex 35.144 0.371791 5.09789
    endloop
  endfacet
  facet normal 0.688873 0.527356 0.497343
    outer loop
      vertex 35.008 0.466448 5.28701
      vertex 34.99 0.489961 5.28701
      vertex 34.9926 0.469872 5.30471
    endloop
  endfacet
  facet normal 0.688419 0.529519 0.49567
    outer loop
      vertex 35.1001 0.346455 5.28701
      vertex 35.0765 0.377137 5.28701
      vertex 35.095 0.3435 5.29725
    endloop
  endfacet
  facet normal 0.688907 0.527336 0.497316
    outer loop
      vertex 34.99 0.489961 5.28701
      vertex 34.974 0.474008 5.32609
      vertex 34.9926 0.469872 5.30471
    endloop
  endfacet
  facet normal 0.369928 0.892898 0.256684
    outer loop
      vertex 34.8718 0.643962 5.09789
      vertex 34.6925 0.718246 5.09789
      vertex 34.8465 0.600077 5.28701
    endloop
  endfacet
  facet normal 0.924033 0.382313 0
    outer loop
      vertex 35.2182 0.192453 5.09789
      vertex 35.144 0.371791 5
      vertex 35.144 0.371791 5.09789
    endloop
  endfacet
  facet normal 0.924033 0.382313 0
    outer loop
      vertex 35.144 0.371791 5
      vertex 35.2182 0.192453 5.09789
      vertex 35.2182 0.192453 5
    endloop
  endfacet
  facet normal 0.332081 0.801915 0.496644
    outer loop
      vertex 34.6793 0.669299 5.28701
      vertex 34.6681 0.627364 5.36221
      vertex 34.7248 0.610071 5.35222
    endloop
  endfacet
  facet normal 0.588375 0.766775 0.256653
    outer loop
      vertex 35.0258 0.525792 5.09789
      vertex 34.8718 0.643962 5.09789
      vertex 34.99 0.489961 5.28701
    endloop
  endfacet
  facet normal 0.958123 0.129477 0.255413
    outer loop
      vertex 35.2182 0.192453 5.09789
      vertex 35.2091 0.19 5.13327
      vertex 35.217 0.183007 5.10718
    endloop
  endfacet
  facet normal 0.809165 0.105815 0.577975
    outer loop
      vertex 35.2436 0 5.09789
      vertex 35.2434 0.0015294 5.09789
      vertex 35.2435 0 5.09803
    endloop
  endfacet
  facet normal 0.964786 0.11166 0.238158
    outer loop
      vertex 35.2175 0.182526 5.10538
      vertex 35.2182 0.192453 5.09789
      vertex 35.217 0.183007 5.10718
    endloop
  endfacet
  facet normal 0.956296 0.130133 0.261847
    outer loop
      vertex 35.2196 0.175384 5.10126
      vertex 35.2182 0.192453 5.09789
      vertex 35.2175 0.182526 5.10538
    endloop
  endfacet
  facet normal 0.957204 0.129601 0.258773
    outer loop
      vertex 35.2182 0.192453 5.09789
      vertex 35.2196 0.175384 5.10126
      vertex 35.2213 0.169557 5.09789
    endloop
  endfacet
  facet normal 0.895148 0.364457 0.256672
    outer loop
      vertex 35.1118 0.353206 5.23662
      vertex 35.1001 0.346455 5.28701
      vertex 35.1066 0.337892 5.2765
    endloop
  endfacet
  facet normal 0.89278 0.369897 0.257138
    outer loop
      vertex 35.2027 0.212769 5.12284
      vertex 35.144 0.371791 5.09789
      vertex 35.1188 0.357272 5.20627
    endloop
  endfacet
  facet normal 0.8937 0.369763 0.254118
    outer loop
      vertex 35.144 0.371791 5.09789
      vertex 35.2027 0.212769 5.12284
      vertex 35.2182 0.192453 5.09789
    endloop
  endfacet
  facet normal 0.767977 0.587912 0.254107
    outer loop
      vertex 34.99 0.489961 5.28701
      vertex 35.008 0.466448 5.28701
      vertex 35.004 0.476756 5.27525
    endloop
  endfacet
  facet normal 0.767191 0.587291 0.257889
    outer loop
      vertex 35.144 0.371791 5.09789
      vertex 35.0208 0.459279 5.26516
      vertex 35.029 0.450732 5.26023
    endloop
  endfacet
  facet normal 0.767966 0.585692 0.259215
    outer loop
      vertex 35.144 0.371791 5.09789
      vertex 35.029 0.450732 5.26023
      vertex 35.0348 0.444676 5.25673
    endloop
  endfacet
  facet normal 0.769751 0.581415 0.263514
    outer loop
      vertex 35.004 0.476756 5.27525
      vertex 35.144 0.371791 5.09789
      vertex 34.99 0.489961 5.28701
    endloop
  endfacet
  facet normal 0.766602 0.588528 0.256819
    outer loop
      vertex 35.012 0.46843 5.27045
      vertex 35.144 0.371791 5.09789
      vertex 35.004 0.476756 5.27525
    endloop
  endfacet
  facet normal 0.766497 0.588755 0.256612
    outer loop
      vertex 35.0208 0.459279 5.26516
      vertex 35.144 0.371791 5.09789
      vertex 35.012 0.46843 5.27045
    endloop
  endfacet
  facet normal 0.765662 0.590321 0.255507
    outer loop
      vertex 35.0519 0.426929 5.24649
      vertex 35.144 0.371791 5.09789
      vertex 35.0348 0.444676 5.25673
    endloop
  endfacet
  facet normal 0.766864 0.588069 0.257088
    outer loop
      vertex 35.144 0.371791 5.09789
      vertex 35.0519 0.426929 5.24649
      vertex 35.1188 0.357272 5.20627
    endloop
  endfacet
  facet normal 0.766059 0.589238 0.256813
    outer loop
      vertex 35.1118 0.353206 5.23662
      vertex 35.0765 0.377137 5.28701
      vertex 35.1001 0.346455 5.28701
    endloop
  endfacet
  facet normal -0.332081 0.801915 0.496644
    outer loop
      vertex 34.3207 0.669299 5.28701
      vertex 34.2752 0.610071 5.35222
      vertex 34.3319 0.627364 5.36221
    endloop
  endfacet
  facet normal 0.126174 0.958193 0.256801
    outer loop
      vertex 34.6925 0.718246 5.09789
      vertex 34.5 0.692909 5.28701
      vertex 34.6793 0.669299 5.28701
    endloop
  endfacet
  facet normal 0.113303 0.860449 0.496779
    outer loop
      vertex 34.5 0.692909 5.28701
      vertex 34.5954 0.63454 5.36635
      vertex 34.6793 0.669299 5.28701
    endloop
  endfacet
  facet normal 0.113308 0.860451 0.496774
    outer loop
      vertex 34.5954 0.63454 5.36635
      vertex 34.5 0.692909 5.28701
      vertex 34.5 0.643962 5.37179
    endloop
  endfacet
  facet normal -0.809165 0.105815 0.577975
    outer loop
      vertex 33.7566 0.0015294 5.09789
      vertex 33.7564 0 5.09789
      vertex 33.7565 0 5.09803
    endloop
  endfacet
  facet normal -0.964786 0.11166 0.238158
    outer loop
      vertex 33.7818 0.192453 5.09789
      vertex 33.7825 0.182526 5.10538
      vertex 33.783 0.183007 5.10718
    endloop
  endfacet
  facet normal -0.956296 0.130133 0.261847
    outer loop
      vertex 33.7818 0.192453 5.09789
      vertex 33.7804 0.175384 5.10126
      vertex 33.7825 0.182526 5.10538
    endloop
  endfacet
  facet normal -0.957204 0.129601 0.258773
    outer loop
      vertex 33.7804 0.175384 5.10126
      vertex 33.7818 0.192453 5.09789
      vertex 33.7787 0.169557 5.09789
    endloop
  endfacet
  facet normal 1 0 0
    outer loop
      vertex 35.2436 0 5.09789
      vertex 35.2436 -0.000109752 5.09789
      vertex 35.2436 0 5.09748
    endloop
  endfacet
  facet normal 0.126121 0.958214 0.25675
    outer loop
      vertex 34.5 0.743583 5.09789
      vertex 34.5 0.692909 5.28701
      vertex 34.6925 0.718246 5.09789
    endloop
  endfacet
  facet normal 0.369682 0.892936 0.256907
    outer loop
      vertex 34.6925 0.718246 5.09789
      vertex 34.6793 0.669299 5.28701
      vertex 34.8465 0.600077 5.28701
    endloop
  endfacet
  facet normal -0.126121 0.958214 0.25675
    outer loop
      vertex 34.5 0.743583 5.09789
      vertex 34.3075 0.718246 5.09789
      vertex 34.5 0.692909 5.28701
    endloop
  endfacet
  facet normal -0.334002 0.801935 0.495321
    outer loop
      vertex 34.3207 0.669299 5.28701
      vertex 34.2651 0.60697 5.35043
      vertex 34.2752 0.610071 5.35222
    endloop
  endfacet
  facet normal -0.331939 0.801772 0.496969
    outer loop
      vertex 34.2651 0.60697 5.35043
      vertex 34.3207 0.669299 5.28701
      vertex 34.1535 0.600077 5.28701
    endloop
  endfacet
  facet normal -0.33207 0.80156 0.497223
    outer loop
      vertex 34.2651 0.60697 5.35043
      vertex 34.1535 0.600077 5.28701
      vertex 34.1669 0.577013 5.33314
    endloop
  endfacet
  facet normal -0.369928 0.892898 0.256684
    outer loop
      vertex 34.3075 0.718246 5.09789
      vertex 34.1282 0.643962 5.09789
      vertex 34.1535 0.600077 5.28701
    endloop
  endfacet
  facet normal -0.588388 0.76677 0.256641
    outer loop
      vertex 34.1282 0.643962 5.09789
      vertex 34.01 0.489961 5.28701
      vertex 34.1535 0.600077 5.28701
    endloop
  endfacet
  facet normal -0.76671 0.588471 0.256629
    outer loop
      vertex 33.9742 0.525792 5.09789
      vertex 33.856 0.371791 5.09789
      vertex 34.01 0.489961 5.28701
    endloop
  endfacet
  facet normal -0.793277 0.608862 0
    outer loop
      vertex 33.856 0.371791 5
      vertex 33.9742 0.525792 5.09789
      vertex 33.9742 0.525792 5
    endloop
  endfacet
  facet normal -0.793277 0.608862 0
    outer loop
      vertex 33.9742 0.525792 5.09789
      vertex 33.856 0.371791 5
      vertex 33.856 0.371791 5.09789
    endloop
  endfacet
  facet normal -0.766497 0.588755 0.256612
    outer loop
      vertex 33.856 0.371791 5.09789
      vertex 33.9792 0.459279 5.26516
      vertex 33.988 0.46843 5.27045
    endloop
  endfacet
  facet normal -0.767191 0.587291 0.257889
    outer loop
      vertex 33.9792 0.459279 5.26516
      vertex 33.856 0.371791 5.09789
      vertex 33.971 0.450732 5.26023
    endloop
  endfacet
  facet normal -0.769751 0.581415 0.263514
    outer loop
      vertex 33.856 0.371791 5.09789
      vertex 33.996 0.476756 5.27525
      vertex 34.01 0.489961 5.28701
    endloop
  endfacet
  facet normal -0.766602 0.588528 0.256819
    outer loop
      vertex 33.856 0.371791 5.09789
      vertex 33.988 0.46843 5.27045
      vertex 33.996 0.476756 5.27525
    endloop
  endfacet
  facet normal -0.767966 0.585692 0.259215
    outer loop
      vertex 33.971 0.450732 5.26023
      vertex 33.856 0.371791 5.09789
      vertex 33.9652 0.444676 5.25673
    endloop
  endfacet
  facet normal -0.765662 0.590321 0.255507
    outer loop
      vertex 33.856 0.371791 5.09789
      vertex 33.9481 0.426929 5.24649
      vertex 33.9652 0.444676 5.25673
    endloop
  endfacet
  facet normal -0.766864 0.588069 0.257088
    outer loop
      vertex 33.9481 0.426929 5.24649
      vertex 33.856 0.371791 5.09789
      vertex 33.8812 0.357272 5.20627
    endloop
  endfacet
  facet normal -0.767977 0.587912 0.254107
    outer loop
      vertex 34.01 0.489961 5.28701
      vertex 33.996 0.476756 5.27525
      vertex 33.992 0.466448 5.28701
    endloop
  endfacet
  facet normal -0.766059 0.589238 0.256813
    outer loop
      vertex 33.9235 0.377137 5.28701
      vertex 33.8882 0.353206 5.23662
      vertex 33.8999 0.346455 5.28701
    endloop
  endfacet
  facet normal -0.958123 0.129477 0.255413
    outer loop
      vertex 33.7909 0.19 5.13327
      vertex 33.7818 0.192453 5.09789
      vertex 33.783 0.183007 5.10718
    endloop
  endfacet
  facet normal -0.802923 0.331339 0.495509
    outer loop
      vertex 33.8999 0.346455 5.28701
      vertex 33.8947 0.333854 5.28701
      vertex 33.905 0.3435 5.29725
    endloop
  endfacet
  facet normal 0.527568 0.688826 0.497183
    outer loop
      vertex 34.99 0.489961 5.28701
      vertex 34.9593 0.493993 5.314
      vertex 34.974 0.474008 5.32609
    endloop
  endfacet
  facet normal -0.382752 0.923851 0
    outer loop
      vertex 34.3075 0.718246 5
      vertex 34.1282 0.643962 5.09789
      vertex 34.3075 0.718246 5.09789
    endloop
  endfacet
  facet normal -0.382752 0.923851 0
    outer loop
      vertex 34.1282 0.643962 5.09789
      vertex 34.3075 0.718246 5
      vertex 34.1282 0.643962 5
    endloop
  endfacet
  facet normal 0.608767 0.793349 -0
    outer loop
      vertex 35.0258 0.525792 5
      vertex 34.8718 0.643962 5.09789
      vertex 35.0258 0.525792 5.09789
    endloop
  endfacet
  facet normal 0.608767 0.793349 0
    outer loop
      vertex 34.8718 0.643962 5.09789
      vertex 35.0258 0.525792 5
      vertex 34.8718 0.643962 5
    endloop
  endfacet
  facet normal 0.991558 0.129666 -0
    outer loop
      vertex 35.2436 0 5.09748
      vertex 35.2434 0.0015294 5.09789
      vertex 35.2436 0 5.09789
    endloop
  endfacet
  facet normal 0.990883 0.13416 -0.0123101
    outer loop
      vertex 35.2244 0.145381 5.08394
      vertex 35.2182 0.192453 5.09789
      vertex 35.2213 0.169557 5.09789
    endloop
  endfacet
  facet normal 0.991437 0.130585 0
    outer loop
      vertex 35.2182 0.192453 5.09789
      vertex 35.2244 0.145381 5.08394
      vertex 35.2182 0.192453 5
    endloop
  endfacet
  facet normal 0.991403 0.130846 0.000148607
    outer loop
      vertex 35.2182 0.192453 5
      vertex 35.2244 0.145381 5.08394
      vertex 35.2436 2.07386e-07 5
    endloop
  endfacet
  facet normal -0.369682 0.892936 0.256907
    outer loop
      vertex 34.3075 0.718246 5.09789
      vertex 34.1535 0.600077 5.28701
      vertex 34.3207 0.669299 5.28701
    endloop
  endfacet
  facet normal 0.382752 0.923851 -0
    outer loop
      vertex 34.8718 0.643962 5
      vertex 34.6925 0.718246 5.09789
      vertex 34.8718 0.643962 5.09789
    endloop
  endfacet
  facet normal 0.382752 0.923851 0
    outer loop
      vertex 34.6925 0.718246 5.09789
      vertex 34.8718 0.643962 5
      vertex 34.6925 0.718246 5
    endloop
  endfacet
  facet normal 0.130495 0.991449 -0
    outer loop
      vertex 34.6925 0.718246 5
      vertex 34.5 0.743583 5.09789
      vertex 34.6925 0.718246 5.09789
    endloop
  endfacet
  facet normal 0.130495 0.991449 0
    outer loop
      vertex 34.5 0.743583 5.09789
      vertex 34.6925 0.718246 5
      vertex 34.5 0.743583 5
    endloop
  endfacet
  facet normal 0.113194 0.860513 0.496693
    outer loop
      vertex 34.6679 0.627387 5.36222
      vertex 34.6793 0.669299 5.28701
      vertex 34.5954 0.63454 5.36635
    endloop
  endfacet
  facet normal 0.123619 0.858737 0.497283
    outer loop
      vertex 34.6793 0.669299 5.28701
      vertex 34.6679 0.627387 5.36222
      vertex 34.6681 0.627364 5.36221
    endloop
  endfacet
  facet normal -1 -0 -0
    outer loop
      vertex 33.7564 0 5.09789
      vertex 33.7564 0 5.09748
      vertex 33.7564 -0.000109752 5.09789
    endloop
  endfacet
  facet normal -0.527568 0.688826 0.497183
    outer loop
      vertex 34.0407 0.493993 5.314
      vertex 34.01 0.489961 5.28701
      vertex 34.026 0.474008 5.32609
    endloop
  endfacet
  facet normal -0.688907 0.527336 0.497316
    outer loop
      vertex 34.01 0.489961 5.28701
      vertex 34.0074 0.469872 5.30471
      vertex 34.026 0.474008 5.32609
    endloop
  endfacet
  facet normal -0.895148 0.364457 0.256672
    outer loop
      vertex 33.8999 0.346455 5.28701
      vertex 33.8882 0.353206 5.23662
      vertex 33.8934 0.337892 5.2765
    endloop
  endfacet
  facet normal -0.89278 0.369897 0.257138
    outer loop
      vertex 33.856 0.371791 5.09789
      vertex 33.7973 0.212769 5.12284
      vertex 33.8812 0.357272 5.20627
    endloop
  endfacet
  facet normal -0.8937 0.369763 0.254118
    outer loop
      vertex 33.7973 0.212769 5.12284
      vertex 33.856 0.371791 5.09789
      vertex 33.7818 0.192453 5.09789
    endloop
  endfacet
  facet normal -0.894444 0.369106 0.252448
    outer loop
      vertex 33.8999 0.346455 5.28701
      vertex 33.8934 0.337892 5.2765
      vertex 33.8947 0.333854 5.28701
    endloop
  endfacet
  facet normal -0.894053 0.36745 0.256221
    outer loop
      vertex 33.7818 0.192453 5.09789
      vertex 33.7949 0.208603 5.12044
      vertex 33.7973 0.212769 5.12284
    endloop
  endfacet
  facet normal -0.893888 0.368384 0.255456
    outer loop
      vertex 33.7949 0.208603 5.12044
      vertex 33.7818 0.192453 5.09789
      vertex 33.7909 0.19 5.13327
    endloop
  endfacet
  facet normal 0.33207 0.80156 0.497223
    outer loop
      vertex 34.8465 0.600077 5.28701
      vertex 34.7349 0.60697 5.35043
      vertex 34.8331 0.577013 5.33314
    endloop
  endfacet
  facet normal 0.331939 0.801772 0.496969
    outer loop
      vertex 34.6793 0.669299 5.28701
      vertex 34.7349 0.60697 5.35043
      vertex 34.8465 0.600077 5.28701
    endloop
  endfacet
  facet normal 0.334002 0.801935 0.495321
    outer loop
      vertex 34.7349 0.60697 5.35043
      vertex 34.6793 0.669299 5.28701
      vertex 34.7248 0.610071 5.35222
    endloop
  endfacet
  facet normal 0.527691 0.688607 0.497356
    outer loop
      vertex 34.9593 0.493993 5.314
      vertex 34.99 0.489961 5.28701
      vertex 34.9414 0.518349 5.29927
    endloop
  endfacet
  facet normal 0.528291 0.688061 0.497475
    outer loop
      vertex 34.9414 0.518349 5.29927
      vertex 34.8465 0.600077 5.28701
      vertex 34.8331 0.577013 5.33314
    endloop
  endfacet
  facet normal 0.527461 0.687371 0.499305
    outer loop
      vertex 34.8465 0.600077 5.28701
      vertex 34.9414 0.518349 5.29927
      vertex 34.99 0.489961 5.28701
    endloop
  endfacet
  facet normal -0.130495 0.991449 0
    outer loop
      vertex 34.5 0.743583 5
      vertex 34.3075 0.718246 5.09789
      vertex 34.5 0.743583 5.09789
    endloop
  endfacet
  facet normal -0.130495 0.991449 0
    outer loop
      vertex 34.3075 0.718246 5.09789
      vertex 34.5 0.743583 5
      vertex 34.3075 0.718246 5
    endloop
  endfacet
  facet normal -0.123619 0.858737 0.497283
    outer loop
      vertex 34.3321 0.627387 5.36222
      vertex 34.3207 0.669299 5.28701
      vertex 34.3319 0.627364 5.36221
    endloop
  endfacet
  facet normal -0.113194 0.860513 0.496693
    outer loop
      vertex 34.3207 0.669299 5.28701
      vertex 34.3321 0.627387 5.36222
      vertex 34.4046 0.63454 5.36635
    endloop
  endfacet
  facet normal -0.113308 0.860451 0.496774
    outer loop
      vertex 34.5 0.692909 5.28701
      vertex 34.4046 0.63454 5.36635
      vertex 34.5 0.643962 5.37179
    endloop
  endfacet
  facet normal -0.113303 0.860449 0.496779
    outer loop
      vertex 34.4046 0.63454 5.36635
      vertex 34.5 0.692909 5.28701
      vertex 34.3207 0.669299 5.28701
    endloop
  endfacet
  facet normal -0.608767 0.793349 0
    outer loop
      vertex 34.1282 0.643962 5
      vertex 33.9742 0.525792 5.09789
      vertex 34.1282 0.643962 5.09789
    endloop
  endfacet
  facet normal -0.608767 0.793349 0
    outer loop
      vertex 33.9742 0.525792 5.09789
      vertex 34.1282 0.643962 5
      vertex 33.9742 0.525792 5
    endloop
  endfacet
  facet normal 0.991389 0.113405 0.0654743
    outer loop
      vertex 35.2244 -0.631891 6.4827
      vertex 35.2434 0.0015294 5.09789
      vertex 35.2244 0.168107 5.09706
    endloop
  endfacet
  facet normal 0.847365 0.478575 0.230085
    outer loop
      vertex 35.2435 0 5.09803
      vertex 35.2244 -0.631891 6.4827
      vertex 35.2436 -0.000109752 5.09789
    endloop
  endfacet
  facet normal 0.996562 0.0693142 0.0453779
    outer loop
      vertex 35.2434 0.0015294 5.09789
      vertex 35.2244 -0.631891 6.4827
      vertex 35.2435 0 5.09803
    endloop
  endfacet
  facet normal 0.991549 0.112213 0.0650997
    outer loop
      vertex 35.25 0 5
      vertex 35.2434 0.0015294 5.09789
      vertex 35.2436 0 5.09748
    endloop
  endfacet
  facet normal 0.991416 0.113406 0.065072
    outer loop
      vertex 35.2434 0.0015294 5.09789
      vertex 35.25 0 5
      vertex 35.2244 0.168107 5.09706
    endloop
  endfacet
  facet normal 0.969246 0.237722 0.0636354
    outer loop
      vertex 35.2436 -0.000109752 5.09789
      vertex 35.25 0 5
      vertex 35.2436 0 5.09748
    endloop
  endfacet
  facet normal 0.991556 0.112238 0.0649533
    outer loop
      vertex 35.25 0 5
      vertex 35.2436 -0.000109752 5.09789
      vertex 35.2244 -0.631891 6.4827
    endloop
  endfacet
  facet normal 1.62027e-05 0.500021 -0.866013
    outer loop
      vertex 35.2244 0.145381 5.08394
      vertex 35.25 0 5
      vertex 35.2436 2.07386e-07 5
    endloop
  endfacet
  facet normal -0.00033005 0.499975 -0.86604
    outer loop
      vertex 35.25 0 5
      vertex 35.2244 0.145381 5.08394
      vertex 35.2244 0.168107 5.09706
    endloop
  endfacet
  facet normal -1.09473e-05 -0.50001 0.86602
    outer loop
      vertex 33.7756 -0.631891 6.4827
      vertex 33.75 -0.799999 6.38564
      vertex 33.9697 -1.25928 6.12047
    endloop
  endfacet
  facet normal 0.991416 0.113231 0.0653739
    outer loop
      vertex 35.25 0 5
      vertex 35.2244 -0.631891 6.4827
      vertex 35.25 -0.799999 6.38564
    endloop
  endfacet
  facet normal -0.991416 -0.113231 -0.0653739
    outer loop
      vertex 33.7756 -0.968107 6.28858
      vertex 33.75 -0.799999 6.38564
      vertex 33.75 0 5
    endloop
  endfacet
  facet normal 0.991415 -0.113233 -0.0653752
    outer loop
      vertex 35.25 0 5
      vertex 35.2244 -0.968107 6.28858
      vertex 35.2244 -0.194114 4.94799
    endloop
  endfacet
  facet normal 0.923924 0.331321 0.191288
    outer loop
      vertex 35.1495 0.324759 5.1875
      vertex 35.1495 -0.47524 6.57314
      vertex 35.2244 -0.631891 6.4827
    endloop
  endfacet
  facet normal 0 -0.499997 0.866027
    outer loop
      vertex 34.3059 -0.172612 6.74786
      vertex 34.6941 -1.42739 6.02342
      vertex 34.6941 -0.172612 6.74786
    endloop
  endfacet
  facet normal 0 -0.499997 0.866027
    outer loop
      vertex 34.6941 -1.42739 6.02342
      vertex 34.3059 -0.172612 6.74786
      vertex 34.3059 -1.42739 6.02342
    endloop
  endfacet
  facet normal 0.000880865 0.49975 -0.866169
    outer loop
      vertex 33.971 0.450732 5.26023
      vertex 33.9652 0.444676 5.25673
      vertex 33.9697 0.459279 5.26516
    endloop
  endfacet
  facet normal 0.923994 -0.331174 -0.191204
    outer loop
      vertex 35.2244 -0.968107 6.28858
      vertex 35.1541 -0.363974 4.90247
      vertex 35.2244 -0.194114 4.94799
    endloop
  endfacet
  facet normal -0.382662 -0.800111 -0.461944
    outer loop
      vertex 34.125 -0.649519 4.82596
      vertex 34.3059 -1.42739 6.02342
      vertex 34.125 -1.3625 6.06088
    endloop
  endfacet
  facet normal -0.382661 -0.800111 -0.461944
    outer loop
      vertex 34.3059 -1.42739 6.02342
      vertex 34.125 -0.649519 4.82596
      vertex 34.3059 -0.724443 4.80588
    endloop
  endfacet
  facet normal -1.75219e-05 -0.499994 0.866029
    outer loop
      vertex 34.3059 -1.42739 6.02342
      vertex 33.9697 -1.25928 6.12047
      vertex 34.125 -1.3625 6.06088
    endloop
  endfacet
  facet normal -0.130542 0.858615 0.495721
    outer loop
      vertex 34.5 0.649519 5.375
      vertex 34.3059 -0.172612 6.74786
      vertex 34.5 -0.15048 6.76064
    endloop
  endfacet
  facet normal -4.78928e-05 0.499937 -0.866062
    outer loop
      vertex 34.8331 0.577013 5.33314
      vertex 34.875 0.5625 5.32476
      vertex 34.9414 0.518349 5.29927
    endloop
  endfacet
  facet normal -0.000892343 0.498107 -0.867115
    outer loop
      vertex 34.8331 0.577013 5.33314
      vertex 34.6941 0.627387 5.36222
      vertex 34.875 0.5625 5.32476
    endloop
  endfacet
  facet normal 0.000202541 0.500375 -0.865809
    outer loop
      vertex 34.6941 0.627387 5.36222
      vertex 34.8331 0.577013 5.33314
      vertex 34.7349 0.60697 5.35043
    endloop
  endfacet
  facet normal -0.00131132 0.498506 -0.866885
    outer loop
      vertex 35.012 0.46843 5.27045
      vertex 35.004 0.476756 5.27525
      vertex 35.0303 0.459279 5.26516
    endloop
  endfacet
  facet normal 0.382651 0.800115 0.461946
    outer loop
      vertex 34.6941 0.627387 5.36222
      vertex 34.6941 -0.172612 6.74786
      vertex 34.875 0.5625 5.32476
    endloop
  endfacet
  facet normal -5.79895e-05 -0.499985 0.866034
    outer loop
      vertex 35.25 -0.799999 6.38564
      vertex 35.0303 -1.25928 6.12047
      vertex 35.1495 -1.12476 6.19814
    endloop
  endfacet
  facet normal 1.09473e-05 -0.50001 0.86602
    outer loop
      vertex 35.2244 -0.631891 6.4827
      vertex 35.0303 -1.25928 6.12047
      vertex 35.25 -0.799999 6.38564
    endloop
  endfacet
  facet normal -4.26487e-06 -0.499966 0.866045
    outer loop
      vertex 34.125 -0.237499 6.7104
      vertex 33.9697 -0.34072 6.65081
      vertex 34.3059 -0.172612 6.74786
    endloop
  endfacet
  facet normal 0.000156023 0.500305 -0.865849
    outer loop
      vertex 34.7248 0.610071 5.35222
      vertex 34.6941 0.627387 5.36222
      vertex 34.7349 0.60697 5.35043
    endloop
  endfacet
  facet normal -0.000109168 0.499952 -0.866053
    outer loop
      vertex 34.6681 0.627364 5.36221
      vertex 34.6941 0.627387 5.36222
      vertex 34.7248 0.610071 5.35222
    endloop
  endfacet
  facet normal 0 0.398726 -0.91707
    outer loop
      vertex 34.6941 0.627387 5.36222
      vertex 34.6681 0.627364 5.36221
      vertex 34.6679 0.627387 5.36222
    endloop
  endfacet
  facet normal 0 0.500473 -0.865752
    outer loop
      vertex 35.0208 0.459279 5.26516
      vertex 35.012 0.46843 5.27045
      vertex 35.0303 0.459279 5.26516
    endloop
  endfacet
  facet normal 0 0.500473 -0.865752
    outer loop
      vertex 33.9792 0.459279 5.26516
      vertex 33.9697 0.459279 5.26516
      vertex 33.988 0.46843 5.27045
    endloop
  endfacet
  facet normal 0 0.398726 -0.91707
    outer loop
      vertex 34.3319 0.627364 5.36221
      vertex 34.3059 0.627387 5.36222
      vertex 34.3321 0.627387 5.36222
    endloop
  endfacet
  facet normal 0.000109168 0.499952 -0.866053
    outer loop
      vertex 34.2752 0.610071 5.35222
      vertex 34.3059 0.627387 5.36222
      vertex 34.3319 0.627364 5.36221
    endloop
  endfacet
  facet normal -0.000156023 0.500305 -0.865849
    outer loop
      vertex 34.3059 0.627387 5.36222
      vertex 34.2752 0.610071 5.35222
      vertex 34.2651 0.60697 5.35043
    endloop
  endfacet
  facet normal 0.130542 0.858615 0.495721
    outer loop
      vertex 34.6941 0.627387 5.36222
      vertex 34.5 0.649519 5.375
      vertex 34.6941 -0.172612 6.74786
    endloop
  endfacet
  facet normal 0.00198431 0.499974 -0.866038
    outer loop
      vertex 35.2213 0.169557 5.09789
      vertex 35.2244 0.168107 5.09706
      vertex 35.2244 0.145381 5.08394
    endloop
  endfacet
  facet normal 0.00277862 0.501249 -0.865298
    outer loop
      vertex 35.2244 0.168107 5.09706
      vertex 35.2213 0.169557 5.09789
      vertex 35.2196 0.175384 5.10126
    endloop
  endfacet
  facet normal 0.0003696 0.500039 -0.866003
    outer loop
      vertex 35.0348 0.444676 5.25673
      vertex 35.0303 0.459279 5.26516
      vertex 35.0519 0.426929 5.24649
    endloop
  endfacet
  facet normal 0.382651 0.800115 0.461946
    outer loop
      vertex 34.875 0.5625 5.32476
      vertex 34.6941 -0.172612 6.74786
      vertex 34.875 -0.237499 6.7104
    endloop
  endfacet
  facet normal 0.608755 0.687064 0.396686
    outer loop
      vertex 35.0303 -0.34072 6.65081
      vertex 34.9926 0.469872 5.30471
      vertex 34.974 0.474008 5.32609
    endloop
  endfacet
  facet normal 0.609033 0.686885 0.39657
    outer loop
      vertex 35.0303 0.459279 5.26516
      vertex 34.9926 0.469872 5.30471
      vertex 35.0303 -0.34072 6.65081
    endloop
  endfacet
  facet normal 0.608758 0.687642 0.395679
    outer loop
      vertex 35.008 0.466448 5.28701
      vertex 35.0303 0.459279 5.26516
      vertex 35.004 0.476756 5.27525
    endloop
  endfacet
  facet normal 0.611157 0.683251 0.399569
    outer loop
      vertex 34.9926 0.469872 5.30471
      vertex 35.0303 0.459279 5.26516
      vertex 35.008 0.466448 5.28701
    endloop
  endfacet
  facet normal 0.60879 0.687042 0.396671
    outer loop
      vertex 34.974 0.474008 5.32609
      vertex 34.875 0.5625 5.32476
      vertex 35.0303 -0.34072 6.65081
    endloop
  endfacet
  facet normal 0.609093 0.687366 0.395645
    outer loop
      vertex 34.9593 0.493993 5.314
      vertex 34.875 0.5625 5.32476
      vertex 34.974 0.474008 5.32609
    endloop
  endfacet
  facet normal 0.60899 0.687158 0.396164
    outer loop
      vertex 34.875 0.5625 5.32476
      vertex 34.9593 0.493993 5.314
      vertex 34.9414 0.518349 5.29927
    endloop
  endfacet
  facet normal 0.923772 0.331202 0.192226
    outer loop
      vertex 35.1495 0.324759 5.1875
      vertex 35.2091 0.19 5.13327
      vertex 35.2051 0.208603 5.12044
    endloop
  endfacet
  facet normal 0.923321 0.347419 0.16364
    outer loop
      vertex 35.217 0.183007 5.10718
      vertex 35.2244 0.168107 5.09706
      vertex 35.2175 0.182526 5.10538
    endloop
  endfacet
  facet normal 0.924662 0.328947 0.191817
    outer loop
      vertex 35.2091 0.19 5.13327
      vertex 35.2244 0.168107 5.09706
      vertex 35.217 0.183007 5.10718
    endloop
  endfacet
  facet normal 0.924344 0.330441 0.19078
    outer loop
      vertex 35.2091 0.19 5.13327
      vertex 35.2244 -0.631891 6.4827
      vertex 35.2244 0.168107 5.09706
    endloop
  endfacet
  facet normal 0.923814 0.331532 0.191451
    outer loop
      vertex 35.2244 -0.631891 6.4827
      vertex 35.2091 0.19 5.13327
      vertex 35.1495 0.324759 5.1875
    endloop
  endfacet
  facet normal 0.000106237 -0.500023 0.866012
    outer loop
      vertex 35.25 -0.799999 6.38564
      vertex 35.1495 -1.12476 6.19814
      vertex 35.2244 -0.968107 6.28858
    endloop
  endfacet
  facet normal 0.608939 -0.686945 -0.396611
    outer loop
      vertex 35.0303 -1.25928 6.12047
      vertex 34.8916 -0.636808 4.82937
      vertex 35.0303 -0.53033 4.8579
    endloop
  endfacet
  facet normal -0.608829 0.687019 0.39665
    outer loop
      vertex 34.125 0.5625 5.32476
      vertex 33.9697 -0.34072 6.65081
      vertex 34.125 -0.237499 6.7104
    endloop
  endfacet
  facet normal 1.633e-05 -0.499997 0.866027
    outer loop
      vertex 34.3059 -0.172612 6.74786
      vertex 33.9697 -0.34072 6.65081
      vertex 34.3059 -1.42739 6.02342
    endloop
  endfacet
  facet normal -0.608939 -0.686945 -0.396611
    outer loop
      vertex 34.1084 -0.636808 4.82937
      vertex 33.9697 -1.25928 6.12047
      vertex 33.9697 -0.53033 4.8579
    endloop
  endfacet
  facet normal -0.923772 0.331202 0.192226
    outer loop
      vertex 33.7909 0.19 5.13327
      vertex 33.8505 0.324759 5.1875
      vertex 33.7949 0.208603 5.12044
    endloop
  endfacet
  facet normal -0.923321 0.347419 0.16364
    outer loop
      vertex 33.7756 0.168107 5.09706
      vertex 33.783 0.183007 5.10718
      vertex 33.7825 0.182526 5.10538
    endloop
  endfacet
  facet normal -0.924662 0.328947 0.191817
    outer loop
      vertex 33.7756 0.168107 5.09706
      vertex 33.7909 0.19 5.13327
      vertex 33.783 0.183007 5.10718
    endloop
  endfacet
  facet normal -0.923814 0.331532 0.191451
    outer loop
      vertex 33.7909 0.19 5.13327
      vertex 33.7756 -0.631891 6.4827
      vertex 33.8505 0.324759 5.1875
    endloop
  endfacet
  facet normal -0.924344 0.330441 0.19078
    outer loop
      vertex 33.7756 -0.631891 6.4827
      vertex 33.7909 0.19 5.13327
      vertex 33.7756 0.168107 5.09706
    endloop
  endfacet
  facet normal -0.60879 0.687042 0.396671
    outer loop
      vertex 34.125 0.5625 5.32476
      vertex 34.026 0.474008 5.32609
      vertex 33.9697 -0.34072 6.65081
    endloop
  endfacet
  facet normal -0.609093 0.687366 0.395645
    outer loop
      vertex 34.125 0.5625 5.32476
      vertex 34.0407 0.493993 5.314
      vertex 34.026 0.474008 5.32609
    endloop
  endfacet
  facet normal -0.60899 0.687158 0.396164
    outer loop
      vertex 34.0407 0.493993 5.314
      vertex 34.125 0.5625 5.32476
      vertex 34.0586 0.518349 5.29927
    endloop
  endfacet
  facet normal -0.608755 0.687064 0.396686
    outer loop
      vertex 34.0074 0.469872 5.30471
      vertex 33.9697 -0.34072 6.65081
      vertex 34.026 0.474008 5.32609
    endloop
  endfacet
  facet normal -0.611157 0.683251 0.399569
    outer loop
      vertex 33.9697 0.459279 5.26516
      vertex 34.0074 0.469872 5.30471
      vertex 33.992 0.466448 5.28701
    endloop
  endfacet
  facet normal -0.609033 0.686885 0.39657
    outer loop
      vertex 34.0074 0.469872 5.30471
      vertex 33.9697 0.459279 5.26516
      vertex 33.9697 -0.34072 6.65081
    endloop
  endfacet
  facet normal -0.608758 0.687642 0.395679
    outer loop
      vertex 33.9697 0.459279 5.26516
      vertex 33.992 0.466448 5.28701
      vertex 33.996 0.476756 5.27525
    endloop
  endfacet
  facet normal -2.58259e-05 -0.500006 0.866022
    outer loop
      vertex 33.9697 -0.34072 6.65081
      vertex 33.9697 -1.25928 6.12047
      vertex 34.3059 -1.42739 6.02342
    endloop
  endfacet
  facet normal 0 -0.500061 0.86599
    outer loop
      vertex 34.5 -0.15048 6.76064
      vertex 34.3059 -0.172612 6.74786
      vertex 34.6941 -0.172612 6.74786
    endloop
  endfacet
  facet normal 0.130542 0.858615 0.495721
    outer loop
      vertex 34.5 0.649519 5.375
      vertex 34.5 -0.15048 6.76064
      vertex 34.6941 -0.172612 6.74786
    endloop
  endfacet
  facet normal 1.75219e-05 -0.499994 0.866029
    outer loop
      vertex 35.0303 -1.25928 6.12047
      vertex 34.6941 -1.42739 6.02342
      vertex 34.875 -1.3625 6.06088
    endloop
  endfacet
  facet normal -1.633e-05 -0.499997 0.866027
    outer loop
      vertex 34.6941 -0.172612 6.74786
      vertex 34.6941 -1.42739 6.02342
      vertex 35.0303 -0.34072 6.65081
    endloop
  endfacet
  facet normal 2.58259e-05 -0.500006 0.866022
    outer loop
      vertex 35.0303 -0.34072 6.65081
      vertex 34.6941 -1.42739 6.02342
      vertex 35.0303 -1.25928 6.12047
    endloop
  endfacet
  facet normal -2.46042e-06 -0.500006 0.866022
    outer loop
      vertex 35.0303 -0.34072 6.65081
      vertex 35.0303 -1.25928 6.12047
      vertex 35.2244 -0.631891 6.4827
    endloop
  endfacet
  facet normal 0.991416 -0.113231 -0.0653739
    outer loop
      vertex 35.25 -0.799999 6.38564
      vertex 35.2244 -0.968107 6.28858
      vertex 35.25 0 5
    endloop
  endfacet
  facet normal -0.000880865 0.49975 -0.866169
    outer loop
      vertex 35.0348 0.444676 5.25673
      vertex 35.029 0.450732 5.26023
      vertex 35.0303 0.459279 5.26516
    endloop
  endfacet
  facet normal 0 0.499649 -0.866228
    outer loop
      vertex 35.029 0.450732 5.26023
      vertex 35.0208 0.459279 5.26516
      vertex 35.0303 0.459279 5.26516
    endloop
  endfacet
  facet normal 0 0.499649 -0.866228
    outer loop
      vertex 33.971 0.450732 5.26023
      vertex 33.9697 0.459279 5.26516
      vertex 33.9792 0.459279 5.26516
    endloop
  endfacet
  facet normal -1.62027e-05 0.500021 -0.866013
    outer loop
      vertex 33.75 0 5
      vertex 33.7756 0.145381 5.08394
      vertex 33.7564 2.07386e-07 5
    endloop
  endfacet
  facet normal 0.00033005 0.499975 -0.86604
    outer loop
      vertex 33.7756 0.145381 5.08394
      vertex 33.75 0 5
      vertex 33.7756 0.168107 5.09706
    endloop
  endfacet
  facet normal -0.608827 -0.687028 -0.396639
    outer loop
      vertex 34.1084 -0.636808 4.82937
      vertex 34.125 -1.3625 6.06088
      vertex 33.9697 -1.25928 6.12047
    endloop
  endfacet
  facet normal -0.608021 -0.687556 -0.39696
    outer loop
      vertex 34.125 -1.3625 6.06088
      vertex 34.1084 -0.636808 4.82937
      vertex 34.125 -0.649519 4.82596
    endloop
  endfacet
  facet normal 0.000815367 0.499445 -0.866345
    outer loop
      vertex 33.8812 0.357272 5.20627
      vertex 33.9697 0.459279 5.26516
      vertex 33.9481 0.426929 5.24649
    endloop
  endfacet
  facet normal -6.53392e-05 0.500019 -0.866015
    outer loop
      vertex 33.8812 0.357272 5.20627
      vertex 33.8505 0.324759 5.1875
      vertex 33.9697 0.459279 5.26516
    endloop
  endfacet
  facet normal -0.000120785 0.500058 -0.865992
    outer loop
      vertex 33.7973 0.212769 5.12284
      vertex 33.8505 0.324759 5.1875
      vertex 33.8812 0.357272 5.20627
    endloop
  endfacet
  facet normal -0.0109474 0.50388 -0.863704
    outer loop
      vertex 33.8505 0.324759 5.1875
      vertex 33.7973 0.212769 5.12284
      vertex 33.7949 0.208603 5.12044
    endloop
  endfacet
  facet normal 0.000691215 0.499535 -0.866294
    outer loop
      vertex 33.7804 0.175384 5.10126
      vertex 33.7756 0.168107 5.09706
      vertex 33.7825 0.182526 5.10538
    endloop
  endfacet
  facet normal -0.000110243 -0.49995 0.866054
    outer loop
      vertex 33.8505 -0.47524 6.57314
      vertex 33.7756 -0.631891 6.4827
      vertex 33.9697 -0.34072 6.65081
    endloop
  endfacet
  facet normal -0.382651 0.800115 0.461946
    outer loop
      vertex 34.125 0.5625 5.32476
      vertex 34.125 -0.237499 6.7104
      vertex 34.3059 -0.172612 6.74786
    endloop
  endfacet
  facet normal -0.000202541 0.500375 -0.865809
    outer loop
      vertex 34.1669 0.577013 5.33314
      vertex 34.3059 0.627387 5.36222
      vertex 34.2651 0.60697 5.35043
    endloop
  endfacet
  facet normal 0.000892343 0.498107 -0.867115
    outer loop
      vertex 34.1669 0.577013 5.33314
      vertex 34.125 0.5625 5.32476
      vertex 34.3059 0.627387 5.36222
    endloop
  endfacet
  facet normal 4.78928e-05 0.499937 -0.866062
    outer loop
      vertex 34.125 0.5625 5.32476
      vertex 34.1669 0.577013 5.33314
      vertex 34.0586 0.518349 5.29927
    endloop
  endfacet
  facet normal 0.00131132 0.498506 -0.866885
    outer loop
      vertex 33.988 0.46843 5.27045
      vertex 33.9697 0.459279 5.26516
      vertex 33.996 0.476756 5.27525
    endloop
  endfacet
  facet normal 0.382662 -0.800111 -0.461944
    outer loop
      vertex 34.6941 -1.42739 6.02342
      vertex 34.875 -0.649519 4.82596
      vertex 34.875 -1.3625 6.06088
    endloop
  endfacet
  facet normal 0.382661 -0.800111 -0.461944
    outer loop
      vertex 34.875 -0.649519 4.82596
      vertex 34.6941 -1.42739 6.02342
      vertex 34.6941 -0.724443 4.80588
    endloop
  endfacet
  facet normal -0.130725 -0.858594 -0.495709
    outer loop
      vertex 34.3295 -0.727557 4.80505
      vertex 34.3059 -1.42739 6.02342
      vertex 34.3059 -0.724443 4.80588
    endloop
  endfacet
  facet normal -0.130533 -0.858617 -0.495719
    outer loop
      vertex 34.3059 -1.42739 6.02342
      vertex 34.3295 -0.727557 4.80505
      vertex 34.5 -1.44952 6.01064
    endloop
  endfacet
  facet normal 0.130494 -0.858619 -0.495726
    outer loop
      vertex 34.6705 -0.727557 4.80505
      vertex 34.5 -1.44952 6.01064
      vertex 34.5 -0.75 4.79904
    endloop
  endfacet
  facet normal 0.608827 -0.687028 -0.396639
    outer loop
      vertex 34.875 -1.3625 6.06088
      vertex 34.8916 -0.636808 4.82937
      vertex 35.0303 -1.25928 6.12047
    endloop
  endfacet
  facet normal 0.608021 -0.687556 -0.39696
    outer loop
      vertex 34.8916 -0.636808 4.82937
      vertex 34.875 -1.3625 6.06088
      vertex 34.875 -0.649519 4.82596
    endloop
  endfacet
  facet normal 0.793331 0.527228 0.304395
    outer loop
      vertex 35.1495 0.324759 5.1875
      vertex 35.0303 -0.34072 6.65081
      vertex 35.1495 -0.47524 6.57314
    endloop
  endfacet
  facet normal 0.000110243 -0.49995 0.866054
    outer loop
      vertex 35.1495 -0.47524 6.57314
      vertex 35.0303 -0.34072 6.65081
      vertex 35.2244 -0.631891 6.4827
    endloop
  endfacet
  facet normal 4.26487e-06 -0.499966 0.866045
    outer loop
      vertex 34.875 -0.237499 6.7104
      vertex 34.6941 -0.172612 6.74786
      vertex 35.0303 -0.34072 6.65081
    endloop
  endfacet
  facet normal 0.608829 0.687019 0.39665
    outer loop
      vertex 34.875 0.5625 5.32476
      vertex 34.875 -0.237499 6.7104
      vertex 35.0303 -0.34072 6.65081
    endloop
  endfacet
  facet normal 0.922909 -0.333608 -0.19221
    outer loop
      vertex 35.2244 -0.968107 6.28858
      vertex 35.1495 -0.375 4.89952
      vertex 35.1541 -0.363974 4.90247
    endloop
  endfacet
  facet normal 0.923925 -0.331318 -0.191287
    outer loop
      vertex 35.1495 -0.375 4.89952
      vertex 35.2244 -0.968107 6.28858
      vertex 35.1495 -1.12476 6.19814
    endloop
  endfacet
  facet normal 0.792719 -0.527917 -0.304794
    outer loop
      vertex 35.1495 -1.12476 6.19814
      vertex 35.1418 -0.385015 4.89684
      vertex 35.1495 -0.375 4.89952
    endloop
  endfacet
  facet normal 0.793331 -0.527223 -0.304403
    outer loop
      vertex 35.1418 -0.385015 4.89684
      vertex 35.1495 -1.12476 6.19814
      vertex 35.0303 -1.25928 6.12047
    endloop
  endfacet
  facet normal 0.793369 0.527186 0.304369
    outer loop
      vertex 35.0303 -0.34072 6.65081
      vertex 35.0765 0.377137 5.28701
      vertex 35.0303 0.459279 5.26516
    endloop
  endfacet
  facet normal 0.793528 0.526986 0.304301
    outer loop
      vertex 35.1053 0.333854 5.28701
      vertex 35.0303 -0.34072 6.65081
      vertex 35.1495 0.324759 5.1875
    endloop
  endfacet
  facet normal 0.794479 0.525847 0.30379
    outer loop
      vertex 35.095 0.3435 5.29725
      vertex 35.0303 -0.34072 6.65081
      vertex 35.1053 0.333854 5.28701
    endloop
  endfacet
  facet normal 0.79219 0.528562 0.305053
    outer loop
      vertex 35.0765 0.377137 5.28701
      vertex 35.0303 -0.34072 6.65081
      vertex 35.095 0.3435 5.29725
    endloop
  endfacet
  facet normal 0.793041 0.527215 0.305171
    outer loop
      vertex 35.1118 0.353206 5.23662
      vertex 35.0303 0.459279 5.26516
      vertex 35.0765 0.377137 5.28701
    endloop
  endfacet
  facet normal 0.793321 0.527985 0.303107
    outer loop
      vertex 35.1118 0.353206 5.23662
      vertex 35.1495 0.324759 5.1875
      vertex 35.0303 0.459279 5.26516
    endloop
  endfacet
  facet normal 0.794212 0.525374 0.305303
    outer loop
      vertex 35.1066 0.337892 5.2765
      vertex 35.1495 0.324759 5.1875
      vertex 35.1118 0.353206 5.23662
    endloop
  endfacet
  facet normal 0.790459 0.53265 0.30242
    outer loop
      vertex 35.1495 0.324759 5.1875
      vertex 35.1066 0.337892 5.2765
      vertex 35.1053 0.333854 5.28701
    endloop
  endfacet
  facet normal -0.000691215 0.499535 -0.866294
    outer loop
      vertex 35.2196 0.175384 5.10126
      vertex 35.2175 0.182526 5.10538
      vertex 35.2244 0.168107 5.09706
    endloop
  endfacet
  facet normal 0.0109474 0.50388 -0.863704
    outer loop
      vertex 35.2027 0.212769 5.12284
      vertex 35.1495 0.324759 5.1875
      vertex 35.2051 0.208603 5.12044
    endloop
  endfacet
  facet normal 0.000120785 0.500058 -0.865992
    outer loop
      vertex 35.1188 0.357272 5.20627
      vertex 35.1495 0.324759 5.1875
      vertex 35.2027 0.212769 5.12284
    endloop
  endfacet
  facet normal 6.53392e-05 0.500019 -0.866015
    outer loop
      vertex 35.1188 0.357272 5.20627
      vertex 35.0303 0.459279 5.26516
      vertex 35.1495 0.324759 5.1875
    endloop
  endfacet
  facet normal -0.000815367 0.499445 -0.866345
    outer loop
      vertex 35.0303 0.459279 5.26516
      vertex 35.1188 0.357272 5.20627
      vertex 35.0519 0.426929 5.24649
    endloop
  endfacet
  facet normal -0.000106237 -0.500023 0.866012
    outer loop
      vertex 33.8505 -1.12476 6.19814
      vertex 33.75 -0.799999 6.38564
      vertex 33.7756 -0.968107 6.28858
    endloop
  endfacet
  facet normal -0.922909 -0.333608 -0.19221
    outer loop
      vertex 33.8505 -0.375 4.89952
      vertex 33.7756 -0.968107 6.28858
      vertex 33.8459 -0.363974 4.90247
    endloop
  endfacet
  facet normal -0.923925 -0.331318 -0.191287
    outer loop
      vertex 33.7756 -0.968107 6.28858
      vertex 33.8505 -0.375 4.89952
      vertex 33.8505 -1.12476 6.19814
    endloop
  endfacet
  facet normal -0.793367 -0.527187 -0.304373
    outer loop
      vertex 33.9697 -1.25928 6.12047
      vertex 33.8582 -0.385015 4.89684
      vertex 33.9697 -0.53033 4.8579
    endloop
  endfacet
  facet normal -0.00277862 0.501249 -0.865298
    outer loop
      vertex 33.7787 0.169557 5.09789
      vertex 33.7756 0.168107 5.09706
      vertex 33.7804 0.175384 5.10126
    endloop
  endfacet
  facet normal -0.00198431 0.499974 -0.866038
    outer loop
      vertex 33.7756 0.168107 5.09706
      vertex 33.7787 0.169557 5.09789
      vertex 33.7756 0.145381 5.08394
    endloop
  endfacet
  facet normal -0.0003696 0.500039 -0.866003
    outer loop
      vertex 33.9652 0.444676 5.25673
      vertex 33.9481 0.426929 5.24649
      vertex 33.9697 0.459279 5.26516
    endloop
  endfacet
  facet normal -0.923924 0.331321 0.191288
    outer loop
      vertex 33.8505 0.324759 5.1875
      vertex 33.7756 -0.631891 6.4827
      vertex 33.8505 -0.47524 6.57314
    endloop
  endfacet
  facet normal 2.46042e-06 -0.500006 0.866022
    outer loop
      vertex 33.9697 -0.34072 6.65081
      vertex 33.7756 -0.631891 6.4827
      vertex 33.9697 -1.25928 6.12047
    endloop
  endfacet
  facet normal -0.793331 0.527228 0.304395
    outer loop
      vertex 33.8505 0.324759 5.1875
      vertex 33.8505 -0.47524 6.57314
      vertex 33.9697 -0.34072 6.65081
    endloop
  endfacet
  facet normal -0.793041 0.527215 0.305171
    outer loop
      vertex 33.9697 0.459279 5.26516
      vertex 33.8882 0.353206 5.23662
      vertex 33.9235 0.377137 5.28701
    endloop
  endfacet
  facet normal -0.790459 0.53265 0.30242
    outer loop
      vertex 33.8934 0.337892 5.2765
      vertex 33.8505 0.324759 5.1875
      vertex 33.8947 0.333854 5.28701
    endloop
  endfacet
  facet normal -0.794212 0.525374 0.305303
    outer loop
      vertex 33.8882 0.353206 5.23662
      vertex 33.8505 0.324759 5.1875
      vertex 33.8934 0.337892 5.2765
    endloop
  endfacet
  facet normal -0.793321 0.527985 0.303107
    outer loop
      vertex 33.8505 0.324759 5.1875
      vertex 33.8882 0.353206 5.23662
      vertex 33.9697 0.459279 5.26516
    endloop
  endfacet
  facet normal -0.79219 0.528562 0.305053
    outer loop
      vertex 33.9697 -0.34072 6.65081
      vertex 33.9235 0.377137 5.28701
      vertex 33.905 0.3435 5.29725
    endloop
  endfacet
  facet normal -0.793369 0.527186 0.304369
    outer loop
      vertex 33.9235 0.377137 5.28701
      vertex 33.9697 -0.34072 6.65081
      vertex 33.9697 0.459279 5.26516
    endloop
  endfacet
  facet normal -0.794479 0.525847 0.30379
    outer loop
      vertex 33.8947 0.333854 5.28701
      vertex 33.9697 -0.34072 6.65081
      vertex 33.905 0.3435 5.29725
    endloop
  endfacet
  facet normal -0.793528 0.526986 0.304301
    outer loop
      vertex 33.9697 -0.34072 6.65081
      vertex 33.8947 0.333854 5.28701
      vertex 33.8505 0.324759 5.1875
    endloop
  endfacet
  facet normal -0.130494 -0.858619 -0.495726
    outer loop
      vertex 34.5 -1.44952 6.01064
      vertex 34.3295 -0.727557 4.80505
      vertex 34.5 -0.75 4.79904
    endloop
  endfacet
  facet normal 0.130533 -0.858617 -0.495719
    outer loop
      vertex 34.6705 -0.727557 4.80505
      vertex 34.6941 -1.42739 6.02342
      vertex 34.5 -1.44952 6.01064
    endloop
  endfacet
  facet normal 0.130725 -0.858594 -0.495709
    outer loop
      vertex 34.6941 -1.42739 6.02342
      vertex 34.6705 -0.727557 4.80505
      vertex 34.6941 -0.724443 4.80588
    endloop
  endfacet
  facet normal 0 -0.500095 0.865971
    outer loop
      vertex 34.6941 -1.42739 6.02342
      vertex 34.3059 -1.42739 6.02342
      vertex 34.5 -1.44952 6.01064
    endloop
  endfacet
  facet normal 0.793367 -0.527187 -0.304373
    outer loop
      vertex 35.1418 -0.385015 4.89684
      vertex 35.0303 -1.25928 6.12047
      vertex 35.0303 -0.53033 4.8579
    endloop
  endfacet
  facet normal -0.382651 0.800115 0.461946
    outer loop
      vertex 34.3059 0.627387 5.36222
      vertex 34.125 0.5625 5.32476
      vertex 34.3059 -0.172612 6.74786
    endloop
  endfacet
  facet normal -0.130542 0.858615 0.495721
    outer loop
      vertex 34.3059 0.627387 5.36222
      vertex 34.3059 -0.172612 6.74786
      vertex 34.5 0.649519 5.375
    endloop
  endfacet
  facet normal -0.923994 -0.331174 -0.191204
    outer loop
      vertex 33.8459 -0.363974 4.90247
      vertex 33.7756 -0.968107 6.28858
      vertex 33.7756 -0.194114 4.94799
    endloop
  endfacet
  facet normal -0.991415 -0.113233 -0.0653752
    outer loop
      vertex 33.7756 -0.968107 6.28858
      vertex 33.75 0 5
      vertex 33.7756 -0.194114 4.94799
    endloop
  endfacet
  facet normal -0.792719 -0.527917 -0.304794
    outer loop
      vertex 33.8582 -0.385015 4.89684
      vertex 33.8505 -1.12476 6.19814
      vertex 33.8505 -0.375 4.89952
    endloop
  endfacet
  facet normal -0.793331 -0.527223 -0.304403
    outer loop
      vertex 33.8505 -1.12476 6.19814
      vertex 33.8582 -0.385015 4.89684
      vertex 33.9697 -1.25928 6.12047
    endloop
  endfacet
  facet normal 5.79895e-05 -0.499985 0.866034
    outer loop
      vertex 33.9697 -1.25928 6.12047
      vertex 33.75 -0.799999 6.38564
      vertex 33.8505 -1.12476 6.19814
    endloop
  endfacet
  facet normal -0.991416 0.113406 0.065072
    outer loop
      vertex 33.75 0 5
      vertex 33.7566 0.0015294 5.09789
      vertex 33.7756 0.168107 5.09706
    endloop
  endfacet
  facet normal -0.991549 0.112213 0.0650997
    outer loop
      vertex 33.75 0 5
      vertex 33.7564 0 5.09748
      vertex 33.7566 0.0015294 5.09789
    endloop
  endfacet
  facet normal -0.969246 0.237722 0.0636354
    outer loop
      vertex 33.75 0 5
      vertex 33.7564 -0.000109752 5.09789
      vertex 33.7564 0 5.09748
    endloop
  endfacet
  facet normal -0.991556 0.112238 0.0649533
    outer loop
      vertex 33.7564 -0.000109752 5.09789
      vertex 33.75 0 5
      vertex 33.7756 -0.631891 6.4827
    endloop
  endfacet
  facet normal -0.996562 0.0693142 0.0453779
    outer loop
      vertex 33.7756 -0.631891 6.4827
      vertex 33.7566 0.0015294 5.09789
      vertex 33.7565 0 5.09803
    endloop
  endfacet
  facet normal -0.991389 0.113405 0.0654743
    outer loop
      vertex 33.7566 0.0015294 5.09789
      vertex 33.7756 -0.631891 6.4827
      vertex 33.7756 0.168107 5.09706
    endloop
  endfacet
  facet normal -0.847365 0.478575 0.230085
    outer loop
      vertex 33.7756 -0.631891 6.4827
      vertex 33.7565 0 5.09803
      vertex 33.7564 -0.000109752 5.09789
    endloop
  endfacet
  facet normal -0.991416 0.113231 0.0653739
    outer loop
      vertex 33.75 0 5
      vertex 33.75 -0.799999 6.38564
      vertex 33.7756 -0.631891 6.4827
    endloop
  endfacet
  facet normal 0 0.500019 -0.866014
    outer loop
      vertex 34.5954 0.63454 5.36635
      vertex 34.6941 0.627387 5.36222
      vertex 34.6679 0.627387 5.36222
    endloop
  endfacet
  facet normal 2.37493e-05 0.500195 -0.865913
    outer loop
      vertex 34.5 0.649519 5.375
      vertex 34.5954 0.63454 5.36635
      vertex 34.5 0.643962 5.37179
    endloop
  endfacet
  facet normal 1.10741e-05 0.500134 -0.865948
    outer loop
      vertex 34.5954 0.63454 5.36635
      vertex 34.5 0.649519 5.375
      vertex 34.6941 0.627387 5.36222
    endloop
  endfacet
  facet normal -2.37493e-05 0.500195 -0.865913
    outer loop
      vertex 34.4046 0.63454 5.36635
      vertex 34.5 0.649519 5.375
      vertex 34.5 0.643962 5.37179
    endloop
  endfacet
  facet normal 0 0.500019 -0.866014
    outer loop
      vertex 34.3059 0.627387 5.36222
      vertex 34.4046 0.63454 5.36635
      vertex 34.3321 0.627387 5.36222
    endloop
  endfacet
  facet normal -1.10741e-05 0.500134 -0.865948
    outer loop
      vertex 34.4046 0.63454 5.36635
      vertex 34.3059 0.627387 5.36222
      vertex 34.5 0.649519 5.375
    endloop
  endfacet
endsolid OpenSCAD_Model
