solid OpenSCAD_Model
  facet normal 0.707107 0.707107 0
    outer loop
      vertex 111 85.4 66.3057
      vertex 107.4 89 66.3842
      vertex 107.4 89 68.3842
    endloop
  endfacet
  facet normal 0.707107 0.707107 0
    outer loop
      vertex 107.4 89 66.3842
      vertex 111 85.4 66.3057
      vertex 111 85.4 64.3057
    endloop
  endfacet
  facet normal -0.707107 -0.707107 -0
    outer loop
      vertex 9.74999 6.15 20.5507
      vertex 6.15 9.74999 20.6292
      vertex 9.74999 6.15 18.5507
    endloop
  endfacet
  facet normal -0.707107 -0.707107 0
    outer loop
      vertex 6.15 9.74999 20.6292
      vertex 9.74999 6.15 20.5507
      vertex 6.15 9.74999 22.6292
    endloop
  endfacet
  facet normal 1 0 0
    outer loop
      vertex 111 9.74999 20.6292
      vertex 111 19.1109 28.0337
      vertex 111 9.74999 22.6292
    endloop
  endfacet
  facet normal 1 -0 0
    outer loop
      vertex 111 19.1109 28.0337
      vertex 111 9.74999 20.6292
      vertex 111 22.575 28.0337
    endloop
  endfacet
  facet normal 1 0 0
    outer loop
      vertex 111 27.575 32.9204
      vertex 111 85.4 64.3057
      vertex 111 85.4 66.3057
    endloop
  endfacet
  facet normal 1 0 0
    outer loop
      vertex 111 85.4 64.3057
      vertex 111 27.575 32.9204
      vertex 111 27.575 30.9204
    endloop
  endfacet
  facet normal 0 -1 0
    outer loop
      vertex 88.575 6.15 18.5507
      vertex 107.4 6.15 20.5507
      vertex 88.575 6.15 20.5507
    endloop
  endfacet
  facet normal 0 -1 -0
    outer loop
      vertex 107.4 6.15 20.5507
      vertex 88.575 6.15 18.5507
      vertex 107.4 6.15 18.5507
    endloop
  endfacet
  facet normal 0 -1 0
    outer loop
      vertex 9.74999 6.15 18.5507
      vertex 28.575 6.15 20.5507
      vertex 9.74999 6.15 20.5507
    endloop
  endfacet
  facet normal 0 -1 -0
    outer loop
      vertex 28.575 6.15 20.5507
      vertex 9.74999 6.15 18.5507
      vertex 28.575 6.15 18.5507
    endloop
  endfacet
  facet normal 0 -1 0
    outer loop
      vertex 38.575 6.15 18.5507
      vertex 78.575 6.15 20.5507
      vertex 38.575 6.15 20.5507
    endloop
  endfacet
  facet normal 0 -1 -0
    outer loop
      vertex 78.575 6.15 20.5507
      vertex 38.575 6.15 18.5507
      vertex 78.575 6.15 18.5507
    endloop
  endfacet
  facet normal -0.707108 0.707106 0
    outer loop
      vertex 6.15 85.4 66.3057
      vertex 9.74999 89 66.3842
      vertex 6.15 85.4 64.3057
    endloop
  endfacet
  facet normal -0.707108 0.707106 0
    outer loop
      vertex 9.74999 89 66.3842
      vertex 6.15 85.4 66.3057
      vertex 9.74999 89 68.3842
    endloop
  endfacet
  facet normal 0 0.499999 -0.866026
    outer loop
      vertex 111 9.74999 20.6292
      vertex 110.5 22.575 28.0337
      vertex 111 22.575 28.0337
    endloop
  endfacet
  facet normal -2.45552e-06 0.499999 -0.866026
    outer loop
      vertex 111 9.74999 20.6292
      vertex 101.384 18.3813 25.6125
      vertex 110.5 22.575 28.0337
    endloop
  endfacet
  facet normal 4.58346e-06 0.500005 -0.866023
    outer loop
      vertex 101.384 18.3813 25.6125
      vertex 111 9.74999 20.6292
      vertex 107.4 6.15 18.5507
    endloop
  endfacet
  facet normal 0 0.5 -0.866025
    outer loop
      vertex 101.181 46.6007 41.9049
      vertex 111 27.575 30.9204
      vertex 110.5 27.575 30.9204
    endloop
  endfacet
  facet normal 3.02925e-05 0.499948 -0.866056
    outer loop
      vertex 101.62 19.1456 26.0537
      vertex 110.5 22.575 28.0337
      vertex 101.58 18.9722 25.9536
    endloop
  endfacet
  facet normal 0.000581142 0.500198 -0.865911
    outer loop
      vertex 111 27.575 30.9204
      vertex 101.65 48.1163 42.7799
      vertex 101.62 48.5119 43.0084
    endloop
  endfacet
  facet normal 1.88182e-05 0.499951 -0.866054
    outer loop
      vertex 101.531 20.3258 26.7351
      vertex 110.5 22.575 28.0337
      vertex 101.62 19.9369 26.5106
    endloop
  endfacet
  facet normal -8.87224e-07 0.5 -0.866025
    outer loop
      vertex 101.62 19.9369 26.5106
      vertex 110.5 22.575 28.0337
      vertex 101.65 19.5413 26.2822
    endloop
  endfacet
  facet normal 1.72042e-05 0.499961 -0.866048
    outer loop
      vertex 101.65 19.5413 26.2822
      vertex 110.5 22.575 28.0337
      vertex 101.633 19.322 26.1556
    endloop
  endfacet
  facet normal -0.000104613 0.50021 -0.865904
    outer loop
      vertex 101.633 19.322 26.1556
      vertex 110.5 22.575 28.0337
      vertex 101.62 19.1456 26.0537
    endloop
  endfacet
  facet normal -6.68907e-05 0.500128 -0.865951
    outer loop
      vertex 110.5 22.575 28.0337
      vertex 101.531 18.7568 25.8292
      vertex 101.58 18.9722 25.9536
    endloop
  endfacet
  facet normal 0.000119065 0.499801 -0.86614
    outer loop
      vertex 110.5 22.575 28.0337
      vertex 101.384 18.3813 25.6125
      vertex 101.531 18.7568 25.8292
    endloop
  endfacet
  facet normal -1.68981e-05 0.499997 -0.866027
    outer loop
      vertex 107.4 6.15 18.5507
      vertex 101.181 18.0257 25.4072
      vertex 101.384 18.3813 25.6125
    endloop
  endfacet
  facet normal 0.000210396 0.500086 -0.865976
    outer loop
      vertex 107.4 6.15 18.5507
      vertex 100.927 17.6961 25.2168
      vertex 101.181 18.0257 25.4072
    endloop
  endfacet
  facet normal -0.000258003 0.499889 -0.866089
    outer loop
      vertex 107.4 6.15 18.5507
      vertex 100.759 17.5309 25.1215
      vertex 100.927 17.6961 25.2168
    endloop
  endfacet
  facet normal 0.000285506 0.500127 -0.865952
    outer loop
      vertex 107.4 6.15 18.5507
      vertex 100.625 17.398 25.0447
      vertex 100.759 17.5309 25.1215
    endloop
  endfacet
  facet normal -7.21087e-05 0.499965 -0.866045
    outer loop
      vertex 107.4 6.15 18.5507
      vertex 100.471 17.2814 24.9774
      vertex 100.625 17.398 25.0447
    endloop
  endfacet
  facet normal -0.000178767 0.499916 -0.866074
    outer loop
      vertex 107.4 6.15 18.5507
      vertex 100.281 17.1365 24.8938
      vertex 100.471 17.2814 24.9774
    endloop
  endfacet
  facet normal 0.00018752 0.500094 -0.865971
    outer loop
      vertex 107.4 6.15 18.5507
      vertex 100.07 17.0145 24.8233
      vertex 100.281 17.1365 24.8938
    endloop
  endfacet
  facet normal 1.61377e-05 0.500007 -0.866021
    outer loop
      vertex 107.4 6.15 18.5507
      vertex 99.9 16.9163 24.7666
      vertex 100.07 17.0145 24.8233
    endloop
  endfacet
  facet normal -0.000177174 0.499906 -0.86608
    outer loop
      vertex 107.4 6.15 18.5507
      vertex 99.7169 16.8381 24.7215
      vertex 99.9 16.9163 24.7666
    endloop
  endfacet
  facet normal -5.43194e-05 0.499972 -0.866042
    outer loop
      vertex 107.4 6.15 18.5507
      vertex 99.4894 16.7409 24.6654
      vertex 99.7169 16.8381 24.7215
    endloop
  endfacet
  facet normal 0.000114696 0.500067 -0.865987
    outer loop
      vertex 107.4 6.15 18.5507
      vertex 99.2492 16.6703 24.6246
      vertex 99.4894 16.7409 24.6654
    endloop
  endfacet
  facet normal 2.36993e-05 0.500014 -0.866017
    outer loop
      vertex 107.4 6.15 18.5507
      vertex 99.0559 16.6135 24.5918
      vertex 99.2492 16.6703 24.6246
    endloop
  endfacet
  facet normal -7.06241e-05 0.499957 -0.86605
    outer loop
      vertex 107.4 6.15 18.5507
      vertex 98.8557 16.579 24.5719
      vertex 99.0559 16.6135 24.5918
    endloop
  endfacet
  facet normal 9.63885e-05 0.50006 -0.865991
    outer loop
      vertex 107.4 6.15 18.5507
      vertex 98.6068 16.5361 24.5471
      vertex 98.8557 16.579 24.5719
    endloop
  endfacet
  facet normal -9.64751e-05 0.499938 -0.866061
    outer loop
      vertex 107.4 6.15 18.5507
      vertex 98.15 16.5102 24.5322
      vertex 98.6068 16.5361 24.5471
    endloop
  endfacet
  facet normal -1.09041e-06 0.500002 -0.866025
    outer loop
      vertex 88.575 6.65 18.8394
      vertex 98.15 16.5102 24.5322
      vertex 107.4 6.15 18.5507
    endloop
  endfacet
  facet normal 9.59607e-05 0.499931 -0.866065
    outer loop
      vertex 98.15 16.5102 24.5322
      vertex 88.575 6.65 18.8394
      vertex 97.6932 16.5361 24.5471
    endloop
  endfacet
  facet normal -9.56383e-05 0.500063 -0.865989
    outer loop
      vertex 97.6932 16.5361 24.5471
      vertex 88.575 6.65 18.8394
      vertex 97.4443 16.579 24.5719
    endloop
  endfacet
  facet normal 6.95288e-05 0.499953 -0.866053
    outer loop
      vertex 97.4443 16.579 24.5719
      vertex 88.575 6.65 18.8394
      vertex 97.2441 16.6135 24.5918
    endloop
  endfacet
  facet normal -2.38067e-05 0.500014 -0.866018
    outer loop
      vertex 97.2441 16.6135 24.5918
      vertex 88.575 6.65 18.8394
      vertex 97.0508 16.6703 24.6246
    endloop
  endfacet
  facet normal -0.00011328 0.50007 -0.865985
    outer loop
      vertex 97.0508 16.6703 24.6246
      vertex 88.575 6.65 18.8394
      vertex 96.8106 16.7409 24.6654
    endloop
  endfacet
  facet normal 5.2505e-05 0.499969 -0.866043
    outer loop
      vertex 96.8106 16.7409 24.6654
      vertex 88.575 6.65 18.8394
      vertex 96.5831 16.8381 24.7215
    endloop
  endfacet
  facet normal 0.000172722 0.499898 -0.866084
    outer loop
      vertex 96.5831 16.8381 24.7215
      vertex 88.575 6.65 18.8394
      vertex 96.4 16.9163 24.7666
    endloop
  endfacet
  facet normal -1.6616e-05 0.500006 -0.866022
    outer loop
      vertex 96.4 16.9163 24.7666
      vertex 88.575 6.65 18.8394
      vertex 96.2303 17.0145 24.8233
    endloop
  endfacet
  facet normal -0.000183538 0.500099 -0.865968
    outer loop
      vertex 96.2303 17.0145 24.8233
      vertex 88.575 6.65 18.8394
      vertex 96.0193 17.1365 24.8938
    endloop
  endfacet
  facet normal 0.000171941 0.499909 -0.866078
    outer loop
      vertex 96.0193 17.1365 24.8938
      vertex 88.575 6.65 18.8394
      vertex 95.8286 17.2814 24.9774
    endloop
  endfacet
  facet normal -0.000276067 0.500133 -0.865949
    outer loop
      vertex 88.575 6.65 18.8394
      vertex 95.5405 17.5309 25.1215
      vertex 95.6751 17.398 25.0447
    endloop
  endfacet
  facet normal -6.95769e-05 0.500105 -0.865965
    outer loop
      vertex 83.15 13.4791 22.7822
      vertex 94.7198 18.9722 25.9536
      vertex 94.7693 18.7568 25.8292
    endloop
  endfacet
  facet normal -7.74783e-06 0.500006 -0.866022
    outer loop
      vertex 94.9164 46.9563 42.1102
      vertex 85.15 46.325 41.7458
      vertex 94.7693 47.3318 42.327
    endloop
  endfacet
  facet normal -0.00013291 0.500196 -0.865912
    outer loop
      vertex 94.6799 19.1456 26.0537
      vertex 83.15 13.4791 22.7822
      vertex 94.6666 19.322 26.1556
    endloop
  endfacet
  facet normal 2.39145e-05 0.499957 -0.86605
    outer loop
      vertex 94.7198 18.9722 25.9536
      vertex 83.15 13.4791 22.7822
      vertex 94.6799 19.1456 26.0537
    endloop
  endfacet
  facet normal 7.93592e-05 0.499859 -0.866107
    outer loop
      vertex 94.9164 18.3813 25.6125
      vertex 83.15 13.4791 22.7822
      vertex 94.7693 18.7568 25.8292
    endloop
  endfacet
  facet normal 5.52391e-06 0.499992 -0.86603
    outer loop
      vertex 95.1189 18.0257 25.4072
      vertex 83.15 13.4791 22.7822
      vertex 94.9164 18.3813 25.6125
    endloop
  endfacet
  facet normal -8.02246e-05 0.500161 -0.865932
    outer loop
      vertex 95.3733 17.6961 25.2168
      vertex 83.15 13.4791 22.7822
      vertex 95.1189 18.0257 25.4072
    endloop
  endfacet
  facet normal -5.38045e-06 0.499998 -0.866026
    outer loop
      vertex 83.15 13.4791 22.7822
      vertex 95.3733 17.6961 25.2168
      vertex 88.575 6.65 18.8394
    endloop
  endfacet
  facet normal 0.000248792 0.499881 -0.866094
    outer loop
      vertex 95.5405 17.5309 25.1215
      vertex 88.575 6.65 18.8394
      vertex 95.3733 17.6961 25.2168
    endloop
  endfacet
  facet normal 6.90618e-05 0.499962 -0.866047
    outer loop
      vertex 95.8286 17.2814 24.9774
      vertex 88.575 6.65 18.8394
      vertex 95.6751 17.398 25.0447
    endloop
  endfacet
  facet normal 0 0.500032 -0.866007
    outer loop
      vertex 88.575 6.65 18.8394
      vertex 107.4 6.15 18.5507
      vertex 88.575 6.15 18.5507
    endloop
  endfacet
  facet normal 2.32417e-05 0.500002 -0.866024
    outer loop
      vertex 10 48.825 43.1891
      vertex 6.15 85.4 64.3057
      vertex 10 65.375 52.7443
    endloop
  endfacet
  facet normal -0.000127544 0.49998 -0.866037
    outer loop
      vertex 10 65.375 52.7443
      vertex 6.15 85.4 64.3057
      vertex 10 67.875 54.1876
    endloop
  endfacet
  facet normal 6.21806e-06 0.500002 -0.866024
    outer loop
      vertex 10 67.875 54.1876
      vertex 6.15 85.4 64.3057
      vertex 9.74999 89 66.3842
    endloop
  endfacet
  facet normal -7.33327e-06 0.500002 -0.866024
    outer loop
      vertex 27.275 29.775 32.1906
      vertex 26 32.5291 33.7807
      vertex 27.275 46.325 41.7458
    endloop
  endfacet
  facet normal 0 0.500005 -0.866023
    outer loop
      vertex 27.275 29.775 32.1906
      vertex 12 32.5291 33.7807
      vertex 26 32.5291 33.7807
    endloop
  endfacet
  facet normal 0 0.500009 -0.86602
    outer loop
      vertex 6.15 27.575 30.9204
      vertex 10 29.775 32.1906
      vertex 6.65 27.575 30.9204
    endloop
  endfacet
  facet normal 0 0.500005 -0.866023
    outer loop
      vertex 10 29.775 32.1906
      vertex 12 32.5291 33.7807
      vertex 27.275 29.775 32.1906
    endloop
  endfacet
  facet normal -2.13278e-06 0.500002 -0.866024
    outer loop
      vertex 26 44.6534 40.7807
      vertex 27.275 46.325 41.7458
      vertex 26 32.5291 33.7807
    endloop
  endfacet
  facet normal 0 0.500001 -0.866025
    outer loop
      vertex 12 44.6534 40.7807
      vertex 27.275 46.325 41.7458
      vertex 26 44.6534 40.7807
    endloop
  endfacet
  facet normal 0 0.500001 -0.866025
    outer loop
      vertex 12 44.6534 40.7807
      vertex 10 46.325 41.7458
      vertex 27.275 46.325 41.7458
    endloop
  endfacet
  facet normal 1.35965e-06 0.500002 -0.866024
    outer loop
      vertex 12 32.5291 33.7807
      vertex 10 46.325 41.7458
      vertex 12 44.6534 40.7807
    endloop
  endfacet
  facet normal -7.33327e-06 0.500002 -0.866024
    outer loop
      vertex 27.275 48.825 43.1891
      vertex 26 51.5791 44.7792
      vertex 27.275 65.375 52.7443
    endloop
  endfacet
  facet normal 0 0.500005 -0.866023
    outer loop
      vertex 27.275 48.825 43.1891
      vertex 12 51.5791 44.7792
      vertex 26 51.5791 44.7792
    endloop
  endfacet
  facet normal 4.67496e-06 0.500002 -0.866024
    outer loop
      vertex 10 65.375 52.7443
      vertex 12 51.5791 44.7792
      vertex 10 48.825 43.1891
    endloop
  endfacet
  facet normal 0 0.500005 -0.866023
    outer loop
      vertex 10 48.825 43.1891
      vertex 12 51.5791 44.7792
      vertex 27.275 48.825 43.1891
    endloop
  endfacet
  facet normal -2.13278e-06 0.500002 -0.866024
    outer loop
      vertex 26 63.7034 51.7792
      vertex 27.275 65.375 52.7443
      vertex 26 51.5791 44.7792
    endloop
  endfacet
  facet normal 0 0.500001 -0.866025
    outer loop
      vertex 12 63.7034 51.7792
      vertex 27.275 65.375 52.7443
      vertex 26 63.7034 51.7792
    endloop
  endfacet
  facet normal 0 0.500001 -0.866025
    outer loop
      vertex 12 63.7034 51.7792
      vertex 10 65.375 52.7443
      vertex 27.275 65.375 52.7443
    endloop
  endfacet
  facet normal 1.35965e-06 0.500002 -0.866024
    outer loop
      vertex 12 51.5791 44.7792
      vertex 10 65.375 52.7443
      vertex 12 63.7034 51.7792
    endloop
  endfacet
  facet normal -5.30491e-06 0.500003 -0.866024
    outer loop
      vertex 27.275 67.875 54.1876
      vertex 26 70.6291 55.7777
      vertex 27.275 85.15 64.1614
    endloop
  endfacet
  facet normal 0 0.500005 -0.866023
    outer loop
      vertex 27.275 67.875 54.1876
      vertex 12 70.6291 55.7777
      vertex 26 70.6291 55.7777
    endloop
  endfacet
  facet normal 5.3368e-06 0.500002 -0.866024
    outer loop
      vertex 12 70.6291 55.7777
      vertex 10 67.875 54.1876
      vertex 12 82.7534 62.7777
    endloop
  endfacet
  facet normal 0 0.500005 -0.866023
    outer loop
      vertex 10 67.875 54.1876
      vertex 12 70.6291 55.7777
      vertex 27.275 67.875 54.1876
    endloop
  endfacet
  facet normal 0.00012657 0.500032 -0.866007
    outer loop
      vertex 28.575 6.15 18.5507
      vertex 27.275 10 20.7735
      vertex 28.575 6.65 18.8394
    endloop
  endfacet
  facet normal -3.11733e-05 0.499999 -0.866026
    outer loop
      vertex 27.275 10 20.7735
      vertex 26 13.4791 22.7822
      vertex 27.275 27.275 30.7472
    endloop
  endfacet
  facet normal 0 0.5 -0.866025
    outer loop
      vertex 9.74999 6.15 18.5507
      vertex 27.275 10 20.7735
      vertex 28.575 6.15 18.5507
    endloop
  endfacet
  facet normal -1.09551e-06 0.500004 -0.866023
    outer loop
      vertex 12 13.4791 22.7822
      vertex 27.275 10 20.7735
      vertex 9.74999 6.15 18.5507
    endloop
  endfacet
  facet normal 7.19028e-06 0.500002 -0.866024
    outer loop
      vertex 6.65 22.575 28.0337
      vertex 12 25.6034 29.7822
      vertex 12 13.4791 22.7822
    endloop
  endfacet
  facet normal 5.17032e-07 0.499993 -0.866029
    outer loop
      vertex 6.65 27.575 30.9204
      vertex 10 27.275 30.7472
      vertex 6.65 22.575 28.0337
    endloop
  endfacet
  facet normal 2.06811e-06 0.500006 -0.866022
    outer loop
      vertex 10 27.275 30.7472
      vertex 6.65 27.575 30.9204
      vertex 10 29.775 32.1906
    endloop
  endfacet
  facet normal 5.27995e-06 0.500002 -0.866024
    outer loop
      vertex 10 29.775 32.1906
      vertex 6.15 27.575 30.9204
      vertex 12 32.5291 33.7807
    endloop
  endfacet
  facet normal 4.88243e-06 0.500002 -0.866024
    outer loop
      vertex 12 32.5291 33.7807
      vertex 6.15 27.575 30.9204
      vertex 10 46.325 41.7458
    endloop
  endfacet
  facet normal 2.23208e-05 0.499982 -0.866036
    outer loop
      vertex 12 25.6034 29.7822
      vertex 6.65 22.575 28.0337
      vertex 10 27.275 30.7472
    endloop
  endfacet
  facet normal 7.72327e-06 0.500002 -0.866024
    outer loop
      vertex 6.65 22.575 28.0337
      vertex 12 13.4791 22.7822
      vertex 9.74999 6.15 18.5507
    endloop
  endfacet
  facet normal 0 0.500008 -0.866021
    outer loop
      vertex 27.275 10 20.7735
      vertex 12 13.4791 22.7822
      vertex 26 13.4791 22.7822
    endloop
  endfacet
  facet normal -5.30491e-06 0.500003 -0.866024
    outer loop
      vertex 46.325 67.875 54.1876
      vertex 45.05 70.6291 55.7777
      vertex 46.325 85.15 64.1614
    endloop
  endfacet
  facet normal 0 0.500005 -0.866023
    outer loop
      vertex 46.325 67.875 54.1876
      vertex 31.05 70.6291 55.7777
      vertex 45.05 70.6291 55.7777
    endloop
  endfacet
  facet normal 5.30491e-06 0.500003 -0.866024
    outer loop
      vertex 29.775 85.15 64.1614
      vertex 31.05 70.6291 55.7777
      vertex 29.775 67.875 54.1876
    endloop
  endfacet
  facet normal 0 0.500005 -0.866023
    outer loop
      vertex 29.775 67.875 54.1876
      vertex 31.05 70.6291 55.7777
      vertex 46.325 67.875 54.1876
    endloop
  endfacet
  facet normal -7.00563e-05 0.500002 -0.866024
    outer loop
      vertex 45.05 25.6034 29.7822
      vertex 46.325 27.275 30.7472
      vertex 45.05 13.4791 22.7822
    endloop
  endfacet
  facet normal 0 0.499962 -0.866048
    outer loop
      vertex 31.05 25.6034 29.7822
      vertex 46.325 27.275 30.7472
      vertex 45.05 25.6034 29.7822
    endloop
  endfacet
  facet normal 0 0.499962 -0.866048
    outer loop
      vertex 31.05 25.6034 29.7822
      vertex 29.775 27.275 30.7472
      vertex 46.325 27.275 30.7472
    endloop
  endfacet
  facet normal 7.00563e-05 0.500002 -0.866024
    outer loop
      vertex 31.05 13.4791 22.7822
      vertex 29.775 27.275 30.7472
      vertex 31.05 25.6034 29.7822
    endloop
  endfacet
  facet normal -7.00563e-05 0.500002 -0.866024
    outer loop
      vertex 26 25.6034 29.7822
      vertex 27.275 27.275 30.7472
      vertex 26 13.4791 22.7822
    endloop
  endfacet
  facet normal 0 0.499962 -0.866048
    outer loop
      vertex 12 25.6034 29.7822
      vertex 27.275 27.275 30.7472
      vertex 26 25.6034 29.7822
    endloop
  endfacet
  facet normal 0 0.499962 -0.866048
    outer loop
      vertex 27.275 27.275 30.7472
      vertex 12 25.6034 29.7822
      vertex 10 27.275 30.7472
    endloop
  endfacet
  facet normal -5.30491e-06 0.500003 -0.866024
    outer loop
      vertex 65.375 67.875 54.1876
      vertex 64.1 70.6291 55.7777
      vertex 65.375 85.15 64.1614
    endloop
  endfacet
  facet normal 0 0.500005 -0.866023
    outer loop
      vertex 65.375 67.875 54.1876
      vertex 50.1 70.6291 55.7777
      vertex 64.1 70.6291 55.7777
    endloop
  endfacet
  facet normal 5.30491e-06 0.500003 -0.866024
    outer loop
      vertex 48.825 85.15 64.1614
      vertex 50.1 70.6291 55.7777
      vertex 48.825 67.875 54.1876
    endloop
  endfacet
  facet normal 0 0.500005 -0.866023
    outer loop
      vertex 48.825 67.875 54.1876
      vertex 50.1 70.6291 55.7777
      vertex 65.375 67.875 54.1876
    endloop
  endfacet
  facet normal 1.53777e-05 0.500032 -0.866007
    outer loop
      vertex 67.875 10 20.7735
      vertex 78.575 6.65 18.8394
      vertex 78.575 6.15 18.5507
    endloop
  endfacet
  facet normal 3.11733e-05 0.499999 -0.866026
    outer loop
      vertex 67.875 27.275 30.7472
      vertex 69.15 13.4791 22.7822
      vertex 67.875 10 20.7735
    endloop
  endfacet
  facet normal 4.54301e-06 0.500006 -0.866022
    outer loop
      vertex 78.575 6.65 18.8394
      vertex 67.875 10 20.7735
      vertex 69.15 13.4791 22.7822
    endloop
  endfacet
  facet normal 0 0.5 -0.866025
    outer loop
      vertex 78.575 6.15 18.5507
      vertex 65.375 10 20.7735
      vertex 67.875 10 20.7735
    endloop
  endfacet
  facet normal -3.11733e-05 0.499999 -0.866026
    outer loop
      vertex 65.375 10 20.7735
      vertex 64.1 13.4791 22.7822
      vertex 65.375 27.275 30.7472
    endloop
  endfacet
  facet normal 0 0.500008 -0.866021
    outer loop
      vertex 65.375 10 20.7735
      vertex 50.1 13.4791 22.7822
      vertex 64.1 13.4791 22.7822
    endloop
  endfacet
  facet normal 0 0.5 -0.866025
    outer loop
      vertex 38.575 6.15 18.5507
      vertex 65.375 10 20.7735
      vertex 78.575 6.15 18.5507
    endloop
  endfacet
  facet normal 3.11733e-05 0.499999 -0.866026
    outer loop
      vertex 48.825 27.275 30.7472
      vertex 50.1 13.4791 22.7822
      vertex 48.825 10 20.7735
    endloop
  endfacet
  facet normal 0 0.500008 -0.866021
    outer loop
      vertex 65.375 10 20.7735
      vertex 48.825 10 20.7735
      vertex 50.1 13.4791 22.7822
    endloop
  endfacet
  facet normal 0 0.5 -0.866025
    outer loop
      vertex 65.375 10 20.7735
      vertex 38.575 6.15 18.5507
      vertex 48.825 10 20.7735
    endloop
  endfacet
  facet normal -3.11733e-05 0.499999 -0.866026
    outer loop
      vertex 46.325 10 20.7735
      vertex 45.05 13.4791 22.7822
      vertex 46.325 27.275 30.7472
    endloop
  endfacet
  facet normal 0 0.5 -0.866025
    outer loop
      vertex 48.825 10 20.7735
      vertex 38.575 6.15 18.5507
      vertex 46.325 10 20.7735
    endloop
  endfacet
  facet normal -2.12311e-05 0.500032 -0.866007
    outer loop
      vertex 38.575 6.65 18.8394
      vertex 46.325 10 20.7735
      vertex 38.575 6.15 18.5507
    endloop
  endfacet
  facet normal -6.03582e-06 0.500006 -0.866022
    outer loop
      vertex 46.325 10 20.7735
      vertex 38.575 6.65 18.8394
      vertex 45.05 13.4791 22.7822
    endloop
  endfacet
  facet normal 0 0.500002 -0.866024
    outer loop
      vertex 38.575 6.65 18.8394
      vertex 31.05 13.4791 22.7822
      vertex 45.05 13.4791 22.7822
    endloop
  endfacet
  facet normal 3.11733e-05 0.499999 -0.866026
    outer loop
      vertex 29.775 27.275 30.7472
      vertex 31.05 13.4791 22.7822
      vertex 29.775 10 20.7735
    endloop
  endfacet
  facet normal 5.4038e-06 0.500006 -0.866022
    outer loop
      vertex 38.575 6.65 18.8394
      vertex 29.775 10 20.7735
      vertex 31.05 13.4791 22.7822
    endloop
  endfacet
  facet normal 0 0.499995 -0.866028
    outer loop
      vertex 28.575 6.65 18.8394
      vertex 29.775 10 20.7735
      vertex 38.575 6.65 18.8394
    endloop
  endfacet
  facet normal 0 0.499995 -0.866028
    outer loop
      vertex 29.775 10 20.7735
      vertex 28.575 6.65 18.8394
      vertex 27.275 10 20.7735
    endloop
  endfacet
  facet normal 0 0.500005 -0.866023
    outer loop
      vertex 67.875 67.875 54.1876
      vertex 83.15 70.6291 55.7777
      vertex 85.15 67.875 54.1876
    endloop
  endfacet
  facet normal 5.30491e-06 0.500003 -0.866024
    outer loop
      vertex 67.875 85.15 64.1614
      vertex 69.15 70.6291 55.7777
      vertex 67.875 67.875 54.1876
    endloop
  endfacet
  facet normal 0 0.500005 -0.866023
    outer loop
      vertex 83.15 70.6291 55.7777
      vertex 67.875 67.875 54.1876
      vertex 69.15 70.6291 55.7777
    endloop
  endfacet
  facet normal -3.10988e-06 0.500002 -0.866024
    outer loop
      vertex 94.65 48.1163 42.7799
      vertex 83.15 51.5791 44.7792
      vertex 85.15 65.375 52.7443
    endloop
  endfacet
  facet normal 0 0.500005 -0.866023
    outer loop
      vertex 67.875 48.825 43.1891
      vertex 83.15 51.5791 44.7792
      vertex 85.15 48.825 43.1891
    endloop
  endfacet
  facet normal 7.33327e-06 0.500002 -0.866024
    outer loop
      vertex 67.875 65.375 52.7443
      vertex 69.15 51.5791 44.7792
      vertex 67.875 48.825 43.1891
    endloop
  endfacet
  facet normal 0 0.500005 -0.866023
    outer loop
      vertex 83.15 51.5791 44.7792
      vertex 67.875 48.825 43.1891
      vertex 69.15 51.5791 44.7792
    endloop
  endfacet
  facet normal 1.37316e-05 0.499906 -0.866079
    outer loop
      vertex 94.6799 47.7206 42.5515
      vertex 85.15 46.325 41.7458
      vertex 94.65 48.1163 42.7799
    endloop
  endfacet
  facet normal 0 0.500005 -0.866023
    outer loop
      vertex 67.875 29.775 32.1906
      vertex 83.15 32.5291 33.7807
      vertex 85.15 29.775 32.1906
    endloop
  endfacet
  facet normal 7.33327e-06 0.500002 -0.866024
    outer loop
      vertex 67.875 46.325 41.7458
      vertex 69.15 32.5291 33.7807
      vertex 67.875 29.775 32.1906
    endloop
  endfacet
  facet normal 0 0.500005 -0.866023
    outer loop
      vertex 83.15 32.5291 33.7807
      vertex 67.875 29.775 32.1906
      vertex 69.15 32.5291 33.7807
    endloop
  endfacet
  facet normal -2.17392e-06 0.500002 -0.866024
    outer loop
      vertex 83.15 25.6034 29.7822
      vertex 94.65 19.5413 26.2822
      vertex 83.15 13.4791 22.7822
    endloop
  endfacet
  facet normal 0 0.500002 -0.866024
    outer loop
      vertex 78.575 6.65 18.8394
      vertex 83.15 13.4791 22.7822
      vertex 88.575 6.65 18.8394
    endloop
  endfacet
  facet normal 0 0.500002 -0.866024
    outer loop
      vertex 83.15 13.4791 22.7822
      vertex 78.575 6.65 18.8394
      vertex 69.15 13.4791 22.7822
    endloop
  endfacet
  facet normal -1.86067e-05 0.499978 -0.866038
    outer loop
      vertex 94.65 19.5413 26.2822
      vertex 83.15 25.6034 29.7822
      vertex 85.15 27.275 30.7472
    endloop
  endfacet
  facet normal 0 0.499962 -0.866048
    outer loop
      vertex 67.875 27.275 30.7472
      vertex 83.15 25.6034 29.7822
      vertex 69.15 25.6034 29.7822
    endloop
  endfacet
  facet normal 0 0.499962 -0.866048
    outer loop
      vertex 83.15 25.6034 29.7822
      vertex 67.875 27.275 30.7472
      vertex 85.15 27.275 30.7472
    endloop
  endfacet
  facet normal 7.00563e-05 0.500002 -0.866024
    outer loop
      vertex 69.15 13.4791 22.7822
      vertex 67.875 27.275 30.7472
      vertex 69.15 25.6034 29.7822
    endloop
  endfacet
  facet normal -1.35965e-06 0.500002 -0.866024
    outer loop
      vertex 83.15 44.6534 40.7807
      vertex 85.15 46.325 41.7458
      vertex 83.15 32.5291 33.7807
    endloop
  endfacet
  facet normal 0 0.500001 -0.866025
    outer loop
      vertex 67.875 46.325 41.7458
      vertex 83.15 44.6534 40.7807
      vertex 69.15 44.6534 40.7807
    endloop
  endfacet
  facet normal 0 0.500001 -0.866025
    outer loop
      vertex 83.15 44.6534 40.7807
      vertex 67.875 46.325 41.7458
      vertex 85.15 46.325 41.7458
    endloop
  endfacet
  facet normal 2.13278e-06 0.500002 -0.866024
    outer loop
      vertex 69.15 32.5291 33.7807
      vertex 67.875 46.325 41.7458
      vertex 69.15 44.6534 40.7807
    endloop
  endfacet
  facet normal -1.35965e-06 0.500002 -0.866024
    outer loop
      vertex 83.15 63.7034 51.7792
      vertex 85.15 65.375 52.7443
      vertex 83.15 51.5791 44.7792
    endloop
  endfacet
  facet normal 0 0.500001 -0.866025
    outer loop
      vertex 67.875 65.375 52.7443
      vertex 83.15 63.7034 51.7792
      vertex 69.15 63.7034 51.7792
    endloop
  endfacet
  facet normal 0 0.500001 -0.866025
    outer loop
      vertex 83.15 63.7034 51.7792
      vertex 67.875 65.375 52.7443
      vertex 85.15 65.375 52.7443
    endloop
  endfacet
  facet normal 2.13278e-06 0.500002 -0.866024
    outer loop
      vertex 69.15 51.5791 44.7792
      vertex 67.875 65.375 52.7443
      vertex 69.15 63.7034 51.7792
    endloop
  endfacet
  facet normal -7.00563e-05 0.500002 -0.866024
    outer loop
      vertex 64.1 25.6034 29.7822
      vertex 65.375 27.275 30.7472
      vertex 64.1 13.4791 22.7822
    endloop
  endfacet
  facet normal 0 0.499962 -0.866048
    outer loop
      vertex 50.1 25.6034 29.7822
      vertex 65.375 27.275 30.7472
      vertex 64.1 25.6034 29.7822
    endloop
  endfacet
  facet normal 0 0.499962 -0.866048
    outer loop
      vertex 50.1 25.6034 29.7822
      vertex 48.825 27.275 30.7472
      vertex 65.375 27.275 30.7472
    endloop
  endfacet
  facet normal 7.00563e-05 0.500002 -0.866024
    outer loop
      vertex 50.1 13.4791 22.7822
      vertex 48.825 27.275 30.7472
      vertex 50.1 25.6034 29.7822
    endloop
  endfacet
  facet normal 0.000382504 0.499925 -0.866069
    outer loop
      vertex 101.465 49.0682 43.3295
      vertex 111 85.4 64.3057
      vertex 101.531 48.9008 43.2329
    endloop
  endfacet
  facet normal 2.12563e-06 0.500001 -0.866025
    outer loop
      vertex 101.62 77.0869 59.5061
      vertex 111 85.4 64.3057
      vertex 101.65 76.6913 59.2777
    endloop
  endfacet
  facet normal -7.6163e-05 0.500057 -0.865993
    outer loop
      vertex 101.62 76.2956 59.0493
      vertex 111 85.4 64.3057
      vertex 101.531 75.9068 58.8248
    endloop
  endfacet
  facet normal 0.000129091 0.499898 -0.866084
    outer loop
      vertex 101.65 76.6913 59.2777
      vertex 111 85.4 64.3057
      vertex 101.62 76.2956 59.0493
    endloop
  endfacet
  facet normal -7.02461e-05 0.500014 -0.866017
    outer loop
      vertex 101.384 49.2762 43.4496
      vertex 111 85.4 64.3057
      vertex 101.465 49.0682 43.3295
    endloop
  endfacet
  facet normal 0.000321141 0.49976 -0.866164
    outer loop
      vertex 111 85.4 64.3057
      vertex 101.449 75.6987 58.7047
      vertex 101.531 75.9068 58.8248
    endloop
  endfacet
  facet normal -6.45225e-08 0.5 -0.866025
    outer loop
      vertex 101.384 75.5313 58.608
      vertex 111 85.4 64.3057
      vertex 101.384 49.2762 43.4496
    endloop
  endfacet
  facet normal -0.000454542 0.500332 -0.865833
    outer loop
      vertex 111 85.4 64.3057
      vertex 101.384 75.5313 58.608
      vertex 101.449 75.6987 58.7047
    endloop
  endfacet
  facet normal -9.59647e-05 0.5 -0.866025
    outer loop
      vertex 101.384 49.2762 43.4496
      vertex 101.293 75.3728 58.5165
      vertex 101.384 75.5313 58.608
    endloop
  endfacet
  facet normal -3.16422e-05 0.5 -0.866025
    outer loop
      vertex 101.271 49.4733 43.5634
      vertex 101.293 75.3728 58.5165
      vertex 101.384 49.2762 43.4496
    endloop
  endfacet
  facet normal 9.72332e-05 0.5 -0.866025
    outer loop
      vertex 101.181 49.6318 43.6549
      vertex 101.293 75.3728 58.5165
      vertex 101.271 49.4733 43.5634
    endloop
  endfacet
  facet normal 3.16149e-05 0.500001 -0.866025
    outer loop
      vertex 101.181 49.6318 43.6549
      vertex 101.181 75.1757 58.4027
      vertex 101.293 75.3728 58.5165
    endloop
  endfacet
  facet normal -0.000225176 0.500001 -0.866025
    outer loop
      vertex 101.068 49.7788 43.7398
      vertex 101.181 75.1757 58.4027
      vertex 101.181 49.6318 43.6549
    endloop
  endfacet
  facet normal -0.000110879 0.5 -0.866025
    outer loop
      vertex 100.927 49.9615 43.8453
      vertex 101.181 75.1757 58.4027
      vertex 101.068 49.7788 43.7398
    endloop
  endfacet
  facet normal 1.96232e-05 0.499999 -0.866026
    outer loop
      vertex 100.927 49.9615 43.8453
      vertex 100.927 74.8461 58.2124
      vertex 101.181 75.1757 58.4027
    endloop
  endfacet
  facet normal 0.000402403 0.499999 -0.866026
    outer loop
      vertex 100.759 50.1267 43.9406
      vertex 100.927 74.8461 58.2124
      vertex 100.927 49.9615 43.8453
    endloop
  endfacet
  facet normal -0.000448681 0.500003 -0.866023
    outer loop
      vertex 100.625 50.2596 44.0174
      vertex 100.927 74.8461 58.2124
      vertex 100.759 50.1267 43.9406
    endloop
  endfacet
  facet normal -2.2769e-05 0.5 -0.866026
    outer loop
      vertex 100.625 50.2596 44.0174
      vertex 100.625 74.548 58.0403
      vertex 100.927 74.8461 58.2124
    endloop
  endfacet
  facet normal 4.83532e-05 0.5 -0.866026
    outer loop
      vertex 100.281 50.521 44.1683
      vertex 100.625 74.548 58.0403
      vertex 100.625 50.2596 44.0174
    endloop
  endfacet
  facet normal -0.000196365 0.500002 -0.866024
    outer loop
      vertex 100.281 50.521 44.1683
      vertex 100.281 74.2865 57.8894
      vertex 100.625 74.548 58.0403
    endloop
  endfacet
  facet normal -2.0398e-05 0.500002 -0.866024
    outer loop
      vertex 99.9 50.7413 44.2955
      vertex 100.281 74.2865 57.8894
      vertex 100.281 50.521 44.1683
    endloop
  endfacet
  facet normal 0.000153256 0.5 -0.866025
    outer loop
      vertex 99.9 50.7413 44.2955
      vertex 99.9 74.0663 57.7622
      vertex 100.281 74.2865 57.8894
    endloop
  endfacet
  facet normal 2.01205e-05 0.5 -0.866025
    outer loop
      vertex 99.4894 50.9166 44.3967
      vertex 99.9 74.0663 57.7622
      vertex 99.9 50.7413 44.2955
    endloop
  endfacet
  facet normal 6.93968e-05 0.499999 -0.866026
    outer loop
      vertex 99.4894 50.9166 44.3967
      vertex 99.4894 73.8909 57.6609
      vertex 99.9 74.0663 57.7622
    endloop
  endfacet
  facet normal 2.40885e-05 0.499999 -0.866026
    outer loop
      vertex 99.0559 51.0441 44.4703
      vertex 99.4894 73.8909 57.6609
      vertex 99.4894 50.9166 44.3967
    endloop
  endfacet
  facet normal -0.000109267 0.500001 -0.866025
    outer loop
      vertex 99.0559 51.0441 44.4703
      vertex 99.0559 73.7635 57.5874
      vertex 99.4894 73.8909 57.6609
    endloop
  endfacet
  facet normal -0.000136257 0.500001 -0.866025
    outer loop
      vertex 98.6068 51.1214 44.515
      vertex 99.0559 73.7635 57.5874
      vertex 99.0559 51.0441 44.4703
    endloop
  endfacet
  facet normal 2.54762e-05 0.499999 -0.866026
    outer loop
      vertex 98.6068 51.1214 44.515
      vertex 98.6068 73.6861 57.5427
      vertex 99.0559 73.7635 57.5874
    endloop
  endfacet
  facet normal 0.000210565 0.499999 -0.866026
    outer loop
      vertex 98.15 51.1474 44.5299
      vertex 98.6068 73.6861 57.5427
      vertex 98.6068 51.1214 44.515
    endloop
  endfacet
  facet normal 8.83369e-05 0.500001 -0.866025
    outer loop
      vertex 98.15 51.1474 44.5299
      vertex 98.15 73.6602 57.5277
      vertex 98.6068 73.6861 57.5427
    endloop
  endfacet
  facet normal -0.000210706 0.500001 -0.866025
    outer loop
      vertex 97.6932 51.1214 44.515
      vertex 98.15 73.6602 57.5277
      vertex 98.15 51.1474 44.5299
    endloop
  endfacet
  facet normal -8.84774e-05 0.499999 -0.866026
    outer loop
      vertex 97.6932 51.1214 44.515
      vertex 97.6932 73.6861 57.5427
      vertex 98.15 73.6602 57.5277
    endloop
  endfacet
  facet normal 0.00013681 0.499999 -0.866026
    outer loop
      vertex 97.2441 51.0441 44.4703
      vertex 97.6932 73.6861 57.5427
      vertex 97.6932 51.1214 44.515
    endloop
  endfacet
  facet normal -2.49233e-05 0.500001 -0.866025
    outer loop
      vertex 97.2441 51.0441 44.4703
      vertex 97.2441 73.7635 57.5874
      vertex 97.6932 73.6861 57.5427
    endloop
  endfacet
  facet normal -2.48327e-05 0.500001 -0.866025
    outer loop
      vertex 96.8106 50.9166 44.3967
      vertex 97.2441 73.7635 57.5874
      vertex 97.2441 51.0441 44.4703
    endloop
  endfacet
  facet normal 0.000108524 0.499999 -0.866026
    outer loop
      vertex 96.8106 50.9166 44.3967
      vertex 96.8106 73.8909 57.6609
      vertex 97.2441 73.7635 57.5874
    endloop
  endfacet
  facet normal -1.97474e-05 0.499999 -0.866026
    outer loop
      vertex 96.4 50.7413 44.2955
      vertex 96.8106 73.8909 57.6609
      vertex 96.8106 50.9166 44.3967
    endloop
  endfacet
  facet normal -6.90234e-05 0.5 -0.866025
    outer loop
      vertex 96.4 50.7413 44.2955
      vertex 96.4 74.0663 57.7622
      vertex 96.8106 73.8909 57.6609
    endloop
  endfacet
  facet normal 2.20402e-05 0.5 -0.866025
    outer loop
      vertex 96.0193 50.521 44.1683
      vertex 96.4 74.0663 57.7622
      vertex 96.4 50.7413 44.2955
    endloop
  endfacet
  facet normal -0.000151752 0.500002 -0.866024
    outer loop
      vertex 96.0193 50.521 44.1683
      vertex 96.0193 74.2865 57.8894
      vertex 96.4 74.0663 57.7622
    endloop
  endfacet
  facet normal -5.09858e-05 0.500002 -0.866024
    outer loop
      vertex 95.6751 50.2596 44.0174
      vertex 96.0193 74.2865 57.8894
      vertex 96.0193 50.521 44.1683
    endloop
  endfacet
  facet normal 0.000193589 0.5 -0.866026
    outer loop
      vertex 95.6751 50.2596 44.0174
      vertex 95.6751 74.548 58.0403
      vertex 96.0193 74.2865 57.8894
    endloop
  endfacet
  facet normal 0.000451848 0.5 -0.866026
    outer loop
      vertex 95.5405 50.1267 43.9406
      vertex 95.6751 74.548 58.0403
      vertex 95.6751 50.2596 44.0174
    endloop
  endfacet
  facet normal -0.000409564 0.500003 -0.866023
    outer loop
      vertex 95.3733 49.9615 43.8453
      vertex 95.6751 74.548 58.0403
      vertex 95.5405 50.1267 43.9406
    endloop
  endfacet
  facet normal 2.22382e-05 0.499999 -0.866026
    outer loop
      vertex 95.3733 49.9615 43.8453
      vertex 95.3733 74.8461 58.2124
      vertex 95.6751 74.548 58.0403
    endloop
  endfacet
  facet normal 0.000112582 0.499999 -0.866026
    outer loop
      vertex 95.2323 49.7788 43.7398
      vertex 95.3733 74.8461 58.2124
      vertex 95.3733 49.9615 43.8453
    endloop
  endfacet
  facet normal 0.000227584 0.499999 -0.866026
    outer loop
      vertex 95.1189 49.6318 43.6549
      vertex 95.3733 74.8461 58.2124
      vertex 95.2323 49.7788 43.7398
    endloop
  endfacet
  facet normal -1.72302e-05 0.500001 -0.866025
    outer loop
      vertex 95.1189 49.6318 43.6549
      vertex 95.1189 75.1757 58.4027
      vertex 95.3733 74.8461 58.2124
    endloop
  endfacet
  facet normal -9.74113e-05 0.500001 -0.866025
    outer loop
      vertex 95.0286 49.4733 43.5634
      vertex 95.1189 75.1757 58.4027
      vertex 95.1189 49.6318 43.6549
    endloop
  endfacet
  facet normal -3.19625e-05 0.5 -0.866025
    outer loop
      vertex 95.0286 49.4733 43.5634
      vertex 95.0067 75.3728 58.5165
      vertex 95.1189 75.1757 58.4027
    endloop
  endfacet
  facet normal 3.18677e-05 0.5 -0.866025
    outer loop
      vertex 94.9164 49.2762 43.4496
      vertex 95.0067 75.3728 58.5165
      vertex 95.0286 49.4733 43.5634
    endloop
  endfacet
  facet normal 9.67086e-05 0.5 -0.866025
    outer loop
      vertex 94.9164 49.2762 43.4496
      vertex 94.9164 75.5313 58.608
      vertex 95.0067 75.3728 58.5165
    endloop
  endfacet
  facet normal -0.000679818 0.5 -0.866025
    outer loop
      vertex 94.9164 49.2762 43.4496
      vertex 94.8508 75.6987 58.7047
      vertex 94.9164 75.5313 58.608
    endloop
  endfacet
  facet normal 0.000112475 0.500002 -0.866024
    outer loop
      vertex 94.8349 49.0682 43.3295
      vertex 94.8508 75.6987 58.7047
      vertex 94.9164 49.2762 43.4496
    endloop
  endfacet
  facet normal -0.000646517 0.500002 -0.866024
    outer loop
      vertex 94.7693 48.9008 43.2329
      vertex 94.8508 75.6987 58.7047
      vertex 94.8349 49.0682 43.3295
    endloop
  endfacet
  facet normal 0.00049333 0.499999 -0.866026
    outer loop
      vertex 94.7693 48.9008 43.2329
      vertex 94.7693 75.9068 58.8248
      vertex 94.8508 75.6987 58.7047
    endloop
  endfacet
  facet normal -0.000302353 0.499999 -0.866026
    outer loop
      vertex 94.6799 48.5119 43.0084
      vertex 94.7693 75.9068 58.8248
      vertex 94.7693 48.9008 43.2329
    endloop
  endfacet
  facet normal -0.000257566 0.499999 -0.866026
    outer loop
      vertex 94.6799 48.5119 43.0084
      vertex 94.6799 76.2956 59.0493
      vertex 94.7693 75.9068 58.8248
    endloop
  endfacet
  facet normal 0.00291416 0.499997 -0.866022
    outer loop
      vertex 94.65 48.1163 42.7799
      vertex 94.6799 76.2956 59.0493
      vertex 94.6799 48.5119 43.0084
    endloop
  endfacet
  facet normal 0.00167192 0.5 -0.866024
    outer loop
      vertex 94.6799 76.2956 59.0493
      vertex 94.65 48.1163 42.7799
      vertex 94.65 76.6913 59.2777
    endloop
  endfacet
  facet normal -3.09422e-05 0.500099 -0.865968
    outer loop
      vertex 101.384 20.7012 26.9519
      vertex 110.5 22.575 28.0337
      vertex 101.531 20.3258 26.7351
    endloop
  endfacet
  facet normal -0.000235024 0.499919 -0.866072
    outer loop
      vertex 111 27.575 30.9204
      vertex 101.62 47.7206 42.5515
      vertex 101.65 48.1163 42.7799
    endloop
  endfacet
  facet normal -7.31649e-07 0.499989 -0.866032
    outer loop
      vertex 101.181 21.0568 27.1572
      vertex 110.5 22.575 28.0337
      vertex 101.384 20.7012 26.9519
    endloop
  endfacet
  facet normal 8.20685e-05 0.50003 -0.866008
    outer loop
      vertex 111 27.575 30.9204
      vertex 101.531 47.3318 42.327
      vertex 101.62 47.7206 42.5515
    endloop
  endfacet
  facet normal 1.71783e-05 0.499907 -0.866079
    outer loop
      vertex 100.927 21.3865 27.3475
      vertex 110.5 22.575 28.0337
      vertex 101.181 21.0568 27.1572
    endloop
  endfacet
  facet normal 1.28619e-05 0.500005 -0.866023
    outer loop
      vertex 111 27.575 30.9204
      vertex 101.384 46.9563 42.1102
      vertex 101.531 47.3318 42.327
    endloop
  endfacet
  facet normal 2.84153e-06 0.499993 -0.866029
    outer loop
      vertex 110.5 22.575 28.0337
      vertex 100.927 21.3865 27.3475
      vertex 110.5 27.575 30.9204
    endloop
  endfacet
  facet normal -1.31885e-05 0.499995 -0.866028
    outer loop
      vertex 111 27.575 30.9204
      vertex 101.181 46.6007 41.9049
      vertex 101.384 46.9563 42.1102
    endloop
  endfacet
  facet normal 7.45252e-06 0.499988 -0.866032
    outer loop
      vertex 100.625 21.6846 27.5196
      vertex 110.5 27.575 30.9204
      vertex 100.927 21.3865 27.3475
    endloop
  endfacet
  facet normal 1.0903e-05 0.500004 -0.866023
    outer loop
      vertex 110.5 27.575 30.9204
      vertex 100.927 46.2711 41.7146
      vertex 101.181 46.6007 41.9049
    endloop
  endfacet
  facet normal 2.02544e-05 0.499972 -0.866042
    outer loop
      vertex 100.281 21.946 27.6705
      vertex 110.5 27.575 30.9204
      vertex 100.625 21.6846 27.5196
    endloop
  endfacet
  facet normal -1.55082e-05 0.499994 -0.866029
    outer loop
      vertex 110.5 27.575 30.9204
      vertex 100.625 45.973 41.5425
      vertex 100.927 46.2711 41.7146
    endloop
  endfacet
  facet normal -1.09988e-05 0.500014 -0.866017
    outer loop
      vertex 99.9 22.1663 27.7977
      vertex 110.5 27.575 30.9204
      vertex 100.281 21.946 27.6705
    endloop
  endfacet
  facet normal -0.000138098 0.499945 -0.866057
    outer loop
      vertex 110.5 27.575 30.9204
      vertex 100.281 45.7115 41.3916
      vertex 100.625 45.973 41.5425
    endloop
  endfacet
  facet normal 1.03759e-05 0.499983 -0.866035
    outer loop
      vertex 99.4894 22.3416 27.8989
      vertex 110.5 27.575 30.9204
      vertex 99.9 22.1663 27.7977
    endloop
  endfacet
  facet normal 0.000113877 0.500051 -0.865996
    outer loop
      vertex 110.5 27.575 30.9204
      vertex 99.9 45.4913 41.2644
      vertex 100.281 45.7115 41.3916
    endloop
  endfacet
  facet normal 1.48587e-05 0.499976 -0.866039
    outer loop
      vertex 99.0559 22.4691 27.9725
      vertex 110.5 27.575 30.9204
      vertex 99.4894 22.3416 27.8989
    endloop
  endfacet
  facet normal -0.000113527 0.49995 -0.866054
    outer loop
      vertex 110.5 27.575 30.9204
      vertex 99.4894 45.3159 41.1632
      vertex 99.9 45.4913 41.2644
    endloop
  endfacet
  facet normal -2.71895e-07 0.500001 -0.866025
    outer loop
      vertex 99.0559 45.1885 41.0896
      vertex 110.5 27.575 30.9204
      vertex 99.0559 22.4691 27.9725
    endloop
  endfacet
  facet normal 7.5951e-05 0.500039 -0.866003
    outer loop
      vertex 110.5 27.575 30.9204
      vertex 99.0559 45.1885 41.0896
      vertex 99.4894 45.3159 41.1632
    endloop
  endfacet
  facet normal -0.000136257 0.500001 -0.866025
    outer loop
      vertex 98.6068 22.5464 28.0172
      vertex 99.0559 45.1885 41.0896
      vertex 99.0559 22.4691 27.9725
    endloop
  endfacet
  facet normal 2.54762e-05 0.499999 -0.866026
    outer loop
      vertex 98.6068 22.5464 28.0172
      vertex 98.6068 45.1111 41.0449
      vertex 99.0559 45.1885 41.0896
    endloop
  endfacet
  facet normal 2.09794e-05 0.499999 -0.866026
    outer loop
      vertex 98.15 22.5724 28.0322
      vertex 98.6068 45.1111 41.0449
      vertex 98.6068 22.5464 28.0172
    endloop
  endfacet
  facet normal 8.85551e-05 0.499998 -0.866027
    outer loop
      vertex 98.15 22.5724 28.0322
      vertex 98.15 45.0852 41.0299
      vertex 98.6068 45.1111 41.0449
    endloop
  endfacet
  facet normal -2.09015e-05 0.499998 -0.866027
    outer loop
      vertex 97.6932 22.5464 28.0172
      vertex 98.15 45.0852 41.0299
      vertex 98.15 22.5724 28.0322
    endloop
  endfacet
  facet normal -8.84774e-05 0.499999 -0.866026
    outer loop
      vertex 97.6932 22.5464 28.0172
      vertex 97.6932 45.1111 41.0449
      vertex 98.15 45.0852 41.0299
    endloop
  endfacet
  facet normal 0.000105698 0.500134 -0.865948
    outer loop
      vertex 85.15 29.775 32.1906
      vertex 97.6932 22.5464 28.0172
      vertex 97.2441 22.4691 27.9725
    endloop
  endfacet
  facet normal 1.57041e-06 0.499999 -0.866026
    outer loop
      vertex 97.6932 22.5464 28.0172
      vertex 85.15 29.775 32.1906
      vertex 97.6932 45.1111 41.0449
    endloop
  endfacet
  facet normal -1.71971e-05 0.499982 -0.866036
    outer loop
      vertex 85.15 29.775 32.1906
      vertex 97.2441 22.4691 27.9725
      vertex 96.8106 22.3416 27.8989
    endloop
  endfacet
  facet normal -2.21346e-05 0.500014 -0.866018
    outer loop
      vertex 97.6932 45.1111 41.0449
      vertex 85.15 29.775 32.1906
      vertex 97.2441 45.1885 41.0896
    endloop
  endfacet
  facet normal -1.27332e-05 0.499987 -0.866033
    outer loop
      vertex 85.15 29.775 32.1906
      vertex 96.8106 22.3416 27.8989
      vertex 96.4 22.1663 27.7977
    endloop
  endfacet
  facet normal -7.38295e-05 0.500044 -0.866
    outer loop
      vertex 97.2441 45.1885 41.0896
      vertex 85.15 29.775 32.1906
      vertex 96.8106 45.3159 41.1632
    endloop
  endfacet
  facet normal 1.14024e-05 0.500014 -0.866017
    outer loop
      vertex 85.15 29.775 32.1906
      vertex 96.4 22.1663 27.7977
      vertex 96.0193 21.946 27.6705
    endloop
  endfacet
  facet normal 0.000108428 0.499941 -0.866059
    outer loop
      vertex 96.8106 45.3159 41.1632
      vertex 85.15 29.775 32.1906
      vertex 96.4 45.4913 41.2644
    endloop
  endfacet
  facet normal -2.47235e-05 0.499976 -0.866039
    outer loop
      vertex 85.15 29.775 32.1906
      vertex 96.0193 21.946 27.6705
      vertex 95.6751 21.6846 27.5196
    endloop
  endfacet
  facet normal -4.66269e-06 0.500002 -0.866024
    outer loop
      vertex 83.15 32.5291 33.7807
      vertex 96.4 45.4913 41.2644
      vertex 85.15 29.775 32.1906
    endloop
  endfacet
  facet normal -1.04404e-05 0.49999 -0.866031
    outer loop
      vertex 85.15 29.775 32.1906
      vertex 95.6751 21.6846 27.5196
      vertex 95.3733 21.3865 27.3475
    endloop
  endfacet
  facet normal -9.71705e-05 0.500073 -0.865983
    outer loop
      vertex 96.4 45.4913 41.2644
      vertex 83.15 32.5291 33.7807
      vertex 96.0193 45.7115 41.3916
    endloop
  endfacet
  facet normal -6.89935e-05 0.499937 -0.866062
    outer loop
      vertex 85.15 29.775 32.1906
      vertex 95.3733 21.3865 27.3475
      vertex 95.1189 21.0568 27.1572
    endloop
  endfacet
  facet normal 0.000112462 0.49992 -0.866072
    outer loop
      vertex 96.0193 45.7115 41.3916
      vertex 83.15 32.5291 33.7807
      vertex 95.6751 45.973 41.5425
    endloop
  endfacet
  facet normal -4.98707e-06 0.499992 -0.86603
    outer loop
      vertex 85.15 29.775 32.1906
      vertex 95.1189 21.0568 27.1572
      vertex 94.9164 20.7012 26.9519
    endloop
  endfacet
  facet normal -5.88363e-06 0.500002 -0.866024
    outer loop
      vertex 85.15 46.325 41.7458
      vertex 95.6751 45.973 41.5425
      vertex 83.15 32.5291 33.7807
    endloop
  endfacet
  facet normal 0.000102486 0.500078 -0.86598
    outer loop
      vertex 85.15 29.775 32.1906
      vertex 94.9164 20.7012 26.9519
      vertex 94.7693 20.3258 26.7351
    endloop
  endfacet
  facet normal -7.00819e-06 0.499977 -0.866039
    outer loop
      vertex 95.6751 45.973 41.5425
      vertex 85.15 46.325 41.7458
      vertex 95.3733 46.2711 41.7146
    endloop
  endfacet
  facet normal -5.63838e-05 0.499957 -0.86605
    outer loop
      vertex 85.15 29.775 32.1906
      vertex 94.7693 20.3258 26.7351
      vertex 94.6799 19.9369 26.5106
    endloop
  endfacet
  facet normal -6.79989e-06 0.500007 -0.866022
    outer loop
      vertex 95.3733 46.2711 41.7146
      vertex 85.15 46.325 41.7458
      vertex 95.1189 46.6007 41.9049
    endloop
  endfacet
  facet normal 2.99174e-06 0.5 -0.866025
    outer loop
      vertex 85.15 29.775 32.1906
      vertex 94.6799 19.9369 26.5106
      vertex 94.65 19.5413 26.2822
    endloop
  endfacet
  facet normal -6.07296e-06 0.499987 -0.866033
    outer loop
      vertex 95.1189 46.6007 41.9049
      vertex 85.15 46.325 41.7458
      vertex 94.9164 46.9563 42.1102
    endloop
  endfacet
  facet normal -6.24682e-06 0.5 -0.866025
    outer loop
      vertex 111 27.575 30.9204
      vertex 101.62 48.5119 43.0084
      vertex 111 85.4 64.3057
    endloop
  endfacet
  facet normal 0.000142637 0.499972 -0.866042
    outer loop
      vertex 101.531 48.9008 43.2329
      vertex 111 85.4 64.3057
      vertex 101.62 48.5119 43.0084
    endloop
  endfacet
  facet normal -0.000110092 0.500095 -0.86597
    outer loop
      vertex 101.531 77.4758 59.7307
      vertex 111 85.4 64.3057
      vertex 101.62 77.0869 59.5061
    endloop
  endfacet
  facet normal 5.15391e-05 0.499951 -0.866054
    outer loop
      vertex 101.384 77.8512 59.9474
      vertex 111 85.4 64.3057
      vertex 101.531 77.4758 59.7307
    endloop
  endfacet
  facet normal 7.49228e-06 0.499993 -0.86603
    outer loop
      vertex 101.181 78.2068 60.1527
      vertex 111 85.4 64.3057
      vertex 101.384 77.8512 59.9474
    endloop
  endfacet
  facet normal -5.83404e-05 0.50006 -0.865991
    outer loop
      vertex 100.927 78.5365 60.3431
      vertex 111 85.4 64.3057
      vertex 101.181 78.2068 60.1527
    endloop
  endfacet
  facet normal -6.03305e-06 0.500003 -0.866024
    outer loop
      vertex 111 85.4 64.3057
      vertex 100.927 78.5365 60.3431
      vertex 107.4 89 66.3842
    endloop
  endfacet
  facet normal 1.42184e-05 0.499993 -0.866029
    outer loop
      vertex 100.625 78.8346 60.5152
      vertex 107.4 89 66.3842
      vertex 100.927 78.5365 60.3431
    endloop
  endfacet
  facet normal 3.25083e-05 0.499984 -0.866035
    outer loop
      vertex 100.281 79.096 60.6661
      vertex 107.4 89 66.3842
      vertex 100.625 78.8346 60.5152
    endloop
  endfacet
  facet normal -1.48132e-05 0.500009 -0.86602
    outer loop
      vertex 99.9 79.3163 60.7933
      vertex 107.4 89 66.3842
      vertex 100.281 79.096 60.6661
    endloop
  endfacet
  facet normal 1.54403e-05 0.499992 -0.86603
    outer loop
      vertex 99.4894 79.4916 60.8945
      vertex 107.4 89 66.3842
      vertex 99.9 79.3163 60.7933
    endloop
  endfacet
  facet normal 2.00046e-05 0.499989 -0.866032
    outer loop
      vertex 99.0559 79.6191 60.9681
      vertex 107.4 89 66.3842
      vertex 99.4894 79.4916 60.8945
    endloop
  endfacet
  facet normal -0.000117954 0.500081 -0.865979
    outer loop
      vertex 98.6068 79.6964 61.0128
      vertex 107.4 89 66.3842
      vertex 99.0559 79.6191 60.9681
    endloop
  endfacet
  facet normal 0.000199728 0.499856 -0.866109
    outer loop
      vertex 98.15 79.7224 61.0277
      vertex 107.4 89 66.3842
      vertex 98.6068 79.6964 61.0128
    endloop
  endfacet
  facet normal -0.000223713 0.500173 -0.865926
    outer loop
      vertex 97.6932 79.6964 61.0128
      vertex 107.4 89 66.3842
      vertex 98.15 79.7224 61.0277
    endloop
  endfacet
  facet normal 0.000167186 0.499867 -0.866102
    outer loop
      vertex 97.2441 79.6191 60.9681
      vertex 107.4 89 66.3842
      vertex 97.6932 79.6964 61.0128
    endloop
  endfacet
  facet normal -1.08457e-05 0.499966 -0.866045
    outer loop
      vertex 83.15 82.7534 62.7777
      vertex 97.2441 79.6191 60.9681
      vertex 96.8106 79.4916 60.8945
    endloop
  endfacet
  facet normal -7.14355e-06 0.499977 -0.866038
    outer loop
      vertex 83.15 82.7534 62.7777
      vertex 96.8106 79.4916 60.8945
      vertex 96.4 79.3163 60.7933
    endloop
  endfacet
  facet normal 7.33376e-06 0.500019 -0.866014
    outer loop
      vertex 83.15 82.7534 62.7777
      vertex 96.4 79.3163 60.7933
      vertex 96.0193 79.096 60.6661
    endloop
  endfacet
  facet normal -1.32223e-05 0.499965 -0.866046
    outer loop
      vertex 83.15 82.7534 62.7777
      vertex 96.0193 79.096 60.6661
      vertex 95.6751 78.8346 60.5152
    endloop
  endfacet
  facet normal 2.49255e-05 0.499963 -0.866047
    outer loop
      vertex 94.6666 19.322 26.1556
      vertex 83.15 13.4791 22.7822
      vertex 94.65 19.5413 26.2822
    endloop
  endfacet
  facet normal -1.26712e-05 0.500042 -0.866001
    outer loop
      vertex 94.7693 47.3318 42.327
      vertex 85.15 46.325 41.7458
      vertex 94.6799 47.7206 42.5515
    endloop
  endfacet
  facet normal 1.17626e-05 0.500006 -0.866022
    outer loop
      vertex 94.65 19.5413 26.2822
      vertex 85.15 27.275 30.7472
      vertex 85.15 29.775 32.1906
    endloop
  endfacet
  facet normal -4.86038e-06 0.49998 -0.866037
    outer loop
      vertex 94.65 48.1163 42.7799
      vertex 85.15 46.325 41.7458
      vertex 85.15 48.825 43.1891
    endloop
  endfacet
  facet normal -2.58443e-06 0.500003 -0.866024
    outer loop
      vertex 83.15 51.5791 44.7792
      vertex 94.65 48.1163 42.7799
      vertex 85.15 48.825 43.1891
    endloop
  endfacet
  facet normal -6.85623e-06 0.5 -0.866025
    outer loop
      vertex 94.65 48.1163 42.7799
      vertex 85.15 65.375 52.7443
      vertex 94.65 76.6913 59.2777
    endloop
  endfacet
  facet normal 2.49495e-05 0.49998 -0.866037
    outer loop
      vertex 85.15 67.875 54.1876
      vertex 94.65 76.6913 59.2777
      vertex 85.15 65.375 52.7443
    endloop
  endfacet
  facet normal -3.04951e-06 0.500003 -0.866024
    outer loop
      vertex 83.15 70.6291 55.7777
      vertex 94.65 76.6913 59.2777
      vertex 85.15 67.875 54.1876
    endloop
  endfacet
  facet normal -2.17392e-06 0.500002 -0.866024
    outer loop
      vertex 83.15 82.7534 62.7777
      vertex 94.65 76.6913 59.2777
      vertex 83.15 70.6291 55.7777
    endloop
  endfacet
  facet normal -2.99497e-06 0.500001 -0.866025
    outer loop
      vertex 94.65 76.6913 59.2777
      vertex 83.15 82.7534 62.7777
      vertex 94.6799 77.0869 59.5061
    endloop
  endfacet
  facet normal 6.43172e-05 0.500103 -0.865966
    outer loop
      vertex 94.6799 77.0869 59.5061
      vertex 83.15 82.7534 62.7777
      vertex 94.7693 77.4758 59.7307
    endloop
  endfacet
  facet normal -3.16675e-05 0.499945 -0.866057
    outer loop
      vertex 94.7693 77.4758 59.7307
      vertex 83.15 82.7534 62.7777
      vertex 94.9164 77.8512 59.9474
    endloop
  endfacet
  facet normal -5.52391e-06 0.499992 -0.86603
    outer loop
      vertex 94.9164 77.8512 59.9474
      vertex 83.15 82.7534 62.7777
      vertex 95.1189 78.2068 60.1527
    endloop
  endfacet
  facet normal 3.56623e-05 0.500073 -0.865983
    outer loop
      vertex 95.1189 78.2068 60.1527
      vertex 83.15 82.7534 62.7777
      vertex 95.3733 78.5365 60.3431
    endloop
  endfacet
  facet normal -4.53941e-06 0.499986 -0.866034
    outer loop
      vertex 95.3733 78.5365 60.3431
      vertex 83.15 82.7534 62.7777
      vertex 95.6751 78.8346 60.5152
    endloop
  endfacet
  facet normal 2.95103e-08 0.500002 -0.866024
    outer loop
      vertex 97.2441 79.6191 60.9681
      vertex 83.15 82.7534 62.7777
      vertex 107.4 89 66.3842
    endloop
  endfacet
  facet normal 0 0.500006 -0.866022
    outer loop
      vertex 67.875 85.15 64.1614
      vertex 83.15 82.7534 62.7777
      vertex 69.15 82.7534 62.7777
    endloop
  endfacet
  facet normal -1.08633e-05 0.500002 -0.866024
    outer loop
      vertex 69.15 70.6291 55.7777
      vertex 67.875 85.15 64.1614
      vertex 69.15 82.7534 62.7777
    endloop
  endfacet
  facet normal -4.65461e-07 0.500004 -0.866023
    outer loop
      vertex 83.15 82.7534 62.7777
      vertex 67.875 85.15 64.1614
      vertex 107.4 89 66.3842
    endloop
  endfacet
  facet normal 0 0.5 -0.866025
    outer loop
      vertex 65.375 85.15 64.1614
      vertex 107.4 89 66.3842
      vertex 67.875 85.15 64.1614
    endloop
  endfacet
  facet normal 1.08633e-05 0.500002 -0.866024
    outer loop
      vertex 64.1 82.7534 62.7777
      vertex 65.375 85.15 64.1614
      vertex 64.1 70.6291 55.7777
    endloop
  endfacet
  facet normal 0 0.500006 -0.866022
    outer loop
      vertex 50.1 82.7534 62.7777
      vertex 65.375 85.15 64.1614
      vertex 64.1 82.7534 62.7777
    endloop
  endfacet
  facet normal -1.08633e-05 0.500002 -0.866024
    outer loop
      vertex 50.1 70.6291 55.7777
      vertex 48.825 85.15 64.1614
      vertex 50.1 82.7534 62.7777
    endloop
  endfacet
  facet normal 0 0.500006 -0.866022
    outer loop
      vertex 48.825 85.15 64.1614
      vertex 65.375 85.15 64.1614
      vertex 50.1 82.7534 62.7777
    endloop
  endfacet
  facet normal 0 0.5 -0.866025
    outer loop
      vertex 48.825 85.15 64.1614
      vertex 107.4 89 66.3842
      vertex 65.375 85.15 64.1614
    endloop
  endfacet
  facet normal 0 0.5 -0.866025
    outer loop
      vertex 9.74999 89 66.3842
      vertex 48.825 85.15 64.1614
      vertex 46.325 85.15 64.1614
    endloop
  endfacet
  facet normal 1.08633e-05 0.500002 -0.866024
    outer loop
      vertex 45.05 82.7534 62.7777
      vertex 46.325 85.15 64.1614
      vertex 45.05 70.6291 55.7777
    endloop
  endfacet
  facet normal 0 0.500006 -0.866022
    outer loop
      vertex 31.05 82.7534 62.7777
      vertex 46.325 85.15 64.1614
      vertex 45.05 82.7534 62.7777
    endloop
  endfacet
  facet normal -1.08633e-05 0.500002 -0.866024
    outer loop
      vertex 31.05 70.6291 55.7777
      vertex 29.775 85.15 64.1614
      vertex 31.05 82.7534 62.7777
    endloop
  endfacet
  facet normal 0 0.500006 -0.866022
    outer loop
      vertex 29.775 85.15 64.1614
      vertex 46.325 85.15 64.1614
      vertex 31.05 82.7534 62.7777
    endloop
  endfacet
  facet normal 0 0.5 -0.866025
    outer loop
      vertex 9.74999 89 66.3842
      vertex 46.325 85.15 64.1614
      vertex 29.775 85.15 64.1614
    endloop
  endfacet
  facet normal 0 0.5 -0.866025
    outer loop
      vertex 9.74999 89 66.3842
      vertex 29.775 85.15 64.1614
      vertex 27.275 85.15 64.1614
    endloop
  endfacet
  facet normal 1.08633e-05 0.500002 -0.866024
    outer loop
      vertex 26 82.7534 62.7777
      vertex 27.275 85.15 64.1614
      vertex 26 70.6291 55.7777
    endloop
  endfacet
  facet normal 0 0.500006 -0.866022
    outer loop
      vertex 12 82.7534 62.7777
      vertex 27.275 85.15 64.1614
      vertex 26 82.7534 62.7777
    endloop
  endfacet
  facet normal 0 0.5 -0.866025
    outer loop
      vertex 48.825 85.15 64.1614
      vertex 9.74999 89 66.3842
      vertex 107.4 89 66.3842
    endloop
  endfacet
  facet normal 7.08906e-07 0.500003 -0.866024
    outer loop
      vertex 12 82.7534 62.7777
      vertex 9.74999 89 66.3842
      vertex 27.275 85.15 64.1614
    endloop
  endfacet
  facet normal -5.82879e-07 0.500002 -0.866024
    outer loop
      vertex 10 67.875 54.1876
      vertex 9.74999 89 66.3842
      vertex 12 82.7534 62.7777
    endloop
  endfacet
  facet normal 0.000146214 0.49998 -0.866037
    outer loop
      vertex 10 46.325 41.7458
      vertex 6.15 27.575 30.9204
      vertex 10 48.825 43.1891
    endloop
  endfacet
  facet normal -1.84777e-07 0.5 -0.866025
    outer loop
      vertex 6.15 85.4 64.3057
      vertex 10 48.825 43.1891
      vertex 6.15 27.575 30.9204
    endloop
  endfacet
  facet normal -1.18671e-05 0.499999 -0.866026
    outer loop
      vertex 6.15 9.74999 20.6292
      vertex 6.65 22.575 28.0337
      vertex 9.74999 6.15 18.5507
    endloop
  endfacet
  facet normal 0 0.499999 -0.866026
    outer loop
      vertex 6.65 22.575 28.0337
      vertex 6.15 9.74999 20.6292
      vertex 6.15 22.575 28.0337
    endloop
  endfacet
  facet normal -7.33327e-06 0.500002 -0.866024
    outer loop
      vertex 46.325 48.825 43.1891
      vertex 45.05 51.5791 44.7792
      vertex 46.325 65.375 52.7443
    endloop
  endfacet
  facet normal 0 0.500005 -0.866023
    outer loop
      vertex 46.325 48.825 43.1891
      vertex 31.05 51.5791 44.7792
      vertex 45.05 51.5791 44.7792
    endloop
  endfacet
  facet normal 7.33327e-06 0.500002 -0.866024
    outer loop
      vertex 29.775 65.375 52.7443
      vertex 31.05 51.5791 44.7792
      vertex 29.775 48.825 43.1891
    endloop
  endfacet
  facet normal 0 0.500005 -0.866023
    outer loop
      vertex 29.775 48.825 43.1891
      vertex 31.05 51.5791 44.7792
      vertex 46.325 48.825 43.1891
    endloop
  endfacet
  facet normal -2.13278e-06 0.500002 -0.866024
    outer loop
      vertex 45.05 63.7034 51.7792
      vertex 46.325 65.375 52.7443
      vertex 45.05 51.5791 44.7792
    endloop
  endfacet
  facet normal 0 0.500001 -0.866025
    outer loop
      vertex 31.05 63.7034 51.7792
      vertex 46.325 65.375 52.7443
      vertex 45.05 63.7034 51.7792
    endloop
  endfacet
  facet normal 0 0.500001 -0.866025
    outer loop
      vertex 31.05 63.7034 51.7792
      vertex 29.775 65.375 52.7443
      vertex 46.325 65.375 52.7443
    endloop
  endfacet
  facet normal 2.13278e-06 0.500002 -0.866024
    outer loop
      vertex 31.05 51.5791 44.7792
      vertex 29.775 65.375 52.7443
      vertex 31.05 63.7034 51.7792
    endloop
  endfacet
  facet normal -7.33327e-06 0.500002 -0.866024
    outer loop
      vertex 65.375 48.825 43.1891
      vertex 64.1 51.5791 44.7792
      vertex 65.375 65.375 52.7443
    endloop
  endfacet
  facet normal 0 0.500005 -0.866023
    outer loop
      vertex 65.375 48.825 43.1891
      vertex 50.1 51.5791 44.7792
      vertex 64.1 51.5791 44.7792
    endloop
  endfacet
  facet normal 7.33327e-06 0.500002 -0.866024
    outer loop
      vertex 48.825 65.375 52.7443
      vertex 50.1 51.5791 44.7792
      vertex 48.825 48.825 43.1891
    endloop
  endfacet
  facet normal 0 0.500005 -0.866023
    outer loop
      vertex 48.825 48.825 43.1891
      vertex 50.1 51.5791 44.7792
      vertex 65.375 48.825 43.1891
    endloop
  endfacet
  facet normal -2.13278e-06 0.500002 -0.866024
    outer loop
      vertex 64.1 63.7034 51.7792
      vertex 65.375 65.375 52.7443
      vertex 64.1 51.5791 44.7792
    endloop
  endfacet
  facet normal 0 0.500001 -0.866025
    outer loop
      vertex 50.1 63.7034 51.7792
      vertex 65.375 65.375 52.7443
      vertex 64.1 63.7034 51.7792
    endloop
  endfacet
  facet normal 0 0.500001 -0.866025
    outer loop
      vertex 50.1 63.7034 51.7792
      vertex 48.825 65.375 52.7443
      vertex 65.375 65.375 52.7443
    endloop
  endfacet
  facet normal 2.13278e-06 0.500002 -0.866024
    outer loop
      vertex 50.1 51.5791 44.7792
      vertex 48.825 65.375 52.7443
      vertex 50.1 63.7034 51.7792
    endloop
  endfacet
  facet normal -7.33327e-06 0.500002 -0.866024
    outer loop
      vertex 46.325 29.775 32.1906
      vertex 45.05 32.5291 33.7807
      vertex 46.325 46.325 41.7458
    endloop
  endfacet
  facet normal 0 0.500005 -0.866023
    outer loop
      vertex 46.325 29.775 32.1906
      vertex 31.05 32.5291 33.7807
      vertex 45.05 32.5291 33.7807
    endloop
  endfacet
  facet normal 7.33327e-06 0.500002 -0.866024
    outer loop
      vertex 29.775 46.325 41.7458
      vertex 31.05 32.5291 33.7807
      vertex 29.775 29.775 32.1906
    endloop
  endfacet
  facet normal 0 0.500005 -0.866023
    outer loop
      vertex 29.775 29.775 32.1906
      vertex 31.05 32.5291 33.7807
      vertex 46.325 29.775 32.1906
    endloop
  endfacet
  facet normal -2.13278e-06 0.500002 -0.866024
    outer loop
      vertex 45.05 44.6534 40.7807
      vertex 46.325 46.325 41.7458
      vertex 45.05 32.5291 33.7807
    endloop
  endfacet
  facet normal 0 0.500001 -0.866025
    outer loop
      vertex 31.05 44.6534 40.7807
      vertex 46.325 46.325 41.7458
      vertex 45.05 44.6534 40.7807
    endloop
  endfacet
  facet normal 0 0.500001 -0.866025
    outer loop
      vertex 31.05 44.6534 40.7807
      vertex 29.775 46.325 41.7458
      vertex 46.325 46.325 41.7458
    endloop
  endfacet
  facet normal 2.13278e-06 0.500002 -0.866024
    outer loop
      vertex 31.05 32.5291 33.7807
      vertex 29.775 46.325 41.7458
      vertex 31.05 44.6534 40.7807
    endloop
  endfacet
  facet normal -7.33327e-06 0.500002 -0.866024
    outer loop
      vertex 65.375 29.775 32.1906
      vertex 64.1 32.5291 33.7807
      vertex 65.375 46.325 41.7458
    endloop
  endfacet
  facet normal 0 0.500005 -0.866023
    outer loop
      vertex 65.375 29.775 32.1906
      vertex 50.1 32.5291 33.7807
      vertex 64.1 32.5291 33.7807
    endloop
  endfacet
  facet normal 7.33327e-06 0.500002 -0.866024
    outer loop
      vertex 48.825 46.325 41.7458
      vertex 50.1 32.5291 33.7807
      vertex 48.825 29.775 32.1906
    endloop
  endfacet
  facet normal 0 0.500005 -0.866023
    outer loop
      vertex 48.825 29.775 32.1906
      vertex 50.1 32.5291 33.7807
      vertex 65.375 29.775 32.1906
    endloop
  endfacet
  facet normal -2.13278e-06 0.500002 -0.866024
    outer loop
      vertex 64.1 44.6534 40.7807
      vertex 65.375 46.325 41.7458
      vertex 64.1 32.5291 33.7807
    endloop
  endfacet
  facet normal 0 0.500001 -0.866025
    outer loop
      vertex 50.1 44.6534 40.7807
      vertex 65.375 46.325 41.7458
      vertex 64.1 44.6534 40.7807
    endloop
  endfacet
  facet normal 0 0.500001 -0.866025
    outer loop
      vertex 50.1 44.6534 40.7807
      vertex 48.825 46.325 41.7458
      vertex 65.375 46.325 41.7458
    endloop
  endfacet
  facet normal 2.13278e-06 0.500002 -0.866024
    outer loop
      vertex 50.1 32.5291 33.7807
      vertex 48.825 46.325 41.7458
      vertex 50.1 44.6534 40.7807
    endloop
  endfacet
  facet normal 0 1 0
    outer loop
      vertex 107.4 89 68.3842
      vertex 88.575 89 66.4708
      vertex 88.575 89 68.3842
    endloop
  endfacet
  facet normal 0 0 0
    outer loop
      vertex 88.575 89 66.4708
      vertex 38.575 89 66.4708
      vertex 78.575 89 66.4708
    endloop
  endfacet
  facet normal 0 0 0
    outer loop
      vertex 88.575 89 66.4708
      vertex 28.575 89 66.4708
      vertex 38.575 89 66.4708
    endloop
  endfacet
  facet normal 0 1 0
    outer loop
      vertex 88.575 89 66.4708
      vertex 107.4 89 66.3842
      vertex 28.575 89 66.4708
    endloop
  endfacet
  facet normal 0 1 -0
    outer loop
      vertex 107.4 89 66.3842
      vertex 88.575 89 66.4708
      vertex 107.4 89 68.3842
    endloop
  endfacet
  facet normal 0 1 -0
    outer loop
      vertex 78.575 89 66.4708
      vertex 38.575 89 68.3842
      vertex 78.575 89 68.3842
    endloop
  endfacet
  facet normal 0 1 0
    outer loop
      vertex 38.575 89 68.3842
      vertex 78.575 89 66.4708
      vertex 38.575 89 66.4708
    endloop
  endfacet
  facet normal 0 1 -0
    outer loop
      vertex 28.575 89 66.4708
      vertex 9.74999 89 68.3842
      vertex 28.575 89 68.3842
    endloop
  endfacet
  facet normal 0 1 0
    outer loop
      vertex 28.575 89 66.4708
      vertex 9.74999 89 66.3842
      vertex 9.74999 89 68.3842
    endloop
  endfacet
  facet normal 0 1 0
    outer loop
      vertex 9.74999 89 66.3842
      vertex 28.575 89 66.4708
      vertex 107.4 89 66.3842
    endloop
  endfacet
  facet normal -1 0 0
    outer loop
      vertex 6.15 9.74999 20.6292
      vertex 6.15 19.1109 28.0337
      vertex 6.15 22.575 28.0337
    endloop
  endfacet
  facet normal -1 0 0
    outer loop
      vertex 6.15 19.1109 28.0337
      vertex 6.15 9.74999 20.6292
      vertex 6.15 9.74999 22.6292
    endloop
  endfacet
  facet normal -1 0 0
    outer loop
      vertex 6.15 27.575 32.9204
      vertex 6.15 85.4 64.3057
      vertex 6.15 27.575 30.9204
    endloop
  endfacet
  facet normal -1 -0 0
    outer loop
      vertex 6.15 85.4 64.3057
      vertex 6.15 27.575 32.9204
      vertex 6.15 85.4 66.3057
    endloop
  endfacet
  facet normal 0.707106 -0.707108 0
    outer loop
      vertex 107.4 6.15 20.5507
      vertex 111 9.74999 20.6292
      vertex 111 9.74999 22.6292
    endloop
  endfacet
  facet normal 0.707106 -0.707108 0
    outer loop
      vertex 111 9.74999 20.6292
      vertex 107.4 6.15 20.5507
      vertex 107.4 6.15 18.5507
    endloop
  endfacet
  facet normal 4.92127e-06 -0.5 0.866025
    outer loop
      vertex 101.62 47.6459 44.5084
      vertex 111 27.575 32.9204
      vertex 111 85.4 66.3057
    endloop
  endfacet
  facet normal -0.000230883 -0.500083 0.865978
    outer loop
      vertex 101.65 47.2502 44.2799
      vertex 111 27.575 32.9204
      vertex 101.62 47.6459 44.5084
    endloop
  endfacet
  facet normal 8.25206e-06 -0.500001 0.866025
    outer loop
      vertex 101.62 47.6459 44.5084
      vertex 111 85.4 66.3057
      vertex 107.4 89 68.3842
    endloop
  endfacet
  facet normal 0 -0.499998 0.866026
    outer loop
      vertex 110.5 19.1109 28.0337
      vertex 111 9.74999 22.6292
      vertex 111 19.1109 28.0337
    endloop
  endfacet
  facet normal 1.91727e-06 -0.499998 0.866026
    outer loop
      vertex 101.181 17.1597 26.9072
      vertex 111 9.74999 22.6292
      vertex 110.5 19.1109 28.0337
    endloop
  endfacet
  facet normal 5.08819e-07 -0.5 0.866025
    outer loop
      vertex 101.62 46.8546 44.0515
      vertex 111 27.575 32.9204
      vertex 101.65 47.2502 44.2799
    endloop
  endfacet
  facet normal -3.26236e-06 -0.5 0.866025
    outer loop
      vertex 101.62 75.4296 60.5493
      vertex 107.4 89 68.3842
      vertex 101.65 75.8252 60.7777
    endloop
  endfacet
  facet normal -0.000248981 -0.49992 0.866072
    outer loop
      vertex 107.4 89 68.3842
      vertex 101.62 76.2209 61.0061
      vertex 101.65 75.8252 60.7777
    endloop
  endfacet
  facet normal 0.000404388 -0.500141 0.865944
    outer loop
      vertex 107.4 89 68.3842
      vertex 101.531 76.6097 61.2307
      vertex 101.62 76.2209 61.0061
    endloop
  endfacet
  facet normal -0.000249858 -0.499909 0.866078
    outer loop
      vertex 107.4 89 68.3842
      vertex 101.384 76.9852 61.4474
      vertex 101.531 76.6097 61.2307
    endloop
  endfacet
  facet normal -1.65779e-05 -0.499997 0.866027
    outer loop
      vertex 107.4 89 68.3842
      vertex 101.181 77.3408 61.6527
      vertex 101.384 76.9852 61.4474
    endloop
  endfacet
  facet normal 0.000208972 -0.500087 0.865975
    outer loop
      vertex 107.4 89 68.3842
      vertex 100.927 77.6704 61.8431
      vertex 101.181 77.3408 61.6527
    endloop
  endfacet
  facet normal -1.25831e-05 -0.499992 0.86603
    outer loop
      vertex 107.4 89 68.3842
      vertex 100.625 77.9685 62.0152
      vertex 100.927 77.6704 61.8431
    endloop
  endfacet
  facet normal -0.000130714 -0.499937 0.866061
    outer loop
      vertex 107.4 89 68.3842
      vertex 100.281 78.23 62.1661
      vertex 100.625 77.9685 62.0152
    endloop
  endfacet
  facet normal 0.000109701 -0.500057 0.865993
    outer loop
      vertex 107.4 89 68.3842
      vertex 99.9 78.4502 62.2933
      vertex 100.281 78.23 62.1661
    endloop
  endfacet
  facet normal -0.00010798 -0.499941 0.86606
    outer loop
      vertex 107.4 89 68.3842
      vertex 99.4894 78.6256 62.3945
      vertex 99.9 78.4502 62.2933
    endloop
  endfacet
  facet normal 7.36297e-05 -0.500044 0.866
    outer loop
      vertex 107.4 89 68.3842
      vertex 99.0559 78.753 62.4681
      vertex 99.4894 78.6256 62.3945
    endloop
  endfacet
  facet normal 2.22389e-05 -0.500013 0.866018
    outer loop
      vertex 107.4 89 68.3842
      vertex 98.6068 78.8304 62.5128
      vertex 99.0559 78.753 62.4681
    endloop
  endfacet
  facet normal -9.63627e-05 -0.499936 0.866062
    outer loop
      vertex 107.4 89 68.3842
      vertex 98.15 78.8563 62.5277
      vertex 98.6068 78.8304 62.5128
    endloop
  endfacet
  facet normal -1.09776e-06 -0.500001 0.866025
    outer loop
      vertex 88.575 88.5 68.0955
      vertex 98.15 78.8563 62.5277
      vertex 107.4 89 68.3842
    endloop
  endfacet
  facet normal 9.5832e-05 -0.499929 0.866066
    outer loop
      vertex 98.15 78.8563 62.5277
      vertex 88.575 88.5 68.0955
      vertex 97.6932 78.8304 62.5128
    endloop
  endfacet
  facet normal -2.23248e-05 -0.500013 0.866018
    outer loop
      vertex 97.6932 78.8304 62.5128
      vertex 88.575 88.5 68.0955
      vertex 97.2441 78.753 62.4681
    endloop
  endfacet
  facet normal -7.2864e-05 -0.500046 0.865999
    outer loop
      vertex 97.2441 78.753 62.4681
      vertex 88.575 88.5 68.0955
      vertex 96.8106 78.6256 62.3945
    endloop
  endfacet
  facet normal 0.000104911 -0.499935 0.866063
    outer loop
      vertex 96.8106 78.6256 62.3945
      vertex 88.575 88.5 68.0955
      vertex 96.4 78.4502 62.2933
    endloop
  endfacet
  facet normal -0.000107701 -0.500059 0.865991
    outer loop
      vertex 96.4 78.4502 62.2933
      vertex 88.575 88.5 68.0955
      vertex 96.0193 78.23 62.1661
    endloop
  endfacet
  facet normal -1.80882e-05 -0.500041 0.866002
    outer loop
      vertex 94.7693 48.0347 44.7329
      vertex 83.15 50.7131 46.2792
      vertex 94.6799 47.6459 44.5084
    endloop
  endfacet
  facet normal -0.000121107 -0.50019 0.865916
    outer loop
      vertex 94.7693 76.6097 61.2307
      vertex 83.15 81.8874 64.2777
      vertex 94.6799 76.2209 61.0061
    endloop
  endfacet
  facet normal 7.93592e-05 -0.499859 0.866107
    outer loop
      vertex 94.9164 76.9852 61.4474
      vertex 83.15 81.8874 64.2777
      vertex 94.7693 76.6097 61.2307
    endloop
  endfacet
  facet normal 5.52391e-06 -0.499992 0.86603
    outer loop
      vertex 95.1189 77.3408 61.6527
      vertex 83.15 81.8874 64.2777
      vertex 94.9164 76.9852 61.4474
    endloop
  endfacet
  facet normal -8.02246e-05 -0.500161 0.865932
    outer loop
      vertex 95.3733 77.6704 61.8431
      vertex 83.15 81.8874 64.2777
      vertex 95.1189 77.3408 61.6527
    endloop
  endfacet
  facet normal -5.23299e-06 -0.499998 0.866026
    outer loop
      vertex 83.15 81.8874 64.2777
      vertex 95.3733 77.6704 61.8431
      vertex 88.575 88.5 68.0955
    endloop
  endfacet
  facet normal 1.08406e-05 -0.499991 0.866031
    outer loop
      vertex 95.6751 77.9685 62.0152
      vertex 88.575 88.5 68.0955
      vertex 95.3733 77.6704 61.8431
    endloop
  endfacet
  facet normal 0.000125621 -0.499933 0.866064
    outer loop
      vertex 96.0193 78.23 62.1661
      vertex 88.575 88.5 68.0955
      vertex 95.6751 77.9685 62.0152
    endloop
  endfacet
  facet normal 0 -0.500032 0.866007
    outer loop
      vertex 88.575 88.5 68.0955
      vertex 107.4 89 68.3842
      vertex 88.575 89 68.3842
    endloop
  endfacet
  facet normal 1.52266e-06 -0.499998 0.866026
    outer loop
      vertex 6.15 9.74999 22.6292
      vertex 12 12.6131 24.2822
      vertex 6.65 19.1109 28.0337
    endloop
  endfacet
  facet normal 0 -0.499998 0.866026
    outer loop
      vertex 6.15 9.74999 22.6292
      vertex 6.65 19.1109 28.0337
      vertex 6.15 19.1109 28.0337
    endloop
  endfacet
  facet normal 5.26412e-06 -0.500004 0.866023
    outer loop
      vertex 12 12.6131 24.2822
      vertex 6.15 9.74999 22.6292
      vertex 9.74999 6.15 20.5507
    endloop
  endfacet
  facet normal 0 -0.499995 0.866028
    outer loop
      vertex 12 31.6631 35.2807
      vertex 26 24.7374 31.2822
      vertex 26 31.6631 35.2807
    endloop
  endfacet
  facet normal 0 -0.499995 0.866028
    outer loop
      vertex 26 24.7374 31.2822
      vertex 12 31.6631 35.2807
      vertex 12 24.7374 31.2822
    endloop
  endfacet
  facet normal 0 -0.499995 0.866028
    outer loop
      vertex 12 50.7131 46.2792
      vertex 26 43.7874 42.2807
      vertex 26 50.7131 46.2792
    endloop
  endfacet
  facet normal 0 -0.499995 0.866028
    outer loop
      vertex 26 43.7874 42.2807
      vertex 12 50.7131 46.2792
      vertex 12 43.7874 42.2807
    endloop
  endfacet
  facet normal 0 -0.499995 0.866028
    outer loop
      vertex 12 69.7631 57.2777
      vertex 26 62.8374 53.2792
      vertex 26 69.7631 57.2777
    endloop
  endfacet
  facet normal 0 -0.499995 0.866028
    outer loop
      vertex 26 62.8374 53.2792
      vertex 12 69.7631 57.2777
      vertex 12 62.8374 53.2792
    endloop
  endfacet
  facet normal 0 -0.500032 0.866007
    outer loop
      vertex 9.74999 89 68.3842
      vertex 28.575 88.5 68.0955
      vertex 28.575 89 68.3842
    endloop
  endfacet
  facet normal -1.08063e-05 -0.5 0.866025
    outer loop
      vertex 28.575 88.5 68.0955
      vertex 26 50.7131 46.2792
      vertex 28.575 6.65 20.8394
    endloop
  endfacet
  facet normal 1.31651e-06 -0.500002 0.866024
    outer loop
      vertex 28.575 88.5 68.0955
      vertex 26 81.8874 64.2777
      vertex 26 69.7631 57.2777
    endloop
  endfacet
  facet normal 1.08534e-06 -0.500002 0.866024
    outer loop
      vertex 28.575 88.5 68.0955
      vertex 9.74999 89 68.3842
      vertex 26 81.8874 64.2777
    endloop
  endfacet
  facet normal -1.46032e-06 -0.500002 0.866024
    outer loop
      vertex 6.15 85.4 66.3057
      vertex 12 69.7631 57.2777
      vertex 12 81.8874 64.2777
    endloop
  endfacet
  facet normal 2.29774e-05 -0.499995 0.866028
    outer loop
      vertex 12 69.7631 57.2777
      vertex 6.15 85.4 66.3057
      vertex 12 62.8374 53.2792
    endloop
  endfacet
  facet normal -1.22839e-05 -0.500002 0.866024
    outer loop
      vertex 12 62.8374 53.2792
      vertex 6.15 85.4 66.3057
      vertex 12 50.7131 46.2792
    endloop
  endfacet
  facet normal -5.12202e-07 -0.5 0.866025
    outer loop
      vertex 6.15 27.575 32.9204
      vertex 12 50.7131 46.2792
      vertex 6.15 85.4 66.3057
    endloop
  endfacet
  facet normal -2.88206e-05 -0.499995 0.866028
    outer loop
      vertex 12 50.7131 46.2792
      vertex 6.15 27.575 32.9204
      vertex 12 43.7874 42.2807
    endloop
  endfacet
  facet normal -1.07951e-05 -0.499995 0.866028
    outer loop
      vertex 12 31.6631 35.2807
      vertex 6.65 27.575 32.9204
      vertex 12 24.7374 31.2822
    endloop
  endfacet
  facet normal -3.57403e-06 -0.500004 0.866023
    outer loop
      vertex 6.15 85.4 66.3057
      vertex 12 81.8874 64.2777
      vertex 9.74999 89 68.3842
    endloop
  endfacet
  facet normal 0 -0.500004 0.866023
    outer loop
      vertex 26 81.8874 64.2777
      vertex 9.74999 89 68.3842
      vertex 12 81.8874 64.2777
    endloop
  endfacet
  facet normal -6.52087e-05 -0.499995 0.866028
    outer loop
      vertex 28.575 88.5 68.0955
      vertex 26 69.7631 57.2777
      vertex 26 62.8374 53.2792
    endloop
  endfacet
  facet normal 2.59061e-05 -0.500002 0.866024
    outer loop
      vertex 28.575 88.5 68.0955
      vertex 26 62.8374 53.2792
      vertex 26 50.7131 46.2792
    endloop
  endfacet
  facet normal 0.000102829 -0.499995 0.866028
    outer loop
      vertex 26 43.7874 42.2807
      vertex 28.575 6.65 20.8394
      vertex 26 50.7131 46.2792
    endloop
  endfacet
  facet normal -2.90267e-05 -0.500002 0.866024
    outer loop
      vertex 26 31.6631 35.2807
      vertex 28.575 6.65 20.8394
      vertex 26 43.7874 42.2807
    endloop
  endfacet
  facet normal 5.9782e-05 -0.499995 0.866028
    outer loop
      vertex 26 24.7374 31.2822
      vertex 28.575 6.65 20.8394
      vertex 26 31.6631 35.2807
    endloop
  endfacet
  facet normal -4.43719e-06 -0.500002 0.866024
    outer loop
      vertex 26 12.6131 24.2822
      vertex 28.575 6.65 20.8394
      vertex 26 24.7374 31.2822
    endloop
  endfacet
  facet normal -9.88559e-05 -0.500032 0.866007
    outer loop
      vertex 28.575 6.65 20.8394
      vertex 26 12.6131 24.2822
      vertex 28.575 6.15 20.5507
    endloop
  endfacet
  facet normal 0 -0.500003 0.866024
    outer loop
      vertex 9.74999 6.15 20.5507
      vertex 26 12.6131 24.2822
      vertex 12 12.6131 24.2822
    endloop
  endfacet
  facet normal 0 -0.500003 0.866024
    outer loop
      vertex 26 12.6131 24.2822
      vertex 9.74999 6.15 20.5507
      vertex 28.575 6.15 20.5507
    endloop
  endfacet
  facet normal -1.1691e-05 -0.499996 0.866028
    outer loop
      vertex 6.65 19.1109 28.0337
      vertex 12 24.7374 31.2822
      vertex 6.65 27.575 32.9204
    endloop
  endfacet
  facet normal -3.85248e-06 -0.500002 0.866024
    outer loop
      vertex 12 24.7374 31.2822
      vertex 6.65 19.1109 28.0337
      vertex 12 12.6131 24.2822
    endloop
  endfacet
  facet normal -3.48341e-06 -0.500002 0.866024
    outer loop
      vertex 12 43.7874 42.2807
      vertex 6.15 27.575 32.9204
      vertex 12 31.6631 35.2807
    endloop
  endfacet
  facet normal 0 -0.500005 0.866022
    outer loop
      vertex 12 31.6631 35.2807
      vertex 6.15 27.575 32.9204
      vertex 6.65 27.575 32.9204
    endloop
  endfacet
  facet normal 0 -0.5 0.866025
    outer loop
      vertex 31.05 12.6131 24.2822
      vertex 38.575 6.65 20.8394
      vertex 45.05 12.6131 24.2822
    endloop
  endfacet
  facet normal 0 -0.5 0.866025
    outer loop
      vertex 31.05 12.6131 24.2822
      vertex 28.575 6.65 20.8394
      vertex 38.575 6.65 20.8394
    endloop
  endfacet
  facet normal 4.61647e-06 -0.500002 0.866024
    outer loop
      vertex 31.05 24.7374 31.2822
      vertex 28.575 6.65 20.8394
      vertex 31.05 12.6131 24.2822
    endloop
  endfacet
  facet normal 0 -0.499995 0.866028
    outer loop
      vertex 31.05 31.6631 35.2807
      vertex 45.05 24.7374 31.2822
      vertex 45.05 31.6631 35.2807
    endloop
  endfacet
  facet normal 0 -0.499995 0.866028
    outer loop
      vertex 45.05 24.7374 31.2822
      vertex 31.05 31.6631 35.2807
      vertex 31.05 24.7374 31.2822
    endloop
  endfacet
  facet normal 0 -0.499995 0.866028
    outer loop
      vertex 31.05 50.7131 46.2792
      vertex 45.05 43.7874 42.2807
      vertex 45.05 50.7131 46.2792
    endloop
  endfacet
  facet normal 0 -0.499995 0.866028
    outer loop
      vertex 45.05 43.7874 42.2807
      vertex 31.05 50.7131 46.2792
      vertex 31.05 43.7874 42.2807
    endloop
  endfacet
  facet normal 0 -0.499995 0.866028
    outer loop
      vertex 31.05 69.7631 57.2777
      vertex 45.05 62.8374 53.2792
      vertex 45.05 69.7631 57.2777
    endloop
  endfacet
  facet normal 0 -0.499995 0.866028
    outer loop
      vertex 45.05 62.8374 53.2792
      vertex 31.05 69.7631 57.2777
      vertex 31.05 62.8374 53.2792
    endloop
  endfacet
  facet normal 0 -0.499995 0.866028
    outer loop
      vertex 50.1 31.6631 35.2807
      vertex 64.1 24.7374 31.2822
      vertex 64.1 31.6631 35.2807
    endloop
  endfacet
  facet normal 0 -0.499995 0.866028
    outer loop
      vertex 64.1 24.7374 31.2822
      vertex 50.1 31.6631 35.2807
      vertex 50.1 24.7374 31.2822
    endloop
  endfacet
  facet normal 0 -0.499995 0.866028
    outer loop
      vertex 50.1 50.7131 46.2792
      vertex 64.1 43.7874 42.2807
      vertex 64.1 50.7131 46.2792
    endloop
  endfacet
  facet normal 0 -0.499995 0.866028
    outer loop
      vertex 64.1 43.7874 42.2807
      vertex 50.1 50.7131 46.2792
      vertex 50.1 43.7874 42.2807
    endloop
  endfacet
  facet normal 0 -0.499995 0.866028
    outer loop
      vertex 50.1 69.7631 57.2777
      vertex 64.1 62.8374 53.2792
      vertex 64.1 69.7631 57.2777
    endloop
  endfacet
  facet normal 0 -0.499995 0.866028
    outer loop
      vertex 64.1 62.8374 53.2792
      vertex 50.1 69.7631 57.2777
      vertex 50.1 62.8374 53.2792
    endloop
  endfacet
  facet normal 2.89655e-05 -0.500032 0.866007
    outer loop
      vertex 78.575 89 68.3842
      vertex 69.15 81.8874 64.2777
      vertex 78.575 88.5 68.0955
    endloop
  endfacet
  facet normal 0 -0.500002 0.866024
    outer loop
      vertex 64.1 69.7631 57.2777
      vertex 69.15 69.7631 57.2777
      vertex 69.15 81.8874 64.2777
    endloop
  endfacet
  facet normal 0 -0.499995 0.866028
    outer loop
      vertex 69.15 69.7631 57.2777
      vertex 64.1 69.7631 57.2777
      vertex 69.15 62.8374 53.2792
    endloop
  endfacet
  facet normal 0 -0.500002 0.866024
    outer loop
      vertex 69.15 62.8374 53.2792
      vertex 64.1 62.8374 53.2792
      vertex 69.15 50.7131 46.2792
    endloop
  endfacet
  facet normal 0 -0.500002 0.866024
    outer loop
      vertex 64.1 50.7131 46.2792
      vertex 69.15 50.7131 46.2792
      vertex 64.1 62.8374 53.2792
    endloop
  endfacet
  facet normal 0 -0.499995 0.866028
    outer loop
      vertex 64.1 43.7874 42.2807
      vertex 69.15 43.7874 42.2807
      vertex 64.1 50.7131 46.2792
    endloop
  endfacet
  facet normal 0 -0.500002 0.866024
    outer loop
      vertex 69.15 43.7874 42.2807
      vertex 64.1 43.7874 42.2807
      vertex 69.15 31.6631 35.2807
    endloop
  endfacet
  facet normal 0 -0.500002 0.866024
    outer loop
      vertex 64.1 69.7631 57.2777
      vertex 69.15 81.8874 64.2777
      vertex 64.1 81.8874 64.2777
    endloop
  endfacet
  facet normal 0 -0.500004 0.866023
    outer loop
      vertex 78.575 89 68.3842
      vertex 64.1 81.8874 64.2777
      vertex 69.15 81.8874 64.2777
    endloop
  endfacet
  facet normal 0 -0.500004 0.866023
    outer loop
      vertex 38.575 89 68.3842
      vertex 64.1 81.8874 64.2777
      vertex 78.575 89 68.3842
    endloop
  endfacet
  facet normal 0 -0.500002 0.866024
    outer loop
      vertex 45.05 69.7631 57.2777
      vertex 50.1 69.7631 57.2777
      vertex 50.1 81.8874 64.2777
    endloop
  endfacet
  facet normal 0 -0.499995 0.866028
    outer loop
      vertex 50.1 69.7631 57.2777
      vertex 45.05 69.7631 57.2777
      vertex 50.1 62.8374 53.2792
    endloop
  endfacet
  facet normal 0 -0.500002 0.866024
    outer loop
      vertex 50.1 62.8374 53.2792
      vertex 45.05 62.8374 53.2792
      vertex 50.1 50.7131 46.2792
    endloop
  endfacet
  facet normal 0 -0.500002 0.866024
    outer loop
      vertex 45.05 50.7131 46.2792
      vertex 50.1 50.7131 46.2792
      vertex 45.05 62.8374 53.2792
    endloop
  endfacet
  facet normal 0 -0.499995 0.866028
    outer loop
      vertex 45.05 43.7874 42.2807
      vertex 50.1 43.7874 42.2807
      vertex 45.05 50.7131 46.2792
    endloop
  endfacet
  facet normal 0 -0.500002 0.866024
    outer loop
      vertex 50.1 43.7874 42.2807
      vertex 45.05 43.7874 42.2807
      vertex 50.1 31.6631 35.2807
    endloop
  endfacet
  facet normal 0 -0.500002 0.866024
    outer loop
      vertex 45.05 69.7631 57.2777
      vertex 50.1 81.8874 64.2777
      vertex 45.05 81.8874 64.2777
    endloop
  endfacet
  facet normal 0 -0.500004 0.866023
    outer loop
      vertex 64.1 81.8874 64.2777
      vertex 38.575 89 68.3842
      vertex 50.1 81.8874 64.2777
    endloop
  endfacet
  facet normal 0 -0.500004 0.866023
    outer loop
      vertex 50.1 81.8874 64.2777
      vertex 38.575 89 68.3842
      vertex 45.05 81.8874 64.2777
    endloop
  endfacet
  facet normal -4.21622e-05 -0.500032 0.866007
    outer loop
      vertex 38.575 88.5 68.0955
      vertex 45.05 81.8874 64.2777
      vertex 38.575 89 68.3842
    endloop
  endfacet
  facet normal 0 -0.500001 0.866025
    outer loop
      vertex 38.575 88.5 68.0955
      vertex 31.05 81.8874 64.2777
      vertex 45.05 81.8874 64.2777
    endloop
  endfacet
  facet normal -1.3697e-06 -0.500002 0.866024
    outer loop
      vertex 28.575 88.5 68.0955
      vertex 31.05 69.7631 57.2777
      vertex 31.05 81.8874 64.2777
    endloop
  endfacet
  facet normal 6.78434e-05 -0.499995 0.866028
    outer loop
      vertex 31.05 69.7631 57.2777
      vertex 28.575 88.5 68.0955
      vertex 31.05 62.8374 53.2792
    endloop
  endfacet
  facet normal -2.69528e-05 -0.500002 0.866024
    outer loop
      vertex 31.05 62.8374 53.2792
      vertex 28.575 88.5 68.0955
      vertex 31.05 50.7131 46.2792
    endloop
  endfacet
  facet normal 0.00011263 -0.499995 0.866028
    outer loop
      vertex 31.05 50.7131 46.2792
      vertex 28.575 88.5 68.0955
      vertex 31.05 43.7874 42.2807
    endloop
  endfacet
  facet normal -7.33959e-06 -0.5 0.866025
    outer loop
      vertex 28.575 6.65 20.8394
      vertex 31.05 43.7874 42.2807
      vertex 28.575 88.5 68.0955
    endloop
  endfacet
  facet normal 3.01995e-05 -0.500002 0.866024
    outer loop
      vertex 31.05 43.7874 42.2807
      vertex 28.575 6.65 20.8394
      vertex 31.05 31.6631 35.2807
    endloop
  endfacet
  facet normal -6.21974e-05 -0.499995 0.866028
    outer loop
      vertex 31.05 31.6631 35.2807
      vertex 28.575 6.65 20.8394
      vertex 31.05 24.7374 31.2822
    endloop
  endfacet
  facet normal 0 -0.500001 0.866025
    outer loop
      vertex 28.575 88.5 68.0955
      vertex 31.05 81.8874 64.2777
      vertex 38.575 88.5 68.0955
    endloop
  endfacet
  facet normal 0 -0.499995 0.866028
    outer loop
      vertex 69.15 31.6631 35.2807
      vertex 83.15 24.7374 31.2822
      vertex 83.15 31.6631 35.2807
    endloop
  endfacet
  facet normal 0 -0.499995 0.866028
    outer loop
      vertex 83.15 24.7374 31.2822
      vertex 69.15 31.6631 35.2807
      vertex 69.15 24.7374 31.2822
    endloop
  endfacet
  facet normal 0 -0.499995 0.866028
    outer loop
      vertex 69.15 50.7131 46.2792
      vertex 83.15 43.7874 42.2807
      vertex 83.15 50.7131 46.2792
    endloop
  endfacet
  facet normal 0 -0.499995 0.866028
    outer loop
      vertex 83.15 43.7874 42.2807
      vertex 69.15 50.7131 46.2792
      vertex 69.15 43.7874 42.2807
    endloop
  endfacet
  facet normal 0 -0.499995 0.866028
    outer loop
      vertex 69.15 69.7631 57.2777
      vertex 83.15 62.8374 53.2792
      vertex 83.15 69.7631 57.2777
    endloop
  endfacet
  facet normal 0 -0.499995 0.866028
    outer loop
      vertex 83.15 62.8374 53.2792
      vertex 69.15 69.7631 57.2777
      vertex 69.15 62.8374 53.2792
    endloop
  endfacet
  facet normal -6.99331e-06 -0.499995 0.866028
    outer loop
      vertex 94.65 75.8252 60.7777
      vertex 83.15 69.7631 57.2777
      vertex 83.15 62.8374 53.2792
    endloop
  endfacet
  facet normal 0 -0.500001 0.866025
    outer loop
      vertex 78.575 88.5 68.0955
      vertex 83.15 81.8874 64.2777
      vertex 88.575 88.5 68.0955
    endloop
  endfacet
  facet normal 0 -0.500001 0.866025
    outer loop
      vertex 83.15 81.8874 64.2777
      vertex 78.575 88.5 68.0955
      vertex 69.15 81.8874 64.2777
    endloop
  endfacet
  facet normal -2.78435e-05 -0.500068 0.865986
    outer loop
      vertex 94.6799 47.6459 44.5084
      vertex 83.15 50.7131 46.2792
      vertex 94.65 47.2502 44.2799
    endloop
  endfacet
  facet normal 1.59145e-06 -0.499995 0.866028
    outer loop
      vertex 83.15 43.7874 42.2807
      vertex 94.65 47.2502 44.2799
      vertex 83.15 50.7131 46.2792
    endloop
  endfacet
  facet normal 4.34436e-06 -0.500002 0.866024
    outer loop
      vertex 83.15 31.6631 35.2807
      vertex 94.65 47.2502 44.2799
      vertex 83.15 43.7874 42.2807
    endloop
  endfacet
  facet normal -2.21461e-06 -0.499998 0.866027
    outer loop
      vertex 94.65 47.2502 44.2799
      vertex 83.15 31.6631 35.2807
      vertex 94.65 18.6752 27.7822
    endloop
  endfacet
  facet normal 2.64553e-06 -0.499995 0.866028
    outer loop
      vertex 83.15 24.7374 31.2822
      vertex 94.65 18.6752 27.7822
      vertex 83.15 31.6631 35.2807
    endloop
  endfacet
  facet normal -2.17392e-06 -0.500002 0.866024
    outer loop
      vertex 83.15 12.6131 24.2822
      vertex 94.65 18.6752 27.7822
      vertex 83.15 24.7374 31.2822
    endloop
  endfacet
  facet normal -2.15195e-06 -0.500002 0.866024
    outer loop
      vertex 94.65 18.6752 27.7822
      vertex 83.15 12.6131 24.2822
      vertex 88.575 6.65 20.8394
    endloop
  endfacet
  facet normal 0 -0.5 0.866025
    outer loop
      vertex 83.15 12.6131 24.2822
      vertex 78.575 6.65 20.8394
      vertex 88.575 6.65 20.8394
    endloop
  endfacet
  facet normal 0 -0.5 0.866025
    outer loop
      vertex 69.15 12.6131 24.2822
      vertex 78.575 6.65 20.8394
      vertex 83.15 12.6131 24.2822
    endloop
  endfacet
  facet normal -2.70084e-05 -0.500032 0.866007
    outer loop
      vertex 69.15 12.6131 24.2822
      vertex 78.575 6.15 20.5507
      vertex 78.575 6.65 20.8394
    endloop
  endfacet
  facet normal 0 -0.499995 0.866028
    outer loop
      vertex 69.15 62.8374 53.2792
      vertex 64.1 69.7631 57.2777
      vertex 64.1 62.8374 53.2792
    endloop
  endfacet
  facet normal 0 -0.499995 0.866028
    outer loop
      vertex 69.15 50.7131 46.2792
      vertex 64.1 50.7131 46.2792
      vertex 69.15 43.7874 42.2807
    endloop
  endfacet
  facet normal 0 -0.500002 0.866024
    outer loop
      vertex 64.1 31.6631 35.2807
      vertex 69.15 31.6631 35.2807
      vertex 64.1 43.7874 42.2807
    endloop
  endfacet
  facet normal 0 -0.499995 0.866028
    outer loop
      vertex 69.15 31.6631 35.2807
      vertex 64.1 31.6631 35.2807
      vertex 69.15 24.7374 31.2822
    endloop
  endfacet
  facet normal 0 -0.499995 0.866028
    outer loop
      vertex 64.1 24.7374 31.2822
      vertex 69.15 24.7374 31.2822
      vertex 64.1 31.6631 35.2807
    endloop
  endfacet
  facet normal 0 -0.500002 0.866024
    outer loop
      vertex 69.15 24.7374 31.2822
      vertex 64.1 24.7374 31.2822
      vertex 69.15 12.6131 24.2822
    endloop
  endfacet
  facet normal 0 -0.500002 0.866024
    outer loop
      vertex 64.1 12.6131 24.2822
      vertex 69.15 12.6131 24.2822
      vertex 64.1 24.7374 31.2822
    endloop
  endfacet
  facet normal 0 -0.500003 0.866024
    outer loop
      vertex 64.1 12.6131 24.2822
      vertex 78.575 6.15 20.5507
      vertex 69.15 12.6131 24.2822
    endloop
  endfacet
  facet normal 0 -0.500003 0.866024
    outer loop
      vertex 38.575 6.15 20.5507
      vertex 64.1 12.6131 24.2822
      vertex 50.1 12.6131 24.2822
    endloop
  endfacet
  facet normal 0 -0.499995 0.866028
    outer loop
      vertex 50.1 62.8374 53.2792
      vertex 45.05 69.7631 57.2777
      vertex 45.05 62.8374 53.2792
    endloop
  endfacet
  facet normal 0 -0.499995 0.866028
    outer loop
      vertex 50.1 50.7131 46.2792
      vertex 45.05 50.7131 46.2792
      vertex 50.1 43.7874 42.2807
    endloop
  endfacet
  facet normal 0 -0.500002 0.866024
    outer loop
      vertex 45.05 31.6631 35.2807
      vertex 50.1 31.6631 35.2807
      vertex 45.05 43.7874 42.2807
    endloop
  endfacet
  facet normal 0 -0.499995 0.866028
    outer loop
      vertex 50.1 31.6631 35.2807
      vertex 45.05 31.6631 35.2807
      vertex 50.1 24.7374 31.2822
    endloop
  endfacet
  facet normal 0 -0.499995 0.866028
    outer loop
      vertex 45.05 24.7374 31.2822
      vertex 50.1 24.7374 31.2822
      vertex 45.05 31.6631 35.2807
    endloop
  endfacet
  facet normal 0 -0.500002 0.866024
    outer loop
      vertex 50.1 24.7374 31.2822
      vertex 45.05 24.7374 31.2822
      vertex 50.1 12.6131 24.2822
    endloop
  endfacet
  facet normal 0 -0.500002 0.866024
    outer loop
      vertex 45.05 12.6131 24.2822
      vertex 50.1 12.6131 24.2822
      vertex 45.05 24.7374 31.2822
    endloop
  endfacet
  facet normal 0 -0.500003 0.866024
    outer loop
      vertex 38.575 6.15 20.5507
      vertex 50.1 12.6131 24.2822
      vertex 45.05 12.6131 24.2822
    endloop
  endfacet
  facet normal 3.93134e-05 -0.500032 0.866007
    outer loop
      vertex 38.575 6.15 20.5507
      vertex 45.05 12.6131 24.2822
      vertex 38.575 6.65 20.8394
    endloop
  endfacet
  facet normal 0 -0.500003 0.866024
    outer loop
      vertex 64.1 12.6131 24.2822
      vertex 38.575 6.15 20.5507
      vertex 78.575 6.15 20.5507
    endloop
  endfacet
  facet normal 0 -0.5 0.866026
    outer loop
      vertex 111 27.575 32.9204
      vertex 101.181 45.7347 43.4049
      vertex 110.5 27.575 32.9204
    endloop
  endfacet
  facet normal 1.61525e-05 -0.500169 0.865928
    outer loop
      vertex 101.636 18.4903 27.6754
      vertex 110.5 19.1109 28.0337
      vertex 101.65 18.6752 27.7822
    endloop
  endfacet
  facet normal -3.20731e-07 -0.500044 0.866
    outer loop
      vertex 101.62 19.0709 28.0106
      vertex 110.5 19.1109 28.0337
      vertex 101.531 19.4597 28.2351
    endloop
  endfacet
  facet normal -1.15066e-06 -0.499906 0.86608
    outer loop
      vertex 101.65 18.6752 27.7822
      vertex 110.5 19.1109 28.0337
      vertex 101.62 19.0709 28.0106
    endloop
  endfacet
  facet normal 0.000106916 -0.499959 0.866049
    outer loop
      vertex 100.927 45.405 43.2146
      vertex 110.5 27.575 32.9204
      vertex 101.181 45.7347 43.4049
    endloop
  endfacet
  facet normal 1.53015e-06 -0.500008 0.866021
    outer loop
      vertex 110.5 19.1109 28.0337
      vertex 101.384 19.8352 28.4519
      vertex 101.531 19.4597 28.2351
    endloop
  endfacet
  facet normal 1.66113e-05 -0.499995 0.866028
    outer loop
      vertex 100.625 45.1069 43.0425
      vertex 110.5 27.575 32.9204
      vertex 100.927 45.405 43.2146
    endloop
  endfacet
  facet normal 3.67445e-06 -0.499988 0.866032
    outer loop
      vertex 110.5 19.1109 28.0337
      vertex 101.181 20.1908 28.6572
      vertex 101.384 19.8352 28.4519
    endloop
  endfacet
  facet normal 3.552e-05 -0.499987 0.866033
    outer loop
      vertex 100.281 44.8455 42.8916
      vertex 110.5 27.575 32.9204
      vertex 100.625 45.1069 43.0425
    endloop
  endfacet
  facet normal 2.40473e-06 -0.499996 0.866028
    outer loop
      vertex 110.5 27.575 32.9204
      vertex 101.181 20.1908 28.6572
      vertex 110.5 19.1109 28.0337
    endloop
  endfacet
  facet normal -1.4929e-05 -0.500009 0.86602
    outer loop
      vertex 99.9 44.6252 42.7644
      vertex 110.5 27.575 32.9204
      vertex 100.281 44.8455 42.8916
    endloop
  endfacet
  facet normal 1.0948e-05 -0.500004 0.866023
    outer loop
      vertex 101.181 20.1908 28.6572
      vertex 110.5 27.575 32.9204
      vertex 100.927 20.5204 28.8475
    endloop
  endfacet
  facet normal -8.88494e-05 -0.499896 0.866085
    outer loop
      vertex 100.625 20.8185 29.0196
      vertex 110.5 27.575 32.9204
      vertex 100.281 21.08 29.1705
    endloop
  endfacet
  facet normal -6.05191e-06 -0.499987 0.866033
    outer loop
      vertex 100.927 20.5204 28.8475
      vertex 110.5 27.575 32.9204
      vertex 100.625 20.8185 29.0196
    endloop
  endfacet
  facet normal 1.69081e-05 -0.499994 0.866029
    outer loop
      vertex 99.4894 44.4499 42.6632
      vertex 110.5 27.575 32.9204
      vertex 99.9 44.6252 42.7644
    endloop
  endfacet
  facet normal 7.99143e-05 -0.500095 0.86597
    outer loop
      vertex 110.5 27.575 32.9204
      vertex 99.9 21.3002 29.2977
      vertex 100.281 21.08 29.1705
    endloop
  endfacet
  facet normal 2.12914e-05 -0.499992 0.86603
    outer loop
      vertex 99.0559 44.3224 42.5896
      vertex 110.5 27.575 32.9204
      vertex 99.4894 44.4499 42.6632
    endloop
  endfacet
  facet normal -8.04099e-05 -0.499892 0.866088
    outer loop
      vertex 110.5 27.575 32.9204
      vertex 99.4894 21.4756 29.3989
      vertex 99.9 21.3002 29.2977
    endloop
  endfacet
  facet normal -0.000121526 -0.500066 0.865988
    outer loop
      vertex 98.6068 44.2451 42.5449
      vertex 110.5 27.575 32.9204
      vertex 99.0559 44.3224 42.5896
    endloop
  endfacet
  facet normal 5.92193e-05 -0.500081 0.865979
    outer loop
      vertex 110.5 27.575 32.9204
      vertex 99.0559 21.603 29.4725
      vertex 99.4894 21.4756 29.3989
    endloop
  endfacet
  facet normal 2.88296e-06 -0.499999 0.866026
    outer loop
      vertex 98.6068 21.6804 29.5172
      vertex 110.5 27.575 32.9204
      vertex 98.6068 44.2451 42.5449
    endloop
  endfacet
  facet normal 1.96466e-05 -0.500024 0.866011
    outer loop
      vertex 110.5 27.575 32.9204
      vertex 98.6068 21.6804 29.5172
      vertex 99.0559 21.603 29.4725
    endloop
  endfacet
  facet normal -8.84774e-05 -0.499999 0.866026
    outer loop
      vertex 98.15 44.2192 42.5299
      vertex 98.6068 21.6804 29.5172
      vertex 98.6068 44.2451 42.5449
    endloop
  endfacet
  facet normal 8.86812e-05 -0.499996 0.866028
    outer loop
      vertex 98.15 44.2192 42.5299
      vertex 98.15 21.7063 29.5322
      vertex 98.6068 21.6804 29.5172
    endloop
  endfacet
  facet normal 8.86812e-05 -0.499996 0.866028
    outer loop
      vertex 97.6932 44.2451 42.5449
      vertex 98.15 21.7063 29.5322
      vertex 98.15 44.2192 42.5299
    endloop
  endfacet
  facet normal -8.84774e-05 -0.499999 0.866026
    outer loop
      vertex 97.6932 44.2451 42.5449
      vertex 97.6932 21.6804 29.5172
      vertex 98.15 21.7063 29.5322
    endloop
  endfacet
  facet normal 0.00013681 -0.499999 0.866026
    outer loop
      vertex 97.2441 44.3224 42.5896
      vertex 97.6932 21.6804 29.5172
      vertex 97.6932 44.2451 42.5449
    endloop
  endfacet
  facet normal -2.49233e-05 -0.500001 0.866025
    outer loop
      vertex 97.2441 44.3224 42.5896
      vertex 97.2441 21.603 29.4725
      vertex 97.6932 21.6804 29.5172
    endloop
  endfacet
  facet normal -2.48327e-05 -0.500001 0.866025
    outer loop
      vertex 96.8106 44.4499 42.6632
      vertex 97.2441 21.603 29.4725
      vertex 97.2441 44.3224 42.5896
    endloop
  endfacet
  facet normal -9.01436e-05 -0.500002 0.866024
    outer loop
      vertex 96.8106 44.4499 42.6632
      vertex 96.8106 21.4756 29.3989
      vertex 97.2441 21.603 29.4725
    endloop
  endfacet
  facet normal -2.13567e-05 -0.500002 0.866024
    outer loop
      vertex 96.4 44.6252 42.7644
      vertex 96.8106 21.4756 29.3989
      vertex 96.8106 44.4499 42.6632
    endloop
  endfacet
  facet normal 0.000141894 -0.5 0.866025
    outer loop
      vertex 96.4 44.6252 42.7644
      vertex 96.4 21.3002 29.2977
      vertex 96.8106 21.4756 29.3989
    endloop
  endfacet
  facet normal 2.20402e-05 -0.5 0.866025
    outer loop
      vertex 96.0193 44.8455 42.8916
      vertex 96.4 21.3002 29.2977
      vertex 96.4 44.6252 42.7644
    endloop
  endfacet
  facet normal -0.000151752 -0.500002 0.866024
    outer loop
      vertex 96.0193 44.8455 42.8916
      vertex 96.0193 21.08 29.1705
      vertex 96.4 21.3002 29.2977
    endloop
  endfacet
  facet normal -5.09858e-05 -0.500002 0.866024
    outer loop
      vertex 95.6751 45.1069 43.0425
      vertex 96.0193 21.08 29.1705
      vertex 96.0193 44.8455 42.8916
    endloop
  endfacet
  facet normal 0.000193589 -0.5 0.866026
    outer loop
      vertex 95.6751 45.1069 43.0425
      vertex 95.6751 20.8185 29.0196
      vertex 96.0193 21.08 29.1705
    endloop
  endfacet
  facet normal -2.27841e-05 -0.5 0.866026
    outer loop
      vertex 95.3733 45.405 43.2146
      vertex 95.6751 20.8185 29.0196
      vertex 95.6751 45.1069 43.0425
    endloop
  endfacet
  facet normal 2.22382e-05 -0.499999 0.866026
    outer loop
      vertex 95.3733 45.405 43.2146
      vertex 95.3733 20.5204 28.8475
      vertex 95.6751 20.8185 29.0196
    endloop
  endfacet
  facet normal -0.000176948 -0.499999 0.866026
    outer loop
      vertex 95.1189 45.7347 43.4049
      vertex 95.3733 20.5204 28.8475
      vertex 95.3733 45.405 43.2146
    endloop
  endfacet
  facet normal -2.16228e-05 -0.499998 0.866027
    outer loop
      vertex 95.1189 45.7347 43.4049
      vertex 95.1189 20.1908 28.6572
      vertex 95.3733 20.5204 28.8475
    endloop
  endfacet
  facet normal -1.99989e-05 -0.499998 0.866027
    outer loop
      vertex 94.9164 46.0903 43.6102
      vertex 95.1189 20.1908 28.6572
      vertex 95.1189 45.7347 43.4049
    endloop
  endfacet
  facet normal 1.94571e-05 -0.499998 0.866027
    outer loop
      vertex 94.9164 46.0903 43.6102
      vertex 94.9164 19.8352 28.4519
      vertex 95.1189 20.1908 28.6572
    endloop
  endfacet
  facet normal 0.000376685 -0.499998 0.866027
    outer loop
      vertex 94.7693 46.4657 43.827
      vertex 94.9164 19.8352 28.4519
      vertex 94.9164 46.0903 43.6102
    endloop
  endfacet
  facet normal -3.10324e-05 -0.499999 0.866026
    outer loop
      vertex 94.7693 46.4657 43.827
      vertex 94.7693 19.4597 28.2351
      vertex 94.9164 19.8352 28.4519
    endloop
  endfacet
  facet normal -0.000302353 -0.499999 0.866026
    outer loop
      vertex 94.6799 46.8546 44.0515
      vertex 94.7693 19.4597 28.2351
      vertex 94.7693 46.4657 43.827
    endloop
  endfacet
  facet normal -0.000257566 -0.499999 0.866026
    outer loop
      vertex 94.6799 46.8546 44.0515
      vertex 94.6799 19.0709 28.0106
      vertex 94.7693 19.4597 28.2351
    endloop
  endfacet
  facet normal 1.77639e-05 -0.499999 0.866026
    outer loop
      vertex 94.65 47.2502 44.2799
      vertex 94.6799 19.0709 28.0106
      vertex 94.6799 46.8546 44.0515
    endloop
  endfacet
  facet normal 0.00163181 -0.499997 0.866025
    outer loop
      vertex 94.6799 19.0709 28.0106
      vertex 94.65 47.2502 44.2799
      vertex 94.65 18.6752 27.7822
    endloop
  endfacet
  facet normal -0.000364573 -0.499885 0.866092
    outer loop
      vertex 101.531 75.0407 60.3248
      vertex 107.4 89 68.3842
      vertex 101.62 75.4296 60.5493
    endloop
  endfacet
  facet normal 9.92331e-05 -0.499964 0.866046
    outer loop
      vertex 101.531 46.4657 43.827
      vertex 111 27.575 32.9204
      vertex 101.62 46.8546 44.0515
    endloop
  endfacet
  facet normal -8.01725e-07 -0.499999 0.866026
    outer loop
      vertex 101.531 48.0347 44.7329
      vertex 107.4 89 68.3842
      vertex 101.531 75.0407 60.3248
    endloop
  endfacet
  facet normal 0.000158426 -0.500017 0.866016
    outer loop
      vertex 107.4 89 68.3842
      vertex 101.531 48.0347 44.7329
      vertex 101.62 47.6459 44.5084
    endloop
  endfacet
  facet normal -0.000943423 -0.499999 0.866025
    outer loop
      vertex 101.462 74.8652 60.2234
      vertex 101.531 48.0347 44.7329
      vertex 101.531 75.0407 60.3248
    endloop
  endfacet
  facet normal -0.000765059 -0.499999 0.866026
    outer loop
      vertex 101.462 74.8652 60.2234
      vertex 101.452 48.2347 44.8483
      vertex 101.531 48.0347 44.7329
    endloop
  endfacet
  facet normal 0.000134709 -0.499999 0.866026
    outer loop
      vertex 101.384 74.6653 60.108
      vertex 101.452 48.2347 44.8483
      vertex 101.462 74.8652 60.2234
    endloop
  endfacet
  facet normal -0.00031897 -0.5 0.866025
    outer loop
      vertex 101.384 74.6653 60.108
      vertex 101.384 48.4102 44.9496
      vertex 101.452 48.2347 44.8483
    endloop
  endfacet
  facet normal 0.000403987 -0.5 0.866025
    outer loop
      vertex 101.384 74.6653 60.108
      vertex 101.289 48.5764 45.0456
      vertex 101.384 48.4102 44.9496
    endloop
  endfacet
  facet normal 0.000402693 -0.5 0.866025
    outer loop
      vertex 101.276 74.4759 59.9987
      vertex 101.289 48.5764 45.0456
      vertex 101.384 74.6653 60.108
    endloop
  endfacet
  facet normal -0.000403287 -0.500001 0.866025
    outer loop
      vertex 101.181 74.3097 59.9027
      vertex 101.289 48.5764 45.0456
      vertex 101.276 74.4759 59.9987
    endloop
  endfacet
  facet normal -0.000403403 -0.500001 0.866025
    outer loop
      vertex 101.181 74.3097 59.9027
      vertex 101.181 48.7658 45.1549
      vertex 101.289 48.5764 45.0456
    endloop
  endfacet
  facet normal 0.000480313 -0.500001 0.866025
    outer loop
      vertex 101.181 74.3097 59.9027
      vertex 101.046 48.9413 45.2563
      vertex 101.181 48.7658 45.1549
    endloop
  endfacet
  facet normal 0.000177502 -0.499999 0.866026
    outer loop
      vertex 100.927 73.98 59.7124
      vertex 101.046 48.9413 45.2563
      vertex 101.181 74.3097 59.9027
    endloop
  endfacet
  facet normal -0.000200716 -0.500001 0.866025
    outer loop
      vertex 100.927 73.98 59.7124
      vertex 100.927 49.0955 45.3453
      vertex 101.046 48.9413 45.2563
    endloop
  endfacet
  facet normal -0.000153826 -0.500001 0.866025
    outer loop
      vertex 100.927 73.98 59.7124
      vertex 100.786 49.2348 45.4257
      vertex 100.927 49.0955 45.3453
    endloop
  endfacet
  facet normal 2.52138e-05 -0.500001 0.866025
    outer loop
      vertex 100.625 73.6819 59.5403
      vertex 100.786 49.2348 45.4257
      vertex 100.927 73.98 59.7124
    endloop
  endfacet
  facet normal 0.000401306 -0.5 0.866026
    outer loop
      vertex 100.625 73.6819 59.5403
      vertex 100.625 49.3935 45.5174
      vertex 100.786 49.2348 45.4257
    endloop
  endfacet
  facet normal 4.83532e-05 -0.5 0.866026
    outer loop
      vertex 100.281 73.4205 59.3894
      vertex 100.625 49.3935 45.5174
      vertex 100.625 73.6819 59.5403
    endloop
  endfacet
  facet normal -0.000196365 -0.500002 0.866024
    outer loop
      vertex 100.281 73.4205 59.3894
      vertex 100.281 49.655 45.6683
      vertex 100.625 49.3935 45.5174
    endloop
  endfacet
  facet normal -2.0398e-05 -0.500002 0.866024
    outer loop
      vertex 99.9 73.2002 59.2622
      vertex 100.281 49.655 45.6683
      vertex 100.281 73.4205 59.3894
    endloop
  endfacet
  facet normal 0.000153256 -0.5 0.866025
    outer loop
      vertex 99.9 73.2002 59.2622
      vertex 99.9 49.8752 45.7955
      vertex 100.281 49.655 45.6683
    endloop
  endfacet
  facet normal -0.000190796 -0.5 0.866025
    outer loop
      vertex 99.4894 73.0249 59.1609
      vertex 99.9 49.8752 45.7955
      vertex 99.9 73.2002 59.2622
    endloop
  endfacet
  facet normal -0.00014152 -0.499999 0.866026
    outer loop
      vertex 99.4894 73.0249 59.1609
      vertex 99.4894 50.0506 45.8967
      vertex 99.9 49.8752 45.7955
    endloop
  endfacet
  facet normal 0.000223864 -0.499999 0.866026
    outer loop
      vertex 99.0559 72.8974 59.0874
      vertex 99.4894 50.0506 45.8967
      vertex 99.4894 73.0249 59.1609
    endloop
  endfacet
  facet normal 9.05078e-05 -0.500001 0.866025
    outer loop
      vertex 99.0559 72.8974 59.0874
      vertex 99.0559 50.178 45.9703
      vertex 99.4894 50.0506 45.8967
    endloop
  endfacet
  facet normal -0.000136257 -0.500001 0.866025
    outer loop
      vertex 98.6068 72.8201 59.0427
      vertex 99.0559 50.178 45.9703
      vertex 99.0559 72.8974 59.0874
    endloop
  endfacet
  facet normal 2.54762e-05 -0.499999 0.866026
    outer loop
      vertex 98.6068 72.8201 59.0427
      vertex 98.6068 50.2554 46.015
      vertex 99.0559 50.178 45.9703
    endloop
  endfacet
  facet normal -8.84774e-05 -0.499999 0.866026
    outer loop
      vertex 98.15 72.7942 59.0277
      vertex 98.6068 50.2554 46.015
      vertex 98.6068 72.8201 59.0427
    endloop
  endfacet
  facet normal -0.000101122 -0.499999 0.866026
    outer loop
      vertex 98.15 72.7942 59.0277
      vertex 98.15 50.2813 46.0299
      vertex 98.6068 50.2554 46.015
    endloop
  endfacet
  facet normal 8.84629e-05 -0.499999 0.866026
    outer loop
      vertex 97.6932 72.8201 59.0427
      vertex 98.15 50.2813 46.0299
      vertex 98.15 72.7942 59.0277
    endloop
  endfacet
  facet normal 0.000101108 -0.499999 0.866026
    outer loop
      vertex 97.6932 72.8201 59.0427
      vertex 97.6932 50.2554 46.015
      vertex 98.15 50.2813 46.0299
    endloop
  endfacet
  facet normal 0.00013681 -0.499999 0.866026
    outer loop
      vertex 97.2441 72.8974 59.0874
      vertex 97.6932 50.2554 46.015
      vertex 97.6932 72.8201 59.0427
    endloop
  endfacet
  facet normal -2.49233e-05 -0.500001 0.866025
    outer loop
      vertex 97.2441 72.8974 59.0874
      vertex 97.2441 50.178 45.9703
      vertex 97.6932 50.2554 46.015
    endloop
  endfacet
  facet normal -0.000159707 -0.499836 0.86612
    outer loop
      vertex 83.15 62.8374 53.2792
      vertex 97.2441 72.8974 59.0874
      vertex 96.8106 73.0249 59.1609
    endloop
  endfacet
  facet normal -2.14493e-06 -0.500001 0.866025
    outer loop
      vertex 97.2441 72.8974 59.0874
      vertex 83.15 62.8374 53.2792
      vertex 97.2441 50.178 45.9703
    endloop
  endfacet
  facet normal 0.000122664 -0.50012 0.865956
    outer loop
      vertex 83.15 62.8374 53.2792
      vertex 96.8106 73.0249 59.1609
      vertex 96.4 73.2002 59.2622
    endloop
  endfacet
  facet normal -6.87212e-05 -0.500057 0.865993
    outer loop
      vertex 97.2441 50.178 45.9703
      vertex 83.15 62.8374 53.2792
      vertex 96.8106 50.0506 45.8967
    endloop
  endfacet
  facet normal 1.17663e-05 -0.500013 0.866018
    outer loop
      vertex 83.15 62.8374 53.2792
      vertex 96.4 73.2002 59.2622
      vertex 96.0193 73.4205 59.3894
    endloop
  endfacet
  facet normal 9.81269e-05 -0.499923 0.86607
    outer loop
      vertex 96.8106 50.0506 45.8967
      vertex 83.15 62.8374 53.2792
      vertex 96.4 49.8752 45.7955
    endloop
  endfacet
  facet normal -2.67583e-05 -0.499978 0.866038
    outer loop
      vertex 83.15 62.8374 53.2792
      vertex 96.0193 73.4205 59.3894
      vertex 95.6751 73.6819 59.5403
    endloop
  endfacet
  facet normal -9.71705e-05 -0.500073 0.865983
    outer loop
      vertex 96.4 49.8752 45.7955
      vertex 83.15 62.8374 53.2792
      vertex 96.0193 49.655 45.6683
    endloop
  endfacet
  facet normal 0.000112462 -0.49992 0.866072
    outer loop
      vertex 96.0193 49.655 45.6683
      vertex 83.15 62.8374 53.2792
      vertex 95.6751 49.3935 45.5174
    endloop
  endfacet
  facet normal -1.17991e-05 -0.499991 0.86603
    outer loop
      vertex 83.15 62.8374 53.2792
      vertex 95.6751 73.6819 59.5403
      vertex 95.3733 73.98 59.7124
    endloop
  endfacet
  facet normal -5.17967e-06 -0.500002 0.866024
    outer loop
      vertex 83.15 50.7131 46.2792
      vertex 95.6751 49.3935 45.5174
      vertex 83.15 62.8374 53.2792
    endloop
  endfacet
  facet normal -4.31637e-05 -0.500272 0.865868
    outer loop
      vertex 95.6751 49.3935 45.5174
      vertex 83.15 50.7131 46.2792
      vertex 95.5144 49.2348 45.4257
    endloop
  endfacet
  facet normal -7.43419e-05 -0.49994 0.86606
    outer loop
      vertex 83.15 62.8374 53.2792
      vertex 95.3733 73.98 59.7124
      vertex 95.1189 74.3097 59.9027
    endloop
  endfacet
  facet normal 1.66987e-05 -0.499897 0.866085
    outer loop
      vertex 95.5144 49.2348 45.4257
      vertex 83.15 50.7131 46.2792
      vertex 95.3733 49.0955 45.3453
    endloop
  endfacet
  facet normal 0.000145028 -0.500111 0.865961
    outer loop
      vertex 83.15 62.8374 53.2792
      vertex 95.1189 74.3097 59.9027
      vertex 95.0242 74.4759 59.9987
    endloop
  endfacet
  facet normal 1.70855e-05 -0.499894 0.866086
    outer loop
      vertex 95.3733 49.0955 45.3453
      vertex 83.15 50.7131 46.2792
      vertex 95.2543 48.9413 45.2563
    endloop
  endfacet
  facet normal -0.000144673 -0.49989 0.866089
    outer loop
      vertex 83.15 62.8374 53.2792
      vertex 95.0242 74.4759 59.9987
      vertex 94.9164 74.6653 60.108
    endloop
  endfacet
  facet normal -5.18495e-05 -0.500248 0.865882
    outer loop
      vertex 95.2543 48.9413 45.2563
      vertex 83.15 50.7131 46.2792
      vertex 95.1189 48.7658 45.1549
    endloop
  endfacet
  facet normal 3.58535e-05 -0.499843 0.866116
    outer loop
      vertex 95.1189 48.7658 45.1549
      vertex 83.15 50.7131 46.2792
      vertex 95.0111 48.5764 45.0456
    endloop
  endfacet
  facet normal -3.63142e-05 -0.499971 0.866042
    outer loop
      vertex 83.15 62.8374 53.2792
      vertex 94.9164 74.6653 60.108
      vertex 94.8381 74.8652 60.2234
    endloop
  endfacet
  facet normal 0.000274268 -0.500197 0.865912
    outer loop
      vertex 83.15 62.8374 53.2792
      vertex 94.8381 74.8652 60.2234
      vertex 94.7693 75.0407 60.3248
    endloop
  endfacet
  facet normal -3.93915e-05 -0.500157 0.865935
    outer loop
      vertex 95.0111 48.5764 45.0456
      vertex 83.15 50.7131 46.2792
      vertex 94.9164 48.4102 44.9496
    endloop
  endfacet
  facet normal -6.06713e-05 -0.499958 0.86605
    outer loop
      vertex 83.15 62.8374 53.2792
      vertex 94.7693 75.0407 60.3248
      vertex 94.6799 75.4296 60.5493
    endloop
  endfacet
  facet normal 2.37724e-05 -0.499915 0.866075
    outer loop
      vertex 94.9164 48.4102 44.9496
      vertex 83.15 50.7131 46.2792
      vertex 94.8476 48.2347 44.8483
    endloop
  endfacet
  facet normal 1.21369e-06 -0.5 0.866025
    outer loop
      vertex 83.15 62.8374 53.2792
      vertex 94.6799 75.4296 60.5493
      vertex 94.65 75.8252 60.7777
    endloop
  endfacet
  facet normal 5.90199e-05 -0.49979 0.866147
    outer loop
      vertex 94.8476 48.2347 44.8483
      vertex 83.15 50.7131 46.2792
      vertex 94.7693 48.0347 44.7329
    endloop
  endfacet
  facet normal -0.000159493 -0.500062 0.86599
    outer loop
      vertex 101.384 46.0903 43.6102
      vertex 111 27.575 32.9204
      vertex 101.531 46.4657 43.827
    endloop
  endfacet
  facet normal 1.22809e-05 -0.499995 0.866028
    outer loop
      vertex 101.181 45.7347 43.4049
      vertex 111 27.575 32.9204
      vertex 101.384 46.0903 43.6102
    endloop
  endfacet
  facet normal 1.54801e-05 -0.500162 0.865932
    outer loop
      vertex 101.62 18.2796 27.5537
      vertex 110.5 19.1109 28.0337
      vertex 101.636 18.4903 27.6754
    endloop
  endfacet
  facet normal -3.25684e-05 -0.499777 0.866154
    outer loop
      vertex 101.572 18.0725 27.4342
      vertex 110.5 19.1109 28.0337
      vertex 101.62 18.2796 27.5537
    endloop
  endfacet
  facet normal 2.35041e-05 -0.500139 0.865945
    outer loop
      vertex 101.531 17.8907 27.3292
      vertex 110.5 19.1109 28.0337
      vertex 101.572 18.0725 27.4342
    endloop
  endfacet
  facet normal -1.41175e-05 -0.499931 0.866065
    outer loop
      vertex 101.384 17.5153 27.1125
      vertex 110.5 19.1109 28.0337
      vertex 101.531 17.8907 27.3292
    endloop
  endfacet
  facet normal -6.05504e-07 -0.499989 0.866032
    outer loop
      vertex 101.181 17.1597 26.9072
      vertex 110.5 19.1109 28.0337
      vertex 101.384 17.5153 27.1125
    endloop
  endfacet
  facet normal -5.95751e-05 -0.500059 0.865991
    outer loop
      vertex 100.927 16.83 26.7168
      vertex 111 9.74999 22.6292
      vertex 101.181 17.1597 26.9072
    endloop
  endfacet
  facet normal 6.12645e-05 -0.49993 0.866066
    outer loop
      vertex 100.786 16.6907 26.6364
      vertex 111 9.74999 22.6292
      vertex 100.927 16.83 26.7168
    endloop
  endfacet
  facet normal -3.78549e-05 -0.50004 0.866002
    outer loop
      vertex 100.625 16.5319 26.5447
      vertex 111 9.74999 22.6292
      vertex 100.786 16.6907 26.6364
    endloop
  endfacet
  facet normal -6.15662e-06 -0.500003 0.866023
    outer loop
      vertex 111 9.74999 22.6292
      vertex 100.625 16.5319 26.5447
      vertex 107.4 6.15 20.5507
    endloop
  endfacet
  facet normal -0.000103555 -0.500051 0.865996
    outer loop
      vertex 100.442 16.3927 26.4643
      vertex 107.4 6.15 20.5507
      vertex 100.625 16.5319 26.5447
    endloop
  endfacet
  facet normal 0.000184201 -0.499905 0.866081
    outer loop
      vertex 100.281 16.2705 26.3938
      vertex 107.4 6.15 20.5507
      vertex 100.442 16.3927 26.4643
    endloop
  endfacet
  facet normal -0.000112899 -0.500061 0.86599
    outer loop
      vertex 100.103 16.1675 26.3343
      vertex 107.4 6.15 20.5507
      vertex 100.281 16.2705 26.3938
    endloop
  endfacet
  facet normal 6.93949e-05 -0.499962 0.866048
    outer loop
      vertex 99.9 16.0502 26.2666
      vertex 107.4 6.15 20.5507
      vertex 100.103 16.1675 26.3343
    endloop
  endfacet
  facet normal -9.89715e-05 -0.500057 0.865992
    outer loop
      vertex 99.6814 15.9569 26.2127
      vertex 107.4 6.15 20.5507
      vertex 99.9 16.0502 26.2666
    endloop
  endfacet
  facet normal 0.000143768 -0.499914 0.866075
    outer loop
      vertex 99.4894 15.8749 26.1654
      vertex 107.4 6.15 20.5507
      vertex 99.6814 15.9569 26.2127
    endloop
  endfacet
  facet normal 3.5298e-05 -0.49998 0.866037
    outer loop
      vertex 99.2867 15.8153 26.131
      vertex 107.4 6.15 20.5507
      vertex 99.4894 15.8749 26.1654
    endloop
  endfacet
  facet normal 7.03931e-06 -0.499998 0.866027
    outer loop
      vertex 99.0559 15.7474 26.0918
      vertex 107.4 6.15 20.5507
      vertex 99.2867 15.8153 26.131
    endloop
  endfacet
  facet normal -4.09616e-05 -0.500029 0.866008
    outer loop
      vertex 98.8168 15.7062 26.068
      vertex 107.4 6.15 20.5507
      vertex 99.0559 15.7474 26.0918
    endloop
  endfacet
  facet normal -0.000205604 -0.50014 0.865944
    outer loop
      vertex 98.6068 15.6701 26.0471
      vertex 107.4 6.15 20.5507
      vertex 98.8168 15.7062 26.068
    endloop
  endfacet
  facet normal 9.59961e-05 -0.499931 0.866065
    outer loop
      vertex 98.15 15.6442 26.0322
      vertex 107.4 6.15 20.5507
      vertex 98.6068 15.6701 26.0471
    endloop
  endfacet
  facet normal -9.54108e-05 -0.499924 0.86607
    outer loop
      vertex 88.575 6.65 20.8394
      vertex 98.15 15.6442 26.0322
      vertex 97.6932 15.6701 26.0471
    endloop
  endfacet
  facet normal 0.000203349 -0.50015 0.865939
    outer loop
      vertex 88.575 6.65 20.8394
      vertex 97.6932 15.6701 26.0471
      vertex 97.4832 15.7062 26.068
    endloop
  endfacet
  facet normal 4.07774e-05 -0.50003 0.866008
    outer loop
      vertex 88.575 6.65 20.8394
      vertex 97.4832 15.7062 26.068
      vertex 97.2441 15.7474 26.0918
    endloop
  endfacet
  facet normal -6.40425e-06 -0.499996 0.866027
    outer loop
      vertex 88.575 6.65 20.8394
      vertex 97.2441 15.7474 26.0918
      vertex 97.0133 15.8153 26.131
    endloop
  endfacet
  facet normal -3.41319e-05 -0.499977 0.866039
    outer loop
      vertex 88.575 6.65 20.8394
      vertex 97.0133 15.8153 26.131
      vertex 96.8106 15.8749 26.1654
    endloop
  endfacet
  facet normal -0.00013956 -0.499907 0.866079
    outer loop
      vertex 88.575 6.65 20.8394
      vertex 96.8106 15.8749 26.1654
      vertex 96.6186 15.9569 26.2127
    endloop
  endfacet
  facet normal 9.73345e-05 -0.50006 0.865991
    outer loop
      vertex 88.575 6.65 20.8394
      vertex 96.6186 15.9569 26.2127
      vertex 96.4 16.0502 26.2666
    endloop
  endfacet
  facet normal -6.65712e-05 -0.499958 0.86605
    outer loop
      vertex 88.575 6.65 20.8394
      vertex 96.4 16.0502 26.2666
      vertex 96.1973 16.1675 26.3343
    endloop
  endfacet
  facet normal 0.000110571 -0.500064 0.865988
    outer loop
      vertex 88.575 6.65 20.8394
      vertex 96.1973 16.1675 26.3343
      vertex 96.0193 16.2705 26.3938
    endloop
  endfacet
  facet normal -0.000177059 -0.499897 0.866085
    outer loop
      vertex 88.575 6.65 20.8394
      vertex 96.0193 16.2705 26.3938
      vertex 95.8584 16.3927 26.4643
    endloop
  endfacet
  facet normal 0.000101147 -0.500053 0.865995
    outer loop
      vertex 88.575 6.65 20.8394
      vertex 95.8584 16.3927 26.4643
      vertex 95.6751 16.5319 26.5447
    endloop
  endfacet
  facet normal -0.000378449 -0.499848 0.866113
    outer loop
      vertex 88.575 6.65 20.8394
      vertex 94.7275 18.0725 27.4342
      vertex 94.6799 18.2796 27.5537
    endloop
  endfacet
  facet normal 0.000380563 -0.500147 0.865941
    outer loop
      vertex 88.575 6.65 20.8394
      vertex 94.664 18.4903 27.6754
      vertex 94.65 18.6752 27.7822
    endloop
  endfacet
  facet normal 6.28755e-05 -0.499909 0.866078
    outer loop
      vertex 94.6799 76.2209 61.0061
      vertex 83.15 81.8874 64.2777
      vertex 94.65 75.8252 60.7777
    endloop
  endfacet
  facet normal -2.17392e-06 -0.500002 0.866024
    outer loop
      vertex 94.65 75.8252 60.7777
      vertex 83.15 81.8874 64.2777
      vertex 83.15 69.7631 57.2777
    endloop
  endfacet
  facet normal 0.000364521 -0.500141 0.865944
    outer loop
      vertex 94.664 18.4903 27.6754
      vertex 88.575 6.65 20.8394
      vertex 94.6799 18.2796 27.5537
    endloop
  endfacet
  facet normal 0.000232154 -0.500095 0.865971
    outer loop
      vertex 94.7275 18.0725 27.4342
      vertex 88.575 6.65 20.8394
      vertex 94.7693 17.8907 27.3292
    endloop
  endfacet
  facet normal -8.95095e-05 -0.499962 0.866047
    outer loop
      vertex 88.575 6.65 20.8394
      vertex 94.9164 17.5153 27.1125
      vertex 94.7693 17.8907 27.3292
    endloop
  endfacet
  facet normal -1.32707e-05 -0.499995 0.866028
    outer loop
      vertex 88.575 6.65 20.8394
      vertex 95.1189 17.1597 26.9072
      vertex 94.9164 17.5153 27.1125
    endloop
  endfacet
  facet normal 8.84107e-05 -0.500043 0.866001
    outer loop
      vertex 88.575 6.65 20.8394
      vertex 95.3733 16.83 26.7168
      vertex 95.1189 17.1597 26.9072
    endloop
  endfacet
  facet normal -9.07767e-05 -0.499953 0.866053
    outer loop
      vertex 88.575 6.65 20.8394
      vertex 95.5144 16.6907 26.6364
      vertex 95.3733 16.83 26.7168
    endloop
  endfacet
  facet normal 5.37653e-05 -0.500028 0.866009
    outer loop
      vertex 88.575 6.65 20.8394
      vertex 95.6751 16.5319 26.5447
      vertex 95.5144 16.6907 26.6364
    endloop
  endfacet
  facet normal 4.07977e-05 -0.500032 0.866007
    outer loop
      vertex 98.15 15.6442 26.0322
      vertex 88.575 6.65 20.8394
      vertex 88.575 6.15 20.5507
    endloop
  endfacet
  facet normal 0 -0.500001 0.866025
    outer loop
      vertex 98.15 15.6442 26.0322
      vertex 88.575 6.15 20.5507
      vertex 107.4 6.15 20.5507
    endloop
  endfacet
  facet normal 1 0 0
    outer loop
      vertex 29.775 67.875 54.1876
      vertex 29.775 85.15 61.1614
      vertex 29.775 85.15 64.1614
    endloop
  endfacet
  facet normal 1 0 0
    outer loop
      vertex 29.775 85.15 61.1614
      vertex 29.775 67.875 54.1876
      vertex 29.775 67.875 51.1876
    endloop
  endfacet
  facet normal 1 0 0
    outer loop
      vertex 29.775 10 20.7735
      vertex 29.775 27.275 27.7472
      vertex 29.775 27.275 30.7472
    endloop
  endfacet
  facet normal 1 0 0
    outer loop
      vertex 29.775 27.275 27.7472
      vertex 29.775 10 20.7735
      vertex 29.775 10 17.7735
    endloop
  endfacet
  facet normal 1 0 0
    outer loop
      vertex 29.775 48.825 43.1891
      vertex 29.775 65.375 49.7443
      vertex 29.775 65.375 52.7443
    endloop
  endfacet
  facet normal 1 0 0
    outer loop
      vertex 29.775 65.375 49.7443
      vertex 29.775 48.825 43.1891
      vertex 29.775 48.825 40.1891
    endloop
  endfacet
  facet normal 1 0 0
    outer loop
      vertex 29.775 29.775 32.1906
      vertex 29.775 46.325 38.7458
      vertex 29.775 46.325 41.7458
    endloop
  endfacet
  facet normal 1 0 0
    outer loop
      vertex 29.775 46.325 38.7458
      vertex 29.775 29.775 32.1906
      vertex 29.775 29.775 29.1906
    endloop
  endfacet
  facet normal 0 0.49998 -0.866037
    outer loop
      vertex 10 65.375 49.7443
      vertex 27.275 67.875 51.1876
      vertex 27.275 65.375 49.7443
    endloop
  endfacet
  facet normal 0 0.49998 -0.866037
    outer loop
      vertex 27.275 67.875 51.1876
      vertex 10 65.375 49.7443
      vertex 10 67.875 51.1876
    endloop
  endfacet
  facet normal 0 0.49998 -0.866037
    outer loop
      vertex 10 46.325 38.7458
      vertex 27.275 48.825 40.1891
      vertex 27.275 46.325 38.7458
    endloop
  endfacet
  facet normal 0 0.49998 -0.866037
    outer loop
      vertex 27.275 48.825 40.1891
      vertex 10 46.325 38.7458
      vertex 10 48.825 40.1891
    endloop
  endfacet
  facet normal 0 0.500006 -0.866022
    outer loop
      vertex 10 27.275 27.7472
      vertex 27.275 29.775 29.1906
      vertex 27.275 27.275 27.7472
    endloop
  endfacet
  facet normal 0 0.500006 -0.866022
    outer loop
      vertex 27.275 29.775 29.1906
      vertex 10 27.275 27.7472
      vertex 10 29.775 29.1906
    endloop
  endfacet
  facet normal 0 0.499999 -0.866026
    outer loop
      vertex 27.275 27.275 27.7472
      vertex 29.775 27.275 27.7472
      vertex 29.775 10 17.7735
    endloop
  endfacet
  facet normal 0 0.500006 -0.866022
    outer loop
      vertex 29.775 27.275 27.7472
      vertex 27.275 27.275 27.7472
      vertex 29.775 29.775 29.1906
    endloop
  endfacet
  facet normal 0 0.500002 -0.866024
    outer loop
      vertex 29.775 29.775 29.1906
      vertex 27.275 29.775 29.1906
      vertex 29.775 46.325 38.7458
    endloop
  endfacet
  facet normal 0 0.500002 -0.866024
    outer loop
      vertex 27.275 46.325 38.7458
      vertex 29.775 46.325 38.7458
      vertex 27.275 29.775 29.1906
    endloop
  endfacet
  facet normal 0 0.49998 -0.866037
    outer loop
      vertex 27.275 48.825 40.1891
      vertex 29.775 48.825 40.1891
      vertex 27.275 46.325 38.7458
    endloop
  endfacet
  facet normal 0 0.500002 -0.866024
    outer loop
      vertex 29.775 48.825 40.1891
      vertex 27.275 48.825 40.1891
      vertex 29.775 65.375 49.7443
    endloop
  endfacet
  facet normal 0 0.499999 -0.866026
    outer loop
      vertex 27.275 27.275 27.7472
      vertex 29.775 10 17.7735
      vertex 27.275 10 17.7735
    endloop
  endfacet
  facet normal 0 0.500006 -0.866022
    outer loop
      vertex 29.775 29.775 29.1906
      vertex 27.275 27.275 27.7472
      vertex 27.275 29.775 29.1906
    endloop
  endfacet
  facet normal 0 0.49998 -0.866037
    outer loop
      vertex 29.775 46.325 38.7458
      vertex 27.275 46.325 38.7458
      vertex 29.775 48.825 40.1891
    endloop
  endfacet
  facet normal 0 0.500002 -0.866024
    outer loop
      vertex 27.275 65.375 49.7443
      vertex 29.775 65.375 49.7443
      vertex 27.275 48.825 40.1891
    endloop
  endfacet
  facet normal 0 0.49998 -0.866037
    outer loop
      vertex 29.775 65.375 49.7443
      vertex 27.275 65.375 49.7443
      vertex 29.775 67.875 51.1876
    endloop
  endfacet
  facet normal 0 0.49998 -0.866037
    outer loop
      vertex 27.275 67.875 51.1876
      vertex 29.775 67.875 51.1876
      vertex 27.275 65.375 49.7443
    endloop
  endfacet
  facet normal 0 0.500003 -0.866024
    outer loop
      vertex 29.775 67.875 51.1876
      vertex 27.275 67.875 51.1876
      vertex 29.775 85.15 61.1614
    endloop
  endfacet
  facet normal 0 0.500003 -0.866024
    outer loop
      vertex 29.775 85.15 61.1614
      vertex 27.275 67.875 51.1876
      vertex 27.275 85.15 61.1614
    endloop
  endfacet
  facet normal 0 0.49998 -0.866037
    outer loop
      vertex 29.775 65.375 49.7443
      vertex 46.325 67.875 51.1876
      vertex 46.325 65.375 49.7443
    endloop
  endfacet
  facet normal 0 0.49998 -0.866037
    outer loop
      vertex 46.325 67.875 51.1876
      vertex 29.775 65.375 49.7443
      vertex 29.775 67.875 51.1876
    endloop
  endfacet
  facet normal 0 0.49998 -0.866037
    outer loop
      vertex 29.775 46.325 38.7458
      vertex 46.325 48.825 40.1891
      vertex 46.325 46.325 38.7458
    endloop
  endfacet
  facet normal 0 0.49998 -0.866037
    outer loop
      vertex 46.325 48.825 40.1891
      vertex 29.775 46.325 38.7458
      vertex 29.775 48.825 40.1891
    endloop
  endfacet
  facet normal 0 0.500006 -0.866022
    outer loop
      vertex 29.775 27.275 27.7472
      vertex 46.325 29.775 29.1906
      vertex 46.325 27.275 27.7472
    endloop
  endfacet
  facet normal 0 0.500006 -0.866022
    outer loop
      vertex 46.325 29.775 29.1906
      vertex 29.775 27.275 27.7472
      vertex 29.775 29.775 29.1906
    endloop
  endfacet
  facet normal 0 0.499999 -0.866026
    outer loop
      vertex 46.325 27.275 27.7472
      vertex 48.825 27.275 27.7472
      vertex 48.825 10 17.7735
    endloop
  endfacet
  facet normal 0 0.500006 -0.866022
    outer loop
      vertex 48.825 27.275 27.7472
      vertex 46.325 27.275 27.7472
      vertex 48.825 29.775 29.1906
    endloop
  endfacet
  facet normal 0 0.500002 -0.866024
    outer loop
      vertex 48.825 29.775 29.1906
      vertex 46.325 29.775 29.1906
      vertex 48.825 46.325 38.7458
    endloop
  endfacet
  facet normal 0 0.500002 -0.866024
    outer loop
      vertex 46.325 46.325 38.7458
      vertex 48.825 46.325 38.7458
      vertex 46.325 29.775 29.1906
    endloop
  endfacet
  facet normal 0 0.49998 -0.866037
    outer loop
      vertex 46.325 48.825 40.1891
      vertex 48.825 48.825 40.1891
      vertex 46.325 46.325 38.7458
    endloop
  endfacet
  facet normal 0 0.500002 -0.866024
    outer loop
      vertex 48.825 48.825 40.1891
      vertex 46.325 48.825 40.1891
      vertex 48.825 65.375 49.7443
    endloop
  endfacet
  facet normal 0 0.499999 -0.866026
    outer loop
      vertex 46.325 27.275 27.7472
      vertex 48.825 10 17.7735
      vertex 46.325 10 17.7735
    endloop
  endfacet
  facet normal 0 0.500006 -0.866022
    outer loop
      vertex 48.825 29.775 29.1906
      vertex 46.325 27.275 27.7472
      vertex 46.325 29.775 29.1906
    endloop
  endfacet
  facet normal 0 0.49998 -0.866037
    outer loop
      vertex 48.825 46.325 38.7458
      vertex 46.325 46.325 38.7458
      vertex 48.825 48.825 40.1891
    endloop
  endfacet
  facet normal 0 0.500002 -0.866024
    outer loop
      vertex 46.325 65.375 49.7443
      vertex 48.825 65.375 49.7443
      vertex 46.325 48.825 40.1891
    endloop
  endfacet
  facet normal 0 0.49998 -0.866037
    outer loop
      vertex 48.825 65.375 49.7443
      vertex 46.325 65.375 49.7443
      vertex 48.825 67.875 51.1876
    endloop
  endfacet
  facet normal 0 0.49998 -0.866037
    outer loop
      vertex 46.325 67.875 51.1876
      vertex 48.825 67.875 51.1876
      vertex 46.325 65.375 49.7443
    endloop
  endfacet
  facet normal 0 0.500003 -0.866024
    outer loop
      vertex 48.825 67.875 51.1876
      vertex 46.325 67.875 51.1876
      vertex 48.825 85.15 61.1614
    endloop
  endfacet
  facet normal 0 0.500003 -0.866024
    outer loop
      vertex 48.825 85.15 61.1614
      vertex 46.325 67.875 51.1876
      vertex 46.325 85.15 61.1614
    endloop
  endfacet
  facet normal 0 0.49998 -0.866037
    outer loop
      vertex 48.825 65.375 49.7443
      vertex 65.375 67.875 51.1876
      vertex 65.375 65.375 49.7443
    endloop
  endfacet
  facet normal 0 0.49998 -0.866037
    outer loop
      vertex 65.375 67.875 51.1876
      vertex 48.825 65.375 49.7443
      vertex 48.825 67.875 51.1876
    endloop
  endfacet
  facet normal 0 0.49998 -0.866037
    outer loop
      vertex 48.825 46.325 38.7458
      vertex 65.375 48.825 40.1891
      vertex 65.375 46.325 38.7458
    endloop
  endfacet
  facet normal 0 0.49998 -0.866037
    outer loop
      vertex 65.375 48.825 40.1891
      vertex 48.825 46.325 38.7458
      vertex 48.825 48.825 40.1891
    endloop
  endfacet
  facet normal 0 0.500006 -0.866022
    outer loop
      vertex 48.825 27.275 27.7472
      vertex 65.375 29.775 29.1906
      vertex 65.375 27.275 27.7472
    endloop
  endfacet
  facet normal 0 0.500006 -0.866022
    outer loop
      vertex 65.375 29.775 29.1906
      vertex 48.825 27.275 27.7472
      vertex 48.825 29.775 29.1906
    endloop
  endfacet
  facet normal 0 0.499999 -0.866026
    outer loop
      vertex 65.375 27.275 27.7472
      vertex 67.875 27.275 27.7472
      vertex 67.875 10 17.7735
    endloop
  endfacet
  facet normal 0 0.500006 -0.866022
    outer loop
      vertex 67.875 27.275 27.7472
      vertex 65.375 27.275 27.7472
      vertex 67.875 29.775 29.1906
    endloop
  endfacet
  facet normal 0 0.500002 -0.866024
    outer loop
      vertex 67.875 29.775 29.1906
      vertex 65.375 29.775 29.1906
      vertex 67.875 46.325 38.7458
    endloop
  endfacet
  facet normal 0 0.500002 -0.866024
    outer loop
      vertex 65.375 46.325 38.7458
      vertex 67.875 46.325 38.7458
      vertex 65.375 29.775 29.1906
    endloop
  endfacet
  facet normal 0 0.49998 -0.866037
    outer loop
      vertex 65.375 48.825 40.1891
      vertex 67.875 48.825 40.1891
      vertex 65.375 46.325 38.7458
    endloop
  endfacet
  facet normal 0 0.500002 -0.866024
    outer loop
      vertex 67.875 48.825 40.1891
      vertex 65.375 48.825 40.1891
      vertex 67.875 65.375 49.7443
    endloop
  endfacet
  facet normal 0 0.499999 -0.866026
    outer loop
      vertex 65.375 27.275 27.7472
      vertex 67.875 10 17.7735
      vertex 65.375 10 17.7735
    endloop
  endfacet
  facet normal 0 0.500006 -0.866022
    outer loop
      vertex 67.875 29.775 29.1906
      vertex 65.375 27.275 27.7472
      vertex 65.375 29.775 29.1906
    endloop
  endfacet
  facet normal 0 0.49998 -0.866037
    outer loop
      vertex 67.875 46.325 38.7458
      vertex 65.375 46.325 38.7458
      vertex 67.875 48.825 40.1891
    endloop
  endfacet
  facet normal 0 0.500002 -0.866024
    outer loop
      vertex 65.375 65.375 49.7443
      vertex 67.875 65.375 49.7443
      vertex 65.375 48.825 40.1891
    endloop
  endfacet
  facet normal 0 0.49998 -0.866037
    outer loop
      vertex 67.875 65.375 49.7443
      vertex 65.375 65.375 49.7443
      vertex 67.875 67.875 51.1876
    endloop
  endfacet
  facet normal 0 0.49998 -0.866037
    outer loop
      vertex 65.375 67.875 51.1876
      vertex 67.875 67.875 51.1876
      vertex 65.375 65.375 49.7443
    endloop
  endfacet
  facet normal 0 0.500003 -0.866024
    outer loop
      vertex 67.875 67.875 51.1876
      vertex 65.375 67.875 51.1876
      vertex 67.875 85.15 61.1614
    endloop
  endfacet
  facet normal 0 0.500003 -0.866024
    outer loop
      vertex 67.875 85.15 61.1614
      vertex 65.375 67.875 51.1876
      vertex 65.375 85.15 61.1614
    endloop
  endfacet
  facet normal 0 0.500006 -0.866022
    outer loop
      vertex 67.875 27.275 27.7472
      vertex 85.15 29.775 29.1906
      vertex 85.15 27.275 27.7472
    endloop
  endfacet
  facet normal 0 0.500006 -0.866022
    outer loop
      vertex 85.15 29.775 29.1906
      vertex 67.875 27.275 27.7472
      vertex 67.875 29.775 29.1906
    endloop
  endfacet
  facet normal 0 0.49998 -0.866037
    outer loop
      vertex 67.875 46.325 38.7458
      vertex 85.15 48.825 40.1891
      vertex 85.15 46.325 38.7458
    endloop
  endfacet
  facet normal 0 0.49998 -0.866037
    outer loop
      vertex 85.15 48.825 40.1891
      vertex 67.875 46.325 38.7458
      vertex 67.875 48.825 40.1891
    endloop
  endfacet
  facet normal 0 0.49998 -0.866037
    outer loop
      vertex 67.875 65.375 49.7443
      vertex 85.15 67.875 51.1876
      vertex 85.15 65.375 49.7443
    endloop
  endfacet
  facet normal 0 0.49998 -0.866037
    outer loop
      vertex 85.15 67.875 51.1876
      vertex 67.875 65.375 49.7443
      vertex 67.875 67.875 51.1876
    endloop
  endfacet
  facet normal -1 0 0
    outer loop
      vertex 27.275 67.875 54.1876
      vertex 27.275 85.15 61.1614
      vertex 27.275 67.875 51.1876
    endloop
  endfacet
  facet normal -1 -0 0
    outer loop
      vertex 27.275 85.15 61.1614
      vertex 27.275 67.875 54.1876
      vertex 27.275 85.15 64.1614
    endloop
  endfacet
  facet normal -1 0 0
    outer loop
      vertex 27.275 10 20.7735
      vertex 27.275 27.275 27.7472
      vertex 27.275 10 17.7735
    endloop
  endfacet
  facet normal -1 -0 0
    outer loop
      vertex 27.275 27.275 27.7472
      vertex 27.275 10 20.7735
      vertex 27.275 27.275 30.7472
    endloop
  endfacet
  facet normal -1 0 0
    outer loop
      vertex 27.275 48.825 43.1891
      vertex 27.275 65.375 49.7443
      vertex 27.275 48.825 40.1891
    endloop
  endfacet
  facet normal -1 -0 0
    outer loop
      vertex 27.275 65.375 49.7443
      vertex 27.275 48.825 43.1891
      vertex 27.275 65.375 52.7443
    endloop
  endfacet
  facet normal -1 0 0
    outer loop
      vertex 27.275 29.775 32.1906
      vertex 27.275 46.325 38.7458
      vertex 27.275 29.775 29.1906
    endloop
  endfacet
  facet normal -1 -0 0
    outer loop
      vertex 27.275 46.325 38.7458
      vertex 27.275 29.775 32.1906
      vertex 27.275 46.325 41.7458
    endloop
  endfacet
  facet normal 0 1 -0
    outer loop
      vertex 29.775 85.15 61.1614
      vertex 27.275 85.15 64.1614
      vertex 29.775 85.15 64.1614
    endloop
  endfacet
  facet normal 0 1 0
    outer loop
      vertex 27.275 85.15 64.1614
      vertex 29.775 85.15 61.1614
      vertex 27.275 85.15 61.1614
    endloop
  endfacet
  facet normal 0 -1 0
    outer loop
      vertex 27.275 10 17.7735
      vertex 29.775 10 20.7735
      vertex 27.275 10 20.7735
    endloop
  endfacet
  facet normal 0 -1 -0
    outer loop
      vertex 29.775 10 20.7735
      vertex 27.275 10 17.7735
      vertex 29.775 10 17.7735
    endloop
  endfacet
  facet normal 1 0 0
    outer loop
      vertex 48.825 67.875 54.1876
      vertex 48.825 85.15 61.1614
      vertex 48.825 85.15 64.1614
    endloop
  endfacet
  facet normal 1 0 0
    outer loop
      vertex 48.825 85.15 61.1614
      vertex 48.825 67.875 54.1876
      vertex 48.825 67.875 51.1876
    endloop
  endfacet
  facet normal 1 0 0
    outer loop
      vertex 48.825 10 20.7735
      vertex 48.825 27.275 27.7472
      vertex 48.825 27.275 30.7472
    endloop
  endfacet
  facet normal 1 0 0
    outer loop
      vertex 48.825 27.275 27.7472
      vertex 48.825 10 20.7735
      vertex 48.825 10 17.7735
    endloop
  endfacet
  facet normal 1 0 0
    outer loop
      vertex 48.825 48.825 43.1891
      vertex 48.825 65.375 49.7443
      vertex 48.825 65.375 52.7443
    endloop
  endfacet
  facet normal 1 0 0
    outer loop
      vertex 48.825 65.375 49.7443
      vertex 48.825 48.825 43.1891
      vertex 48.825 48.825 40.1891
    endloop
  endfacet
  facet normal 1 0 0
    outer loop
      vertex 48.825 29.775 32.1906
      vertex 48.825 46.325 38.7458
      vertex 48.825 46.325 41.7458
    endloop
  endfacet
  facet normal 1 0 0
    outer loop
      vertex 48.825 46.325 38.7458
      vertex 48.825 29.775 32.1906
      vertex 48.825 29.775 29.1906
    endloop
  endfacet
  facet normal -1 0 0
    outer loop
      vertex 46.325 67.875 54.1876
      vertex 46.325 85.15 61.1614
      vertex 46.325 67.875 51.1876
    endloop
  endfacet
  facet normal -1 -0 0
    outer loop
      vertex 46.325 85.15 61.1614
      vertex 46.325 67.875 54.1876
      vertex 46.325 85.15 64.1614
    endloop
  endfacet
  facet normal -1 0 0
    outer loop
      vertex 46.325 10 20.7735
      vertex 46.325 27.275 27.7472
      vertex 46.325 10 17.7735
    endloop
  endfacet
  facet normal -1 -0 0
    outer loop
      vertex 46.325 27.275 27.7472
      vertex 46.325 10 20.7735
      vertex 46.325 27.275 30.7472
    endloop
  endfacet
  facet normal -1 0 0
    outer loop
      vertex 46.325 48.825 43.1891
      vertex 46.325 65.375 49.7443
      vertex 46.325 48.825 40.1891
    endloop
  endfacet
  facet normal -1 -0 0
    outer loop
      vertex 46.325 65.375 49.7443
      vertex 46.325 48.825 43.1891
      vertex 46.325 65.375 52.7443
    endloop
  endfacet
  facet normal -1 0 0
    outer loop
      vertex 46.325 29.775 32.1906
      vertex 46.325 46.325 38.7458
      vertex 46.325 29.775 29.1906
    endloop
  endfacet
  facet normal -1 -0 0
    outer loop
      vertex 46.325 46.325 38.7458
      vertex 46.325 29.775 32.1906
      vertex 46.325 46.325 41.7458
    endloop
  endfacet
  facet normal 0 1 -0
    outer loop
      vertex 48.825 85.15 61.1614
      vertex 46.325 85.15 64.1614
      vertex 48.825 85.15 64.1614
    endloop
  endfacet
  facet normal 0 1 0
    outer loop
      vertex 46.325 85.15 64.1614
      vertex 48.825 85.15 61.1614
      vertex 46.325 85.15 61.1614
    endloop
  endfacet
  facet normal 0 -1 0
    outer loop
      vertex 46.325 10 17.7735
      vertex 48.825 10 20.7735
      vertex 46.325 10 20.7735
    endloop
  endfacet
  facet normal 0 -1 -0
    outer loop
      vertex 48.825 10 20.7735
      vertex 46.325 10 17.7735
      vertex 48.825 10 17.7735
    endloop
  endfacet
  facet normal 1 0 0
    outer loop
      vertex 67.875 67.875 54.1876
      vertex 67.875 85.15 61.1614
      vertex 67.875 85.15 64.1614
    endloop
  endfacet
  facet normal 1 0 0
    outer loop
      vertex 67.875 85.15 61.1614
      vertex 67.875 67.875 54.1876
      vertex 67.875 67.875 51.1876
    endloop
  endfacet
  facet normal 1 0 0
    outer loop
      vertex 67.875 10 20.7735
      vertex 67.875 27.275 27.7472
      vertex 67.875 27.275 30.7472
    endloop
  endfacet
  facet normal 1 0 0
    outer loop
      vertex 67.875 27.275 27.7472
      vertex 67.875 10 20.7735
      vertex 67.875 10 17.7735
    endloop
  endfacet
  facet normal 1 0 0
    outer loop
      vertex 67.875 48.825 43.1891
      vertex 67.875 65.375 49.7443
      vertex 67.875 65.375 52.7443
    endloop
  endfacet
  facet normal 1 0 0
    outer loop
      vertex 67.875 65.375 49.7443
      vertex 67.875 48.825 43.1891
      vertex 67.875 48.825 40.1891
    endloop
  endfacet
  facet normal 1 0 0
    outer loop
      vertex 67.875 29.775 32.1906
      vertex 67.875 46.325 38.7458
      vertex 67.875 46.325 41.7458
    endloop
  endfacet
  facet normal 1 0 0
    outer loop
      vertex 67.875 46.325 38.7458
      vertex 67.875 29.775 32.1906
      vertex 67.875 29.775 29.1906
    endloop
  endfacet
  facet normal -1 0 0
    outer loop
      vertex 65.375 67.875 54.1876
      vertex 65.375 85.15 61.1614
      vertex 65.375 67.875 51.1876
    endloop
  endfacet
  facet normal -1 -0 0
    outer loop
      vertex 65.375 85.15 61.1614
      vertex 65.375 67.875 54.1876
      vertex 65.375 85.15 64.1614
    endloop
  endfacet
  facet normal -1 0 0
    outer loop
      vertex 65.375 10 20.7735
      vertex 65.375 27.275 27.7472
      vertex 65.375 10 17.7735
    endloop
  endfacet
  facet normal -1 -0 0
    outer loop
      vertex 65.375 27.275 27.7472
      vertex 65.375 10 20.7735
      vertex 65.375 27.275 30.7472
    endloop
  endfacet
  facet normal -1 0 0
    outer loop
      vertex 65.375 48.825 43.1891
      vertex 65.375 65.375 49.7443
      vertex 65.375 48.825 40.1891
    endloop
  endfacet
  facet normal -1 -0 0
    outer loop
      vertex 65.375 65.375 49.7443
      vertex 65.375 48.825 43.1891
      vertex 65.375 65.375 52.7443
    endloop
  endfacet
  facet normal -1 0 0
    outer loop
      vertex 65.375 29.775 32.1906
      vertex 65.375 46.325 38.7458
      vertex 65.375 29.775 29.1906
    endloop
  endfacet
  facet normal -1 -0 0
    outer loop
      vertex 65.375 46.325 38.7458
      vertex 65.375 29.775 32.1906
      vertex 65.375 46.325 41.7458
    endloop
  endfacet
  facet normal 0 1 -0
    outer loop
      vertex 67.875 85.15 61.1614
      vertex 65.375 85.15 64.1614
      vertex 67.875 85.15 64.1614
    endloop
  endfacet
  facet normal 0 1 0
    outer loop
      vertex 65.375 85.15 64.1614
      vertex 67.875 85.15 61.1614
      vertex 65.375 85.15 61.1614
    endloop
  endfacet
  facet normal 0 -1 0
    outer loop
      vertex 65.375 10 17.7735
      vertex 67.875 10 20.7735
      vertex 65.375 10 20.7735
    endloop
  endfacet
  facet normal 0 -1 -0
    outer loop
      vertex 67.875 10 20.7735
      vertex 65.375 10 17.7735
      vertex 67.875 10 17.7735
    endloop
  endfacet
  facet normal 1 -0 0
    outer loop
      vertex 85.15 27.275 30.7472
      vertex 85.15 29.775 29.1906
      vertex 85.15 29.775 32.1906
    endloop
  endfacet
  facet normal 1 0 0
    outer loop
      vertex 85.15 29.775 29.1906
      vertex 85.15 27.275 30.7472
      vertex 85.15 27.275 27.7472
    endloop
  endfacet
  facet normal -1 0 0
    outer loop
      vertex 10 27.275 30.7472
      vertex 10 29.775 29.1906
      vertex 10 27.275 27.7472
    endloop
  endfacet
  facet normal -1 0 0
    outer loop
      vertex 10 29.775 29.1906
      vertex 10 27.275 30.7472
      vertex 10 29.775 32.1906
    endloop
  endfacet
  facet normal 0 1 -0
    outer loop
      vertex 27.275 29.775 29.1906
      vertex 10 29.775 32.1906
      vertex 27.275 29.775 32.1906
    endloop
  endfacet
  facet normal 0 1 0
    outer loop
      vertex 10 29.775 32.1906
      vertex 27.275 29.775 29.1906
      vertex 10 29.775 29.1906
    endloop
  endfacet
  facet normal 0 1 -0
    outer loop
      vertex 85.15 29.775 29.1906
      vertex 67.875 29.775 32.1906
      vertex 85.15 29.775 32.1906
    endloop
  endfacet
  facet normal 0 1 0
    outer loop
      vertex 67.875 29.775 32.1906
      vertex 85.15 29.775 29.1906
      vertex 67.875 29.775 29.1906
    endloop
  endfacet
  facet normal 0 1 -0
    outer loop
      vertex 46.325 29.775 29.1906
      vertex 29.775 29.775 32.1906
      vertex 46.325 29.775 32.1906
    endloop
  endfacet
  facet normal 0 1 0
    outer loop
      vertex 29.775 29.775 32.1906
      vertex 46.325 29.775 29.1906
      vertex 29.775 29.775 29.1906
    endloop
  endfacet
  facet normal 0 1 -0
    outer loop
      vertex 65.375 29.775 29.1906
      vertex 48.825 29.775 32.1906
      vertex 65.375 29.775 32.1906
    endloop
  endfacet
  facet normal 0 1 0
    outer loop
      vertex 48.825 29.775 32.1906
      vertex 65.375 29.775 29.1906
      vertex 48.825 29.775 29.1906
    endloop
  endfacet
  facet normal 0 -1 0
    outer loop
      vertex 10 27.275 27.7472
      vertex 27.275 27.275 30.7472
      vertex 10 27.275 30.7472
    endloop
  endfacet
  facet normal 0 -1 -0
    outer loop
      vertex 27.275 27.275 30.7472
      vertex 10 27.275 27.7472
      vertex 27.275 27.275 27.7472
    endloop
  endfacet
  facet normal 0 -1 0
    outer loop
      vertex 67.875 27.275 27.7472
      vertex 85.15 27.275 30.7472
      vertex 67.875 27.275 30.7472
    endloop
  endfacet
  facet normal 0 -1 -0
    outer loop
      vertex 85.15 27.275 30.7472
      vertex 67.875 27.275 27.7472
      vertex 85.15 27.275 27.7472
    endloop
  endfacet
  facet normal 0 -1 0
    outer loop
      vertex 29.775 27.275 27.7472
      vertex 46.325 27.275 30.7472
      vertex 29.775 27.275 30.7472
    endloop
  endfacet
  facet normal 0 -1 -0
    outer loop
      vertex 46.325 27.275 30.7472
      vertex 29.775 27.275 27.7472
      vertex 46.325 27.275 27.7472
    endloop
  endfacet
  facet normal 0 -1 0
    outer loop
      vertex 48.825 27.275 27.7472
      vertex 65.375 27.275 30.7472
      vertex 48.825 27.275 30.7472
    endloop
  endfacet
  facet normal 0 -1 -0
    outer loop
      vertex 65.375 27.275 30.7472
      vertex 48.825 27.275 27.7472
      vertex 65.375 27.275 27.7472
    endloop
  endfacet
  facet normal 1 -0 0
    outer loop
      vertex 85.15 46.325 41.7458
      vertex 85.15 48.825 40.1891
      vertex 85.15 48.825 43.1891
    endloop
  endfacet
  facet normal 1 0 0
    outer loop
      vertex 85.15 48.825 40.1891
      vertex 85.15 46.325 41.7458
      vertex 85.15 46.325 38.7458
    endloop
  endfacet
  facet normal -1 0 0
    outer loop
      vertex 10 46.325 41.7458
      vertex 10 48.825 40.1891
      vertex 10 46.325 38.7458
    endloop
  endfacet
  facet normal -1 0 0
    outer loop
      vertex 10 48.825 40.1891
      vertex 10 46.325 41.7458
      vertex 10 48.825 43.1891
    endloop
  endfacet
  facet normal 0 1 -0
    outer loop
      vertex 27.275 48.825 40.1891
      vertex 10 48.825 43.1891
      vertex 27.275 48.825 43.1891
    endloop
  endfacet
  facet normal 0 1 0
    outer loop
      vertex 10 48.825 43.1891
      vertex 27.275 48.825 40.1891
      vertex 10 48.825 40.1891
    endloop
  endfacet
  facet normal 0 1 -0
    outer loop
      vertex 85.15 48.825 40.1891
      vertex 67.875 48.825 43.1891
      vertex 85.15 48.825 43.1891
    endloop
  endfacet
  facet normal 0 1 0
    outer loop
      vertex 67.875 48.825 43.1891
      vertex 85.15 48.825 40.1891
      vertex 67.875 48.825 40.1891
    endloop
  endfacet
  facet normal 0 1 -0
    outer loop
      vertex 46.325 48.825 40.1891
      vertex 29.775 48.825 43.1891
      vertex 46.325 48.825 43.1891
    endloop
  endfacet
  facet normal 0 1 0
    outer loop
      vertex 29.775 48.825 43.1891
      vertex 46.325 48.825 40.1891
      vertex 29.775 48.825 40.1891
    endloop
  endfacet
  facet normal 0 1 -0
    outer loop
      vertex 65.375 48.825 40.1891
      vertex 48.825 48.825 43.1891
      vertex 65.375 48.825 43.1891
    endloop
  endfacet
  facet normal 0 1 0
    outer loop
      vertex 48.825 48.825 43.1891
      vertex 65.375 48.825 40.1891
      vertex 48.825 48.825 40.1891
    endloop
  endfacet
  facet normal 0 -1 0
    outer loop
      vertex 10 46.325 38.7458
      vertex 27.275 46.325 41.7458
      vertex 10 46.325 41.7458
    endloop
  endfacet
  facet normal 0 -1 -0
    outer loop
      vertex 27.275 46.325 41.7458
      vertex 10 46.325 38.7458
      vertex 27.275 46.325 38.7458
    endloop
  endfacet
  facet normal 0 -1 0
    outer loop
      vertex 67.875 46.325 38.7458
      vertex 85.15 46.325 41.7458
      vertex 67.875 46.325 41.7458
    endloop
  endfacet
  facet normal 0 -1 -0
    outer loop
      vertex 85.15 46.325 41.7458
      vertex 67.875 46.325 38.7458
      vertex 85.15 46.325 38.7458
    endloop
  endfacet
  facet normal 0 -1 0
    outer loop
      vertex 29.775 46.325 38.7458
      vertex 46.325 46.325 41.7458
      vertex 29.775 46.325 41.7458
    endloop
  endfacet
  facet normal 0 -1 -0
    outer loop
      vertex 46.325 46.325 41.7458
      vertex 29.775 46.325 38.7458
      vertex 46.325 46.325 38.7458
    endloop
  endfacet
  facet normal 0 -1 0
    outer loop
      vertex 48.825 46.325 38.7458
      vertex 65.375 46.325 41.7458
      vertex 48.825 46.325 41.7458
    endloop
  endfacet
  facet normal 0 -1 -0
    outer loop
      vertex 65.375 46.325 41.7458
      vertex 48.825 46.325 38.7458
      vertex 65.375 46.325 38.7458
    endloop
  endfacet
  facet normal 1 -0 0
    outer loop
      vertex 85.15 65.375 52.7443
      vertex 85.15 67.875 51.1876
      vertex 85.15 67.875 54.1876
    endloop
  endfacet
  facet normal 1 0 0
    outer loop
      vertex 85.15 67.875 51.1876
      vertex 85.15 65.375 52.7443
      vertex 85.15 65.375 49.7443
    endloop
  endfacet
  facet normal -1 0 0
    outer loop
      vertex 10 65.375 52.7443
      vertex 10 67.875 51.1876
      vertex 10 65.375 49.7443
    endloop
  endfacet
  facet normal -1 0 0
    outer loop
      vertex 10 67.875 51.1876
      vertex 10 65.375 52.7443
      vertex 10 67.875 54.1876
    endloop
  endfacet
  facet normal 0 1 -0
    outer loop
      vertex 27.275 67.875 51.1876
      vertex 10 67.875 54.1876
      vertex 27.275 67.875 54.1876
    endloop
  endfacet
  facet normal 0 1 0
    outer loop
      vertex 10 67.875 54.1876
      vertex 27.275 67.875 51.1876
      vertex 10 67.875 51.1876
    endloop
  endfacet
  facet normal 0 1 -0
    outer loop
      vertex 85.15 67.875 51.1876
      vertex 67.875 67.875 54.1876
      vertex 85.15 67.875 54.1876
    endloop
  endfacet
  facet normal 0 1 0
    outer loop
      vertex 67.875 67.875 54.1876
      vertex 85.15 67.875 51.1876
      vertex 67.875 67.875 51.1876
    endloop
  endfacet
  facet normal 0 1 -0
    outer loop
      vertex 46.325 67.875 51.1876
      vertex 29.775 67.875 54.1876
      vertex 46.325 67.875 54.1876
    endloop
  endfacet
  facet normal 0 1 0
    outer loop
      vertex 29.775 67.875 54.1876
      vertex 46.325 67.875 51.1876
      vertex 29.775 67.875 51.1876
    endloop
  endfacet
  facet normal 0 1 -0
    outer loop
      vertex 65.375 67.875 51.1876
      vertex 48.825 67.875 54.1876
      vertex 65.375 67.875 54.1876
    endloop
  endfacet
  facet normal 0 1 0
    outer loop
      vertex 48.825 67.875 54.1876
      vertex 65.375 67.875 51.1876
      vertex 48.825 67.875 51.1876
    endloop
  endfacet
  facet normal 0 -1 0
    outer loop
      vertex 10 65.375 49.7443
      vertex 27.275 65.375 52.7443
      vertex 10 65.375 52.7443
    endloop
  endfacet
  facet normal 0 -1 -0
    outer loop
      vertex 27.275 65.375 52.7443
      vertex 10 65.375 49.7443
      vertex 27.275 65.375 49.7443
    endloop
  endfacet
  facet normal 0 -1 0
    outer loop
      vertex 67.875 65.375 49.7443
      vertex 85.15 65.375 52.7443
      vertex 67.875 65.375 52.7443
    endloop
  endfacet
  facet normal 0 -1 -0
    outer loop
      vertex 85.15 65.375 52.7443
      vertex 67.875 65.375 49.7443
      vertex 85.15 65.375 49.7443
    endloop
  endfacet
  facet normal 0 -1 0
    outer loop
      vertex 29.775 65.375 49.7443
      vertex 46.325 65.375 52.7443
      vertex 29.775 65.375 52.7443
    endloop
  endfacet
  facet normal 0 -1 -0
    outer loop
      vertex 46.325 65.375 52.7443
      vertex 29.775 65.375 49.7443
      vertex 46.325 65.375 49.7443
    endloop
  endfacet
  facet normal 0 -1 0
    outer loop
      vertex 48.825 65.375 49.7443
      vertex 65.375 65.375 52.7443
      vertex 48.825 65.375 52.7443
    endloop
  endfacet
  facet normal 0 -1 -0
    outer loop
      vertex 65.375 65.375 52.7443
      vertex 48.825 65.375 49.7443
      vertex 65.375 65.375 49.7443
    endloop
  endfacet
  facet normal 1 0 0
    outer loop
      vertex 38.575 6.15 20.5507
      vertex 38.575 3 18.7321
      vertex 38.575 6.15 18.5507
    endloop
  endfacet
  facet normal 1 0 0
    outer loop
      vertex 38.575 3 18.7321
      vertex 38.575 6.15 20.5507
      vertex 38.575 6.65 20.8394
    endloop
  endfacet
  facet normal 1 -0 0
    outer loop
      vertex 38.575 6.15 18.5507
      vertex 38.575 6.65 18.4641
      vertex 38.575 6.65 18.8394
    endloop
  endfacet
  facet normal 1 0 0
    outer loop
      vertex 38.575 3 18.4641
      vertex 38.575 6.15 18.5507
      vertex 38.575 3 18.7321
    endloop
  endfacet
  facet normal 1 0 0
    outer loop
      vertex 38.575 6.15 18.5507
      vertex 38.575 3 18.4641
      vertex 38.575 6.65 18.4641
    endloop
  endfacet
  facet normal 0 0 -1
    outer loop
      vertex 28.575 3 18.4641
      vertex 38.575 6.65 18.4641
      vertex 38.575 3 18.4641
    endloop
  endfacet
  facet normal -0 0 -1
    outer loop
      vertex 38.575 6.65 18.4641
      vertex 28.575 3 18.4641
      vertex 28.575 6.65 18.4641
    endloop
  endfacet
  facet normal -1 0 0
    outer loop
      vertex 28.575 6.65 18.4641
      vertex 28.575 6.15 18.5507
      vertex 28.575 6.65 18.8394
    endloop
  endfacet
  facet normal -1 0 0
    outer loop
      vertex 28.575 3 18.7321
      vertex 28.575 6.15 18.5507
      vertex 28.575 3 18.4641
    endloop
  endfacet
  facet normal -1 0 0
    outer loop
      vertex 28.575 3 18.4641
      vertex 28.575 6.15 18.5507
      vertex 28.575 6.65 18.4641
    endloop
  endfacet
  facet normal -1 -0 0
    outer loop
      vertex 28.575 6.15 20.5507
      vertex 28.575 3 18.7321
      vertex 28.575 6.65 20.8394
    endloop
  endfacet
  facet normal -1 0 0
    outer loop
      vertex 28.575 6.15 18.5507
      vertex 28.575 3 18.7321
      vertex 28.575 6.15 20.5507
    endloop
  endfacet
  facet normal 0 1 -0
    outer loop
      vertex 38.575 6.65 18.4641
      vertex 28.575 6.65 18.8394
      vertex 38.575 6.65 18.8394
    endloop
  endfacet
  facet normal 0 1 0
    outer loop
      vertex 28.575 6.65 18.8394
      vertex 38.575 6.65 18.4641
      vertex 28.575 6.65 18.4641
    endloop
  endfacet
  facet normal 0 -1 0
    outer loop
      vertex 28.575 3 18.4641
      vertex 38.575 3 18.7321
      vertex 28.575 3 18.7321
    endloop
  endfacet
  facet normal 0 -1 -0
    outer loop
      vertex 38.575 3 18.7321
      vertex 28.575 3 18.4641
      vertex 38.575 3 18.4641
    endloop
  endfacet
  facet normal 0 -0.499995 0.866028
    outer loop
      vertex 28.575 6.65 20.8394
      vertex 38.575 3 18.7321
      vertex 38.575 6.65 20.8394
    endloop
  endfacet
  facet normal 0 -0.499995 0.866028
    outer loop
      vertex 38.575 3 18.7321
      vertex 28.575 6.65 20.8394
      vertex 28.575 3 18.7321
    endloop
  endfacet
  facet normal 1 0 0
    outer loop
      vertex 88.575 6.15 20.5507
      vertex 88.575 3 18.7321
      vertex 88.575 6.15 18.5507
    endloop
  endfacet
  facet normal 1 0 0
    outer loop
      vertex 88.575 3 18.7321
      vertex 88.575 6.15 20.5507
      vertex 88.575 6.65 20.8394
    endloop
  endfacet
  facet normal 1 -0 0
    outer loop
      vertex 88.575 6.15 18.5507
      vertex 88.575 6.65 18.4641
      vertex 88.575 6.65 18.8394
    endloop
  endfacet
  facet normal 1 0 0
    outer loop
      vertex 88.575 3 18.4641
      vertex 88.575 6.15 18.5507
      vertex 88.575 3 18.7321
    endloop
  endfacet
  facet normal 1 0 0
    outer loop
      vertex 88.575 6.15 18.5507
      vertex 88.575 3 18.4641
      vertex 88.575 6.65 18.4641
    endloop
  endfacet
  facet normal 0 0 -1
    outer loop
      vertex 78.575 3 18.4641
      vertex 88.575 6.65 18.4641
      vertex 88.575 3 18.4641
    endloop
  endfacet
  facet normal -0 0 -1
    outer loop
      vertex 88.575 6.65 18.4641
      vertex 78.575 3 18.4641
      vertex 78.575 6.65 18.4641
    endloop
  endfacet
  facet normal -1 0 0
    outer loop
      vertex 78.575 6.65 18.4641
      vertex 78.575 6.15 18.5507
      vertex 78.575 6.65 18.8394
    endloop
  endfacet
  facet normal -1 0 0
    outer loop
      vertex 78.575 3 18.7321
      vertex 78.575 6.15 18.5507
      vertex 78.575 3 18.4641
    endloop
  endfacet
  facet normal -1 0 0
    outer loop
      vertex 78.575 3 18.4641
      vertex 78.575 6.15 18.5507
      vertex 78.575 6.65 18.4641
    endloop
  endfacet
  facet normal -1 -0 0
    outer loop
      vertex 78.575 6.15 20.5507
      vertex 78.575 3 18.7321
      vertex 78.575 6.65 20.8394
    endloop
  endfacet
  facet normal -1 0 0
    outer loop
      vertex 78.575 6.15 18.5507
      vertex 78.575 3 18.7321
      vertex 78.575 6.15 20.5507
    endloop
  endfacet
  facet normal 0 1 -0
    outer loop
      vertex 88.575 6.65 18.4641
      vertex 78.575 6.65 18.8394
      vertex 88.575 6.65 18.8394
    endloop
  endfacet
  facet normal 0 1 0
    outer loop
      vertex 78.575 6.65 18.8394
      vertex 88.575 6.65 18.4641
      vertex 78.575 6.65 18.4641
    endloop
  endfacet
  facet normal 0 -1 0
    outer loop
      vertex 78.575 3 18.4641
      vertex 88.575 3 18.7321
      vertex 78.575 3 18.7321
    endloop
  endfacet
  facet normal 0 -1 -0
    outer loop
      vertex 88.575 3 18.7321
      vertex 78.575 3 18.4641
      vertex 88.575 3 18.4641
    endloop
  endfacet
  facet normal 0 -0.499995 0.866028
    outer loop
      vertex 78.575 6.65 20.8394
      vertex 88.575 3 18.7321
      vertex 88.575 6.65 20.8394
    endloop
  endfacet
  facet normal 0 -0.499995 0.866028
    outer loop
      vertex 88.575 3 18.7321
      vertex 78.575 6.65 20.8394
      vertex 78.575 3 18.7321
    endloop
  endfacet
  facet normal 1 -0 0
    outer loop
      vertex 38.575 89 68.3842
      vertex 38.575 92.15 66.4708
      vertex 38.575 92.15 70.2028
    endloop
  endfacet
  facet normal 1 0 0
    outer loop
      vertex 38.575 92.15 66.4708
      vertex 38.575 89 68.3842
      vertex 38.575 89 66.4708
    endloop
  endfacet
  facet normal -1 0 0
    outer loop
      vertex 38.575 92.15 70.2028
      vertex 38.575 88.5 68.0955
      vertex 38.575 89 68.3842
    endloop
  endfacet
  facet normal 0 0 -1
    outer loop
      vertex 28.575 89 66.4708
      vertex 38.575 92.15 66.4708
      vertex 38.575 89 66.4708
    endloop
  endfacet
  facet normal -0 0 -1
    outer loop
      vertex 38.575 92.15 66.4708
      vertex 28.575 89 66.4708
      vertex 28.575 92.15 66.4708
    endloop
  endfacet
  facet normal -1 0 0
    outer loop
      vertex 28.575 89 68.3842
      vertex 28.575 92.15 66.4708
      vertex 28.575 89 66.4708
    endloop
  endfacet
  facet normal -1 0 0
    outer loop
      vertex 28.575 92.15 66.4708
      vertex 28.575 89 68.3842
      vertex 28.575 92.15 70.2028
    endloop
  endfacet
  facet normal 1 0 0
    outer loop
      vertex 28.575 92.15 70.2028
      vertex 28.575 89 68.3842
      vertex 28.575 88.5 68.0955
    endloop
  endfacet
  facet normal 0 1 -0
    outer loop
      vertex 38.575 92.15 66.4708
      vertex 28.575 92.15 70.2028
      vertex 38.575 92.15 70.2028
    endloop
  endfacet
  facet normal 0 1 0
    outer loop
      vertex 28.575 92.15 70.2028
      vertex 38.575 92.15 66.4708
      vertex 28.575 92.15 66.4708
    endloop
  endfacet
  facet normal 0 -0.499995 0.866028
    outer loop
      vertex 28.575 92.15 70.2028
      vertex 38.575 88.5 68.0955
      vertex 38.575 92.15 70.2028
    endloop
  endfacet
  facet normal 0 -0.499995 0.866028
    outer loop
      vertex 38.575 88.5 68.0955
      vertex 28.575 92.15 70.2028
      vertex 28.575 88.5 68.0955
    endloop
  endfacet
  facet normal 1 -0 0
    outer loop
      vertex 88.575 89 68.3842
      vertex 88.575 92.15 66.4708
      vertex 88.575 92.15 70.2028
    endloop
  endfacet
  facet normal 1 0 0
    outer loop
      vertex 88.575 92.15 66.4708
      vertex 88.575 89 68.3842
      vertex 88.575 89 66.4708
    endloop
  endfacet
  facet normal -1 0 0
    outer loop
      vertex 88.575 92.15 70.2028
      vertex 88.575 88.5 68.0955
      vertex 88.575 89 68.3842
    endloop
  endfacet
  facet normal 0 0 -1
    outer loop
      vertex 78.575 89 66.4708
      vertex 88.575 92.15 66.4708
      vertex 88.575 89 66.4708
    endloop
  endfacet
  facet normal -0 0 -1
    outer loop
      vertex 88.575 92.15 66.4708
      vertex 78.575 89 66.4708
      vertex 78.575 92.15 66.4708
    endloop
  endfacet
  facet normal -1 0 0
    outer loop
      vertex 78.575 89 68.3842
      vertex 78.575 92.15 66.4708
      vertex 78.575 89 66.4708
    endloop
  endfacet
  facet normal -1 0 0
    outer loop
      vertex 78.575 92.15 66.4708
      vertex 78.575 89 68.3842
      vertex 78.575 92.15 70.2028
    endloop
  endfacet
  facet normal 1 0 0
    outer loop
      vertex 78.575 92.15 70.2028
      vertex 78.575 89 68.3842
      vertex 78.575 88.5 68.0955
    endloop
  endfacet
  facet normal 0 1 -0
    outer loop
      vertex 88.575 92.15 66.4708
      vertex 78.575 92.15 70.2028
      vertex 88.575 92.15 70.2028
    endloop
  endfacet
  facet normal 0 1 0
    outer loop
      vertex 78.575 92.15 70.2028
      vertex 88.575 92.15 66.4708
      vertex 78.575 92.15 66.4708
    endloop
  endfacet
  facet normal 0 -0.499995 0.866028
    outer loop
      vertex 78.575 92.15 70.2028
      vertex 88.575 88.5 68.0955
      vertex 88.575 92.15 70.2028
    endloop
  endfacet
  facet normal 0 -0.499995 0.866028
    outer loop
      vertex 88.575 88.5 68.0955
      vertex 78.575 92.15 70.2028
      vertex 78.575 88.5 68.0955
    endloop
  endfacet
  facet normal 1 0 0
    outer loop
      vertex 6.65 27.575 30.9204
      vertex 6.65 22.575 28.0337
      vertex 6.65 27.575 28.0337
    endloop
  endfacet
  facet normal 0 0 -1
    outer loop
      vertex 6.15 19.1109 28.0337
      vertex 3 19.1109 28.0337
      vertex 6.15 22.575 28.0337
    endloop
  endfacet
  facet normal 0 0 -1
    outer loop
      vertex 6.15 22.575 28.0337
      vertex 6.65 27.575 28.0337
      vertex 6.65 22.575 28.0337
    endloop
  endfacet
  facet normal 0 0 -1
    outer loop
      vertex 3 27.575 28.0337
      vertex 6.15 22.575 28.0337
      vertex 3 19.1109 28.0337
    endloop
  endfacet
  facet normal 0 0 -1
    outer loop
      vertex 6.15 22.575 28.0337
      vertex 3 27.575 28.0337
      vertex 6.65 27.575 28.0337
    endloop
  endfacet
  facet normal 0 -0 0
    outer loop
      vertex 6.15 19.1109 28.0337
      vertex 6.65 19.1109 28.0337
      vertex 3 19.1109 28.0337
    endloop
  endfacet
  facet normal -1 0 0
    outer loop
      vertex 3 27.575 28.0337
      vertex 3 19.1109 28.0337
      vertex 3 27.575 32.9204
    endloop
  endfacet
  facet normal 0 1 0
    outer loop
      vertex 6.65 27.575 30.9204
      vertex 6.65 27.575 28.0337
      vertex 6.15 27.575 30.9204
    endloop
  endfacet
  facet normal 0 1 -0
    outer loop
      vertex 6.15 27.575 30.9204
      vertex 3 27.575 32.9204
      vertex 6.15 27.575 32.9204
    endloop
  endfacet
  facet normal 0 1 0
    outer loop
      vertex 3 27.575 28.0337
      vertex 6.15 27.575 30.9204
      vertex 6.65 27.575 28.0337
    endloop
  endfacet
  facet normal 0 1 0
    outer loop
      vertex 6.15 27.575 30.9204
      vertex 3 27.575 28.0337
      vertex 3 27.575 32.9204
    endloop
  endfacet
  facet normal 0 0 -0
    outer loop
      vertex 6.15 27.575 32.9204
      vertex 3 27.575 32.9204
      vertex 6.65 27.575 32.9204
    endloop
  endfacet
  facet normal 0 -0.499996 0.866028
    outer loop
      vertex 3 27.575 32.9204
      vertex 6.65 19.1109 28.0337
      vertex 6.65 27.575 32.9204
    endloop
  endfacet
  facet normal 0 -0.499996 0.866028
    outer loop
      vertex 6.65 19.1109 28.0337
      vertex 3 27.575 32.9204
      vertex 3 19.1109 28.0337
    endloop
  endfacet
  facet normal 1 0 0
    outer loop
      vertex 114.15 27.575 32.9204
      vertex 114.15 19.1109 28.0337
      vertex 114.15 27.575 28.0337
    endloop
  endfacet
  facet normal 0 0 -1
    outer loop
      vertex 111 22.575 28.0337
      vertex 114.15 19.1109 28.0337
      vertex 111 19.1109 28.0337
    endloop
  endfacet
  facet normal 0 0 -1
    outer loop
      vertex 114.15 19.1109 28.0337
      vertex 111 22.575 28.0337
      vertex 114.15 27.575 28.0337
    endloop
  endfacet
  facet normal 0 0 -1
    outer loop
      vertex 110.5 27.575 28.0337
      vertex 111 22.575 28.0337
      vertex 110.5 22.575 28.0337
    endloop
  endfacet
  facet normal 0 0 -1
    outer loop
      vertex 111 22.575 28.0337
      vertex 110.5 27.575 28.0337
      vertex 114.15 27.575 28.0337
    endloop
  endfacet
  facet normal 0 -0 0
    outer loop
      vertex 111 19.1109 28.0337
      vertex 114.15 19.1109 28.0337
      vertex 110.5 19.1109 28.0337
    endloop
  endfacet
  facet normal -1 0 0
    outer loop
      vertex 110.5 27.575 28.0337
      vertex 110.5 22.575 28.0337
      vertex 110.5 27.575 30.9204
    endloop
  endfacet
  facet normal 0 1 0
    outer loop
      vertex 114.15 27.575 32.9204
      vertex 111 27.575 30.9204
      vertex 111 27.575 32.9204
    endloop
  endfacet
  facet normal 0 1 -0
    outer loop
      vertex 114.15 27.575 28.0337
      vertex 111 27.575 30.9204
      vertex 114.15 27.575 32.9204
    endloop
  endfacet
  facet normal 0 1 0
    outer loop
      vertex 110.5 27.575 28.0337
      vertex 111 27.575 30.9204
      vertex 114.15 27.575 28.0337
    endloop
  endfacet
  facet normal 0 1 0
    outer loop
      vertex 111 27.575 30.9204
      vertex 110.5 27.575 28.0337
      vertex 110.5 27.575 30.9204
    endloop
  endfacet
  facet normal 0 0 0
    outer loop
      vertex 110.5 27.575 32.9204
      vertex 114.15 27.575 32.9204
      vertex 111 27.575 32.9204
    endloop
  endfacet
  facet normal 0 -0.499996 0.866028
    outer loop
      vertex 110.5 27.575 32.9204
      vertex 114.15 19.1109 28.0337
      vertex 114.15 27.575 32.9204
    endloop
  endfacet
  facet normal 0 -0.499996 0.866028
    outer loop
      vertex 114.15 19.1109 28.0337
      vertex 110.5 27.575 32.9204
      vertex 110.5 19.1109 28.0337
    endloop
  endfacet
  facet normal 0 -0.866032 -0.499989
    outer loop
      vertex 12 25.6034 29.7822
      vertex 26 24.7374 31.2822
      vertex 12 24.7374 31.2822
    endloop
  endfacet
  facet normal 0 -0.866032 -0.499989
    outer loop
      vertex 26 24.7374 31.2822
      vertex 12 25.6034 29.7822
      vertex 26 25.6034 29.7822
    endloop
  endfacet
  facet normal 1 0 0
    outer loop
      vertex 12 24.7374 31.2822
      vertex 12 13.4791 22.7822
      vertex 12 25.6034 29.7822
    endloop
  endfacet
  facet normal 1 0 -0
    outer loop
      vertex 12 13.4791 22.7822
      vertex 12 24.7374 31.2822
      vertex 12 12.6131 24.2822
    endloop
  endfacet
  facet normal -1 0 0
    outer loop
      vertex 26 13.4791 22.7822
      vertex 26 24.7374 31.2822
      vertex 26 25.6034 29.7822
    endloop
  endfacet
  facet normal -1 0 0
    outer loop
      vertex 26 24.7374 31.2822
      vertex 26 13.4791 22.7822
      vertex 26 12.6131 24.2822
    endloop
  endfacet
  facet normal 0 0.866032 0.499989
    outer loop
      vertex 26 13.4791 22.7822
      vertex 12 12.6131 24.2822
      vertex 26 12.6131 24.2822
    endloop
  endfacet
  facet normal 0 0.866032 0.499989
    outer loop
      vertex 12 12.6131 24.2822
      vertex 26 13.4791 22.7822
      vertex 12 13.4791 22.7822
    endloop
  endfacet
  facet normal 0 -0.866032 -0.499989
    outer loop
      vertex 31.05 25.6034 29.7822
      vertex 45.05 24.7374 31.2822
      vertex 31.05 24.7374 31.2822
    endloop
  endfacet
  facet normal 0 -0.866032 -0.499989
    outer loop
      vertex 45.05 24.7374 31.2822
      vertex 31.05 25.6034 29.7822
      vertex 45.05 25.6034 29.7822
    endloop
  endfacet
  facet normal 1 0 0
    outer loop
      vertex 31.05 24.7374 31.2822
      vertex 31.05 13.4791 22.7822
      vertex 31.05 25.6034 29.7822
    endloop
  endfacet
  facet normal 1 0 -0
    outer loop
      vertex 31.05 13.4791 22.7822
      vertex 31.05 24.7374 31.2822
      vertex 31.05 12.6131 24.2822
    endloop
  endfacet
  facet normal -1 0 0
    outer loop
      vertex 45.05 13.4791 22.7822
      vertex 45.05 24.7374 31.2822
      vertex 45.05 25.6034 29.7822
    endloop
  endfacet
  facet normal -1 0 0
    outer loop
      vertex 45.05 24.7374 31.2822
      vertex 45.05 13.4791 22.7822
      vertex 45.05 12.6131 24.2822
    endloop
  endfacet
  facet normal 0 0.866032 0.499989
    outer loop
      vertex 45.05 13.4791 22.7822
      vertex 31.05 12.6131 24.2822
      vertex 45.05 12.6131 24.2822
    endloop
  endfacet
  facet normal 0 0.866032 0.499989
    outer loop
      vertex 31.05 12.6131 24.2822
      vertex 45.05 13.4791 22.7822
      vertex 31.05 13.4791 22.7822
    endloop
  endfacet
  facet normal 0 -0.866032 -0.499989
    outer loop
      vertex 50.1 25.6034 29.7822
      vertex 64.1 24.7374 31.2822
      vertex 50.1 24.7374 31.2822
    endloop
  endfacet
  facet normal 0 -0.866032 -0.499989
    outer loop
      vertex 64.1 24.7374 31.2822
      vertex 50.1 25.6034 29.7822
      vertex 64.1 25.6034 29.7822
    endloop
  endfacet
  facet normal 1 0 0
    outer loop
      vertex 50.1 24.7374 31.2822
      vertex 50.1 13.4791 22.7822
      vertex 50.1 25.6034 29.7822
    endloop
  endfacet
  facet normal 1 0 -0
    outer loop
      vertex 50.1 13.4791 22.7822
      vertex 50.1 24.7374 31.2822
      vertex 50.1 12.6131 24.2822
    endloop
  endfacet
  facet normal -1 0 0
    outer loop
      vertex 64.1 13.4791 22.7822
      vertex 64.1 24.7374 31.2822
      vertex 64.1 25.6034 29.7822
    endloop
  endfacet
  facet normal -1 0 0
    outer loop
      vertex 64.1 24.7374 31.2822
      vertex 64.1 13.4791 22.7822
      vertex 64.1 12.6131 24.2822
    endloop
  endfacet
  facet normal 0 0.866032 0.499989
    outer loop
      vertex 64.1 13.4791 22.7822
      vertex 50.1 12.6131 24.2822
      vertex 64.1 12.6131 24.2822
    endloop
  endfacet
  facet normal 0 0.866032 0.499989
    outer loop
      vertex 50.1 12.6131 24.2822
      vertex 64.1 13.4791 22.7822
      vertex 50.1 13.4791 22.7822
    endloop
  endfacet
  facet normal 0 -0.866032 -0.499989
    outer loop
      vertex 69.15 25.6034 29.7822
      vertex 83.15 24.7374 31.2822
      vertex 69.15 24.7374 31.2822
    endloop
  endfacet
  facet normal 0 -0.866032 -0.499989
    outer loop
      vertex 83.15 24.7374 31.2822
      vertex 69.15 25.6034 29.7822
      vertex 83.15 25.6034 29.7822
    endloop
  endfacet
  facet normal 1 0 0
    outer loop
      vertex 69.15 24.7374 31.2822
      vertex 69.15 13.4791 22.7822
      vertex 69.15 25.6034 29.7822
    endloop
  endfacet
  facet normal 1 0 -0
    outer loop
      vertex 69.15 13.4791 22.7822
      vertex 69.15 24.7374 31.2822
      vertex 69.15 12.6131 24.2822
    endloop
  endfacet
  facet normal -1 0 0
    outer loop
      vertex 83.15 13.4791 22.7822
      vertex 83.15 24.7374 31.2822
      vertex 83.15 25.6034 29.7822
    endloop
  endfacet
  facet normal -1 0 0
    outer loop
      vertex 83.15 24.7374 31.2822
      vertex 83.15 13.4791 22.7822
      vertex 83.15 12.6131 24.2822
    endloop
  endfacet
  facet normal 0 0.866032 0.499989
    outer loop
      vertex 83.15 13.4791 22.7822
      vertex 69.15 12.6131 24.2822
      vertex 83.15 12.6131 24.2822
    endloop
  endfacet
  facet normal 0 0.866032 0.499989
    outer loop
      vertex 69.15 12.6131 24.2822
      vertex 83.15 13.4791 22.7822
      vertex 69.15 13.4791 22.7822
    endloop
  endfacet
  facet normal 0 -0.866032 -0.499989
    outer loop
      vertex 12 44.6534 40.7807
      vertex 26 43.7874 42.2807
      vertex 12 43.7874 42.2807
    endloop
  endfacet
  facet normal 0 -0.866032 -0.499989
    outer loop
      vertex 26 43.7874 42.2807
      vertex 12 44.6534 40.7807
      vertex 26 44.6534 40.7807
    endloop
  endfacet
  facet normal 1 0 0
    outer loop
      vertex 12 43.7874 42.2807
      vertex 12 32.5291 33.7807
      vertex 12 44.6534 40.7807
    endloop
  endfacet
  facet normal 1 0 -0
    outer loop
      vertex 12 32.5291 33.7807
      vertex 12 43.7874 42.2807
      vertex 12 31.6631 35.2807
    endloop
  endfacet
  facet normal -1 0 0
    outer loop
      vertex 26 32.5291 33.7807
      vertex 26 43.7874 42.2807
      vertex 26 44.6534 40.7807
    endloop
  endfacet
  facet normal -1 0 0
    outer loop
      vertex 26 43.7874 42.2807
      vertex 26 32.5291 33.7807
      vertex 26 31.6631 35.2807
    endloop
  endfacet
  facet normal 0 0.866032 0.499989
    outer loop
      vertex 26 32.5291 33.7807
      vertex 12 31.6631 35.2807
      vertex 26 31.6631 35.2807
    endloop
  endfacet
  facet normal 0 0.866032 0.499989
    outer loop
      vertex 12 31.6631 35.2807
      vertex 26 32.5291 33.7807
      vertex 12 32.5291 33.7807
    endloop
  endfacet
  facet normal 0 -0.866032 -0.499989
    outer loop
      vertex 31.05 44.6534 40.7807
      vertex 45.05 43.7874 42.2807
      vertex 31.05 43.7874 42.2807
    endloop
  endfacet
  facet normal 0 -0.866032 -0.499989
    outer loop
      vertex 45.05 43.7874 42.2807
      vertex 31.05 44.6534 40.7807
      vertex 45.05 44.6534 40.7807
    endloop
  endfacet
  facet normal 1 0 0
    outer loop
      vertex 31.05 43.7874 42.2807
      vertex 31.05 32.5291 33.7807
      vertex 31.05 44.6534 40.7807
    endloop
  endfacet
  facet normal 1 0 -0
    outer loop
      vertex 31.05 32.5291 33.7807
      vertex 31.05 43.7874 42.2807
      vertex 31.05 31.6631 35.2807
    endloop
  endfacet
  facet normal -1 0 0
    outer loop
      vertex 45.05 32.5291 33.7807
      vertex 45.05 43.7874 42.2807
      vertex 45.05 44.6534 40.7807
    endloop
  endfacet
  facet normal -1 0 0
    outer loop
      vertex 45.05 43.7874 42.2807
      vertex 45.05 32.5291 33.7807
      vertex 45.05 31.6631 35.2807
    endloop
  endfacet
  facet normal 0 0.866032 0.499989
    outer loop
      vertex 45.05 32.5291 33.7807
      vertex 31.05 31.6631 35.2807
      vertex 45.05 31.6631 35.2807
    endloop
  endfacet
  facet normal 0 0.866032 0.499989
    outer loop
      vertex 31.05 31.6631 35.2807
      vertex 45.05 32.5291 33.7807
      vertex 31.05 32.5291 33.7807
    endloop
  endfacet
  facet normal 0 -0.866032 -0.499989
    outer loop
      vertex 50.1 44.6534 40.7807
      vertex 64.1 43.7874 42.2807
      vertex 50.1 43.7874 42.2807
    endloop
  endfacet
  facet normal 0 -0.866032 -0.499989
    outer loop
      vertex 64.1 43.7874 42.2807
      vertex 50.1 44.6534 40.7807
      vertex 64.1 44.6534 40.7807
    endloop
  endfacet
  facet normal 1 0 0
    outer loop
      vertex 50.1 43.7874 42.2807
      vertex 50.1 32.5291 33.7807
      vertex 50.1 44.6534 40.7807
    endloop
  endfacet
  facet normal 1 0 -0
    outer loop
      vertex 50.1 32.5291 33.7807
      vertex 50.1 43.7874 42.2807
      vertex 50.1 31.6631 35.2807
    endloop
  endfacet
  facet normal -1 0 0
    outer loop
      vertex 64.1 32.5291 33.7807
      vertex 64.1 43.7874 42.2807
      vertex 64.1 44.6534 40.7807
    endloop
  endfacet
  facet normal -1 0 0
    outer loop
      vertex 64.1 43.7874 42.2807
      vertex 64.1 32.5291 33.7807
      vertex 64.1 31.6631 35.2807
    endloop
  endfacet
  facet normal 0 0.866032 0.499989
    outer loop
      vertex 64.1 32.5291 33.7807
      vertex 50.1 31.6631 35.2807
      vertex 64.1 31.6631 35.2807
    endloop
  endfacet
  facet normal 0 0.866032 0.499989
    outer loop
      vertex 50.1 31.6631 35.2807
      vertex 64.1 32.5291 33.7807
      vertex 50.1 32.5291 33.7807
    endloop
  endfacet
  facet normal 0 -0.866032 -0.499989
    outer loop
      vertex 69.15 44.6534 40.7807
      vertex 83.15 43.7874 42.2807
      vertex 69.15 43.7874 42.2807
    endloop
  endfacet
  facet normal 0 -0.866032 -0.499989
    outer loop
      vertex 83.15 43.7874 42.2807
      vertex 69.15 44.6534 40.7807
      vertex 83.15 44.6534 40.7807
    endloop
  endfacet
  facet normal 1 0 0
    outer loop
      vertex 69.15 43.7874 42.2807
      vertex 69.15 32.5291 33.7807
      vertex 69.15 44.6534 40.7807
    endloop
  endfacet
  facet normal 1 0 -0
    outer loop
      vertex 69.15 32.5291 33.7807
      vertex 69.15 43.7874 42.2807
      vertex 69.15 31.6631 35.2807
    endloop
  endfacet
  facet normal -1 0 0
    outer loop
      vertex 83.15 32.5291 33.7807
      vertex 83.15 43.7874 42.2807
      vertex 83.15 44.6534 40.7807
    endloop
  endfacet
  facet normal -1 0 0
    outer loop
      vertex 83.15 43.7874 42.2807
      vertex 83.15 32.5291 33.7807
      vertex 83.15 31.6631 35.2807
    endloop
  endfacet
  facet normal 0 0.866032 0.499989
    outer loop
      vertex 83.15 32.5291 33.7807
      vertex 69.15 31.6631 35.2807
      vertex 83.15 31.6631 35.2807
    endloop
  endfacet
  facet normal 0 0.866032 0.499989
    outer loop
      vertex 69.15 31.6631 35.2807
      vertex 83.15 32.5291 33.7807
      vertex 69.15 32.5291 33.7807
    endloop
  endfacet
  facet normal 0 -0.866032 -0.499989
    outer loop
      vertex 12 63.7034 51.7792
      vertex 26 62.8374 53.2792
      vertex 12 62.8374 53.2792
    endloop
  endfacet
  facet normal 0 -0.866032 -0.499989
    outer loop
      vertex 26 62.8374 53.2792
      vertex 12 63.7034 51.7792
      vertex 26 63.7034 51.7792
    endloop
  endfacet
  facet normal 1 0 0
    outer loop
      vertex 12 62.8374 53.2792
      vertex 12 51.5791 44.7792
      vertex 12 63.7034 51.7792
    endloop
  endfacet
  facet normal 1 0 -0
    outer loop
      vertex 12 51.5791 44.7792
      vertex 12 62.8374 53.2792
      vertex 12 50.7131 46.2792
    endloop
  endfacet
  facet normal -1 0 0
    outer loop
      vertex 26 51.5791 44.7792
      vertex 26 62.8374 53.2792
      vertex 26 63.7034 51.7792
    endloop
  endfacet
  facet normal -1 0 0
    outer loop
      vertex 26 62.8374 53.2792
      vertex 26 51.5791 44.7792
      vertex 26 50.7131 46.2792
    endloop
  endfacet
  facet normal 0 0.866032 0.499989
    outer loop
      vertex 26 51.5791 44.7792
      vertex 12 50.7131 46.2792
      vertex 26 50.7131 46.2792
    endloop
  endfacet
  facet normal 0 0.866032 0.499989
    outer loop
      vertex 12 50.7131 46.2792
      vertex 26 51.5791 44.7792
      vertex 12 51.5791 44.7792
    endloop
  endfacet
  facet normal 0 -0.866032 -0.499989
    outer loop
      vertex 31.05 63.7034 51.7792
      vertex 45.05 62.8374 53.2792
      vertex 31.05 62.8374 53.2792
    endloop
  endfacet
  facet normal 0 -0.866032 -0.499989
    outer loop
      vertex 45.05 62.8374 53.2792
      vertex 31.05 63.7034 51.7792
      vertex 45.05 63.7034 51.7792
    endloop
  endfacet
  facet normal 1 0 0
    outer loop
      vertex 31.05 62.8374 53.2792
      vertex 31.05 51.5791 44.7792
      vertex 31.05 63.7034 51.7792
    endloop
  endfacet
  facet normal 1 0 -0
    outer loop
      vertex 31.05 51.5791 44.7792
      vertex 31.05 62.8374 53.2792
      vertex 31.05 50.7131 46.2792
    endloop
  endfacet
  facet normal -1 0 0
    outer loop
      vertex 45.05 51.5791 44.7792
      vertex 45.05 62.8374 53.2792
      vertex 45.05 63.7034 51.7792
    endloop
  endfacet
  facet normal -1 0 0
    outer loop
      vertex 45.05 62.8374 53.2792
      vertex 45.05 51.5791 44.7792
      vertex 45.05 50.7131 46.2792
    endloop
  endfacet
  facet normal 0 0.866032 0.499989
    outer loop
      vertex 45.05 51.5791 44.7792
      vertex 31.05 50.7131 46.2792
      vertex 45.05 50.7131 46.2792
    endloop
  endfacet
  facet normal 0 0.866032 0.499989
    outer loop
      vertex 31.05 50.7131 46.2792
      vertex 45.05 51.5791 44.7792
      vertex 31.05 51.5791 44.7792
    endloop
  endfacet
  facet normal 0 -0.866032 -0.499989
    outer loop
      vertex 50.1 63.7034 51.7792
      vertex 64.1 62.8374 53.2792
      vertex 50.1 62.8374 53.2792
    endloop
  endfacet
  facet normal 0 -0.866032 -0.499989
    outer loop
      vertex 64.1 62.8374 53.2792
      vertex 50.1 63.7034 51.7792
      vertex 64.1 63.7034 51.7792
    endloop
  endfacet
  facet normal 1 0 0
    outer loop
      vertex 50.1 62.8374 53.2792
      vertex 50.1 51.5791 44.7792
      vertex 50.1 63.7034 51.7792
    endloop
  endfacet
  facet normal 1 0 -0
    outer loop
      vertex 50.1 51.5791 44.7792
      vertex 50.1 62.8374 53.2792
      vertex 50.1 50.7131 46.2792
    endloop
  endfacet
  facet normal -1 0 0
    outer loop
      vertex 64.1 51.5791 44.7792
      vertex 64.1 62.8374 53.2792
      vertex 64.1 63.7034 51.7792
    endloop
  endfacet
  facet normal -1 0 0
    outer loop
      vertex 64.1 62.8374 53.2792
      vertex 64.1 51.5791 44.7792
      vertex 64.1 50.7131 46.2792
    endloop
  endfacet
  facet normal 0 0.866032 0.499989
    outer loop
      vertex 64.1 51.5791 44.7792
      vertex 50.1 50.7131 46.2792
      vertex 64.1 50.7131 46.2792
    endloop
  endfacet
  facet normal 0 0.866032 0.499989
    outer loop
      vertex 50.1 50.7131 46.2792
      vertex 64.1 51.5791 44.7792
      vertex 50.1 51.5791 44.7792
    endloop
  endfacet
  facet normal 0 -0.866032 -0.499989
    outer loop
      vertex 69.15 63.7034 51.7792
      vertex 83.15 62.8374 53.2792
      vertex 69.15 62.8374 53.2792
    endloop
  endfacet
  facet normal 0 -0.866032 -0.499989
    outer loop
      vertex 83.15 62.8374 53.2792
      vertex 69.15 63.7034 51.7792
      vertex 83.15 63.7034 51.7792
    endloop
  endfacet
  facet normal 1 0 0
    outer loop
      vertex 69.15 62.8374 53.2792
      vertex 69.15 51.5791 44.7792
      vertex 69.15 63.7034 51.7792
    endloop
  endfacet
  facet normal 1 0 -0
    outer loop
      vertex 69.15 51.5791 44.7792
      vertex 69.15 62.8374 53.2792
      vertex 69.15 50.7131 46.2792
    endloop
  endfacet
  facet normal -1 0 0
    outer loop
      vertex 83.15 51.5791 44.7792
      vertex 83.15 62.8374 53.2792
      vertex 83.15 63.7034 51.7792
    endloop
  endfacet
  facet normal -1 0 0
    outer loop
      vertex 83.15 62.8374 53.2792
      vertex 83.15 51.5791 44.7792
      vertex 83.15 50.7131 46.2792
    endloop
  endfacet
  facet normal 0 0.866032 0.499989
    outer loop
      vertex 83.15 51.5791 44.7792
      vertex 69.15 50.7131 46.2792
      vertex 83.15 50.7131 46.2792
    endloop
  endfacet
  facet normal 0 0.866032 0.499989
    outer loop
      vertex 69.15 50.7131 46.2792
      vertex 83.15 51.5791 44.7792
      vertex 69.15 51.5791 44.7792
    endloop
  endfacet
  facet normal 0 -0.866032 -0.499989
    outer loop
      vertex 12 82.7534 62.7777
      vertex 26 81.8874 64.2777
      vertex 12 81.8874 64.2777
    endloop
  endfacet
  facet normal 0 -0.866032 -0.499989
    outer loop
      vertex 26 81.8874 64.2777
      vertex 12 82.7534 62.7777
      vertex 26 82.7534 62.7777
    endloop
  endfacet
  facet normal 1 0 0
    outer loop
      vertex 12 81.8874 64.2777
      vertex 12 70.6291 55.7777
      vertex 12 82.7534 62.7777
    endloop
  endfacet
  facet normal 1 0 -0
    outer loop
      vertex 12 70.6291 55.7777
      vertex 12 81.8874 64.2777
      vertex 12 69.7631 57.2777
    endloop
  endfacet
  facet normal -1 0 0
    outer loop
      vertex 26 70.6291 55.7777
      vertex 26 81.8874 64.2777
      vertex 26 82.7534 62.7777
    endloop
  endfacet
  facet normal -1 0 0
    outer loop
      vertex 26 81.8874 64.2777
      vertex 26 70.6291 55.7777
      vertex 26 69.7631 57.2777
    endloop
  endfacet
  facet normal 0 0.866032 0.499989
    outer loop
      vertex 26 70.6291 55.7777
      vertex 12 69.7631 57.2777
      vertex 26 69.7631 57.2777
    endloop
  endfacet
  facet normal 0 0.866032 0.499989
    outer loop
      vertex 12 69.7631 57.2777
      vertex 26 70.6291 55.7777
      vertex 12 70.6291 55.7777
    endloop
  endfacet
  facet normal 0 -0.866032 -0.499989
    outer loop
      vertex 31.05 82.7534 62.7777
      vertex 45.05 81.8874 64.2777
      vertex 31.05 81.8874 64.2777
    endloop
  endfacet
  facet normal 0 -0.866032 -0.499989
    outer loop
      vertex 45.05 81.8874 64.2777
      vertex 31.05 82.7534 62.7777
      vertex 45.05 82.7534 62.7777
    endloop
  endfacet
  facet normal 1 0 0
    outer loop
      vertex 31.05 81.8874 64.2777
      vertex 31.05 70.6291 55.7777
      vertex 31.05 82.7534 62.7777
    endloop
  endfacet
  facet normal 1 0 -0
    outer loop
      vertex 31.05 70.6291 55.7777
      vertex 31.05 81.8874 64.2777
      vertex 31.05 69.7631 57.2777
    endloop
  endfacet
  facet normal -1 0 0
    outer loop
      vertex 45.05 70.6291 55.7777
      vertex 45.05 81.8874 64.2777
      vertex 45.05 82.7534 62.7777
    endloop
  endfacet
  facet normal -1 0 0
    outer loop
      vertex 45.05 81.8874 64.2777
      vertex 45.05 70.6291 55.7777
      vertex 45.05 69.7631 57.2777
    endloop
  endfacet
  facet normal 0 0.866032 0.499989
    outer loop
      vertex 45.05 70.6291 55.7777
      vertex 31.05 69.7631 57.2777
      vertex 45.05 69.7631 57.2777
    endloop
  endfacet
  facet normal 0 0.866032 0.499989
    outer loop
      vertex 31.05 69.7631 57.2777
      vertex 45.05 70.6291 55.7777
      vertex 31.05 70.6291 55.7777
    endloop
  endfacet
  facet normal 0 -0.866032 -0.499989
    outer loop
      vertex 50.1 82.7534 62.7777
      vertex 64.1 81.8874 64.2777
      vertex 50.1 81.8874 64.2777
    endloop
  endfacet
  facet normal 0 -0.866032 -0.499989
    outer loop
      vertex 64.1 81.8874 64.2777
      vertex 50.1 82.7534 62.7777
      vertex 64.1 82.7534 62.7777
    endloop
  endfacet
  facet normal 1 0 0
    outer loop
      vertex 50.1 81.8874 64.2777
      vertex 50.1 70.6291 55.7777
      vertex 50.1 82.7534 62.7777
    endloop
  endfacet
  facet normal 1 0 -0
    outer loop
      vertex 50.1 70.6291 55.7777
      vertex 50.1 81.8874 64.2777
      vertex 50.1 69.7631 57.2777
    endloop
  endfacet
  facet normal -1 0 0
    outer loop
      vertex 64.1 70.6291 55.7777
      vertex 64.1 81.8874 64.2777
      vertex 64.1 82.7534 62.7777
    endloop
  endfacet
  facet normal -1 0 0
    outer loop
      vertex 64.1 81.8874 64.2777
      vertex 64.1 70.6291 55.7777
      vertex 64.1 69.7631 57.2777
    endloop
  endfacet
  facet normal 0 0.866032 0.499989
    outer loop
      vertex 64.1 70.6291 55.7777
      vertex 50.1 69.7631 57.2777
      vertex 64.1 69.7631 57.2777
    endloop
  endfacet
  facet normal 0 0.866032 0.499989
    outer loop
      vertex 50.1 69.7631 57.2777
      vertex 64.1 70.6291 55.7777
      vertex 50.1 70.6291 55.7777
    endloop
  endfacet
  facet normal 0 -0.866032 -0.499989
    outer loop
      vertex 69.15 82.7534 62.7777
      vertex 83.15 81.8874 64.2777
      vertex 69.15 81.8874 64.2777
    endloop
  endfacet
  facet normal 0 -0.866032 -0.499989
    outer loop
      vertex 83.15 81.8874 64.2777
      vertex 69.15 82.7534 62.7777
      vertex 83.15 82.7534 62.7777
    endloop
  endfacet
  facet normal 1 0 0
    outer loop
      vertex 69.15 81.8874 64.2777
      vertex 69.15 70.6291 55.7777
      vertex 69.15 82.7534 62.7777
    endloop
  endfacet
  facet normal 1 0 -0
    outer loop
      vertex 69.15 70.6291 55.7777
      vertex 69.15 81.8874 64.2777
      vertex 69.15 69.7631 57.2777
    endloop
  endfacet
  facet normal -1 0 0
    outer loop
      vertex 83.15 70.6291 55.7777
      vertex 83.15 81.8874 64.2777
      vertex 83.15 82.7534 62.7777
    endloop
  endfacet
  facet normal -1 0 0
    outer loop
      vertex 83.15 81.8874 64.2777
      vertex 83.15 70.6291 55.7777
      vertex 83.15 69.7631 57.2777
    endloop
  endfacet
  facet normal 0 0.866032 0.499989
    outer loop
      vertex 83.15 70.6291 55.7777
      vertex 69.15 69.7631 57.2777
      vertex 83.15 69.7631 57.2777
    endloop
  endfacet
  facet normal 0 0.866032 0.499989
    outer loop
      vertex 69.15 69.7631 57.2777
      vertex 83.15 70.6291 55.7777
      vertex 69.15 70.6291 55.7777
    endloop
  endfacet
  facet normal 0.065381 -0.864154 -0.498962
    outer loop
      vertex 97.6932 21.6804 29.5172
      vertex 98.15 22.5724 28.0322
      vertex 98.15 21.7063 29.5322
    endloop
  endfacet
  facet normal 0.0655693 -0.864168 -0.498913
    outer loop
      vertex 98.15 22.5724 28.0322
      vertex 97.6932 21.6804 29.5172
      vertex 97.6932 22.5464 28.0172
    endloop
  endfacet
  facet normal -0.997754 0.0579126 0.0336618
    outer loop
      vertex 101.636 18.4903 27.6754
      vertex 101.65 19.5413 26.2822
      vertex 101.633 19.322 26.1556
    endloop
  endfacet
  facet normal -0.997858 0.0566582 0.0327144
    outer loop
      vertex 101.65 19.5413 26.2822
      vertex 101.636 18.4903 27.6754
      vertex 101.65 18.6752 27.7822
    endloop
  endfacet
  facet normal 0.980716 0.169256 0.0977173
    outer loop
      vertex 94.6799 18.2796 27.5537
      vertex 94.7198 18.9722 25.9536
      vertex 94.6799 19.1456 26.0537
    endloop
  endfacet
  facet normal 0.980754 0.169077 0.0976407
    outer loop
      vertex 94.7198 18.9722 25.9536
      vertex 94.6799 18.2796 27.5537
      vertex 94.7275 18.0725 27.4342
    endloop
  endfacet
  facet normal 0.555618 0.720051 0.41571
    outer loop
      vertex 96.1973 16.1675 26.3343
      vertex 96.0193 17.1365 24.8938
      vertex 96.0193 16.2705 26.3938
    endloop
  endfacet
  facet normal 0.555351 0.720186 0.415833
    outer loop
      vertex 96.0193 17.1365 24.8938
      vertex 96.1973 16.1675 26.3343
      vertex 96.2303 17.0145 24.8233
    endloop
  endfacet
  facet normal -0.980919 -0.168365 -0.0972141
    outer loop
      vertex 101.62 19.9369 26.5106
      vertex 101.531 19.4597 28.2351
      vertex 101.531 20.3258 26.7351
    endloop
  endfacet
  facet normal -0.980912 -0.168401 -0.0972237
    outer loop
      vertex 101.531 19.4597 28.2351
      vertex 101.62 19.9369 26.5106
      vertex 101.62 19.0709 28.0106
    endloop
  endfacet
  facet normal -0.89643 0.383812 0.221587
    outer loop
      vertex 101.181 18.0257 25.4072
      vertex 101.384 17.5153 27.1125
      vertex 101.384 18.3813 25.6125
    endloop
  endfacet
  facet normal -0.89643 0.383812 0.221587
    outer loop
      vertex 101.384 17.5153 27.1125
      vertex 101.181 18.0257 25.4072
      vertex 101.181 17.1597 26.9072
    endloop
  endfacet
  facet normal -0.99785 -0.0567538 -0.0327658
    outer loop
      vertex 101.65 19.5413 26.2822
      vertex 101.62 19.0709 28.0106
      vertex 101.62 19.9369 26.5106
    endloop
  endfacet
  facet normal -0.997851 -0.0567414 -0.0327625
    outer loop
      vertex 101.62 19.0709 28.0106
      vertex 101.65 19.5413 26.2822
      vertex 101.65 18.6752 27.7822
    endloop
  endfacet
  facet normal -0.658168 0.651991 0.37646
    outer loop
      vertex 100.471 17.2814 24.9774
      vertex 100.625 16.5319 26.5447
      vertex 100.625 17.398 25.0447
    endloop
  endfacet
  facet normal -0.659958 0.650492 0.375919
    outer loop
      vertex 100.625 16.5319 26.5447
      vertex 100.471 17.2814 24.9774
      vertex 100.442 16.3927 26.4643
    endloop
  endfacet
  facet normal -0.065381 -0.864154 -0.498962
    outer loop
      vertex 98.15 22.5724 28.0322
      vertex 98.6068 21.6804 29.5172
      vertex 98.15 21.7063 29.5322
    endloop
  endfacet
  facet normal -0.0655693 -0.864168 -0.498913
    outer loop
      vertex 98.6068 21.6804 29.5172
      vertex 98.15 22.5724 28.0322
      vertex 98.6068 22.5464 28.0172
    endloop
  endfacet
  facet normal 0.896864 -0.383052 -0.221148
    outer loop
      vertex 95.1189 20.1908 28.6572
      vertex 94.9164 20.7012 26.9519
      vertex 95.1189 21.0568 27.1572
    endloop
  endfacet
  facet normal 0.896864 -0.383052 -0.221148
    outer loop
      vertex 94.9164 20.7012 26.9519
      vertex 95.1189 20.1908 28.6572
      vertex 94.9164 19.8352 28.4519
    endloop
  endfacet
  facet normal -0.947033 -0.278113 -0.160564
    outer loop
      vertex 101.531 20.3258 26.7351
      vertex 101.384 19.8352 28.4519
      vertex 101.384 20.7012 26.9519
    endloop
  endfacet
  facet normal -0.947053 -0.278055 -0.160549
    outer loop
      vertex 101.384 19.8352 28.4519
      vertex 101.531 20.3258 26.7351
      vertex 101.531 19.4597 28.2351
    endloop
  endfacet
  facet normal -0.442119 0.77677 0.448507
    outer loop
      vertex 99.9 16.9163 24.7666
      vertex 99.6814 15.9569 26.2127
      vertex 99.9 16.0502 26.2666
    endloop
  endfacet
  facet normal -0.442203 0.776741 0.448475
    outer loop
      vertex 99.6814 15.9569 26.2127
      vertex 99.9 16.9163 24.7666
      vertex 99.7169 16.8381 24.7215
    endloop
  endfacet
  facet normal -0.194829 0.849404 0.490463
    outer loop
      vertex 98.8557 16.579 24.5719
      vertex 98.6068 15.6701 26.0471
      vertex 98.8168 15.7062 26.068
    endloop
  endfacet
  facet normal -0.195254 0.849363 0.490366
    outer loop
      vertex 98.6068 15.6701 26.0471
      vertex 98.8557 16.579 24.5719
      vertex 98.6068 16.5361 24.5471
    endloop
  endfacet
  facet normal 0.442316 -0.776709 -0.44842
    outer loop
      vertex 96.4 21.3002 29.2977
      vertex 96.8106 22.3416 27.8989
      vertex 96.8106 21.4756 29.3989
    endloop
  endfacet
  facet normal 0.442163 -0.776751 -0.448496
    outer loop
      vertex 96.8106 22.3416 27.8989
      vertex 96.4 21.3002 29.2977
      vertex 96.4 22.1663 27.7977
    endloop
  endfacet
  facet normal -0.831834 -0.480655 -0.27753
    outer loop
      vertex 101.181 21.0568 27.1572
      vertex 100.927 20.5204 28.8475
      vertex 100.927 21.3865 27.3475
    endloop
  endfacet
  facet normal -0.831776 -0.480744 -0.27755
    outer loop
      vertex 100.927 20.5204 28.8475
      vertex 101.181 21.0568 27.1572
      vertex 101.181 20.1908 28.6572
    endloop
  endfacet
  facet normal 0.751911 -0.570927 -0.329653
    outer loop
      vertex 95.6751 20.8185 29.0196
      vertex 95.3733 21.3865 27.3475
      vertex 95.6751 21.6846 27.5196
    endloop
  endfacet
  facet normal 0.751911 -0.570927 -0.329653
    outer loop
      vertex 95.3733 21.3865 27.3475
      vertex 95.6751 20.8185 29.0196
      vertex 95.3733 20.5204 28.8475
    endloop
  endfacet
  facet normal -0.442214 0.776736 0.448472
    outer loop
      vertex 99.7169 16.8381 24.7215
      vertex 99.4894 15.8749 26.1654
      vertex 99.6814 15.9569 26.2127
    endloop
  endfacet
  facet normal -0.442406 0.77667 0.448398
    outer loop
      vertex 99.4894 15.8749 26.1654
      vertex 99.7169 16.8381 24.7215
      vertex 99.4894 16.7409 24.6654
    endloop
  endfacet
  facet normal 0.555556 0.720065 0.41577
    outer loop
      vertex 96.4 16.0502 26.2666
      vertex 96.2303 17.0145 24.8233
      vertex 96.1973 16.1675 26.3343
    endloop
  endfacet
  facet normal 0.555583 0.720051 0.415757
    outer loop
      vertex 96.2303 17.0145 24.8233
      vertex 96.4 16.0502 26.2666
      vertex 96.4 16.9163 24.7666
    endloop
  endfacet
  facet normal 0.19517 0.849353 0.490416
    outer loop
      vertex 97.4832 15.7062 26.068
      vertex 97.2441 16.6135 24.5918
      vertex 97.2441 15.7474 26.0918
    endloop
  endfacet
  facet normal 0.195117 0.849358 0.490428
    outer loop
      vertex 97.2441 16.6135 24.5918
      vertex 97.4832 15.7062 26.068
      vertex 97.4443 16.579 24.5719
    endloop
  endfacet
  facet normal 0.195193 -0.849374 -0.490372
    outer loop
      vertex 97.2441 21.603 29.4725
      vertex 97.6932 22.5464 28.0172
      vertex 97.6932 21.6804 29.5172
    endloop
  endfacet
  facet normal 0.195011 -0.84938 -0.490432
    outer loop
      vertex 97.6932 22.5464 28.0172
      vertex 97.2441 21.603 29.4725
      vertex 97.2441 22.4691 27.9725
    endloop
  endfacet
  facet normal 0.659452 0.651022 0.37589
    outer loop
      vertex 95.8584 16.3927 26.4643
      vertex 96.0193 17.1365 24.8938
      vertex 95.8286 17.2814 24.9774
    endloop
  endfacet
  facet normal 0.659274 0.651172 0.375943
    outer loop
      vertex 96.0193 17.1365 24.8938
      vertex 95.8584 16.3927 26.4643
      vertex 96.0193 16.2705 26.3938
    endloop
  endfacet
  facet normal -0.19517 0.849353 0.490416
    outer loop
      vertex 99.0559 16.6135 24.5918
      vertex 98.8168 15.7062 26.068
      vertex 99.0559 15.7474 26.0918
    endloop
  endfacet
  facet normal -0.195117 0.849358 0.490428
    outer loop
      vertex 98.8168 15.7062 26.068
      vertex 99.0559 16.6135 24.5918
      vertex 98.8557 16.579 24.5719
    endloop
  endfacet
  facet normal -0.554988 0.720401 0.415946
    outer loop
      vertex 100.07 17.0145 24.8233
      vertex 99.9 16.0502 26.2666
      vertex 100.103 16.1675 26.3343
    endloop
  endfacet
  facet normal -0.554905 0.720443 0.415984
    outer loop
      vertex 99.9 16.0502 26.2666
      vertex 100.07 17.0145 24.8233
      vertex 99.9 16.9163 24.7666
    endloop
  endfacet
  facet normal -0.660822 0.649848 0.375517
    outer loop
      vertex 100.281 17.1365 24.8938
      vertex 100.442 16.3927 26.4643
      vertex 100.471 17.2814 24.9774
    endloop
  endfacet
  facet normal -0.659042 0.651348 0.376045
    outer loop
      vertex 100.442 16.3927 26.4643
      vertex 100.281 17.1365 24.8938
      vertex 100.281 16.2705 26.3938
    endloop
  endfacet
  facet normal -0.980622 0.169664 0.0979529
    outer loop
      vertex 101.58 18.9722 25.9536
      vertex 101.62 18.2796 27.5537
      vertex 101.62 19.1456 26.0537
    endloop
  endfacet
  facet normal -0.980439 0.17051 0.0983142
    outer loop
      vertex 101.62 18.2796 27.5537
      vertex 101.58 18.9722 25.9536
      vertex 101.572 18.0725 27.4342
    endloop
  endfacet
  facet normal -0.753325 0.569528 0.328845
    outer loop
      vertex 100.625 16.5319 26.5447
      vertex 100.759 17.5309 25.1215
      vertex 100.625 17.398 25.0447
    endloop
  endfacet
  facet normal -0.751465 0.571202 0.330196
    outer loop
      vertex 100.759 17.5309 25.1215
      vertex 100.625 16.5319 26.5447
      vertex 100.786 16.6907 26.6364
    endloop
  endfacet
  facet normal -0.321649 0.820006 0.473425
    outer loop
      vertex 99.2492 16.6703 24.6246
      vertex 99.0559 15.7474 26.0918
      vertex 99.2867 15.8153 26.131
    endloop
  endfacet
  facet normal -0.321324 0.820082 0.473515
    outer loop
      vertex 99.0559 15.7474 26.0918
      vertex 99.2492 16.6703 24.6246
      vertex 99.0559 16.6135 24.5918
    endloop
  endfacet
  facet normal -0.321472 0.820062 0.473449
    outer loop
      vertex 99.4894 16.7409 24.6654
      vertex 99.2867 15.8153 26.131
      vertex 99.4894 15.8749 26.1654
    endloop
  endfacet
  facet normal -0.321455 0.820066 0.473454
    outer loop
      vertex 99.2867 15.8153 26.131
      vertex 99.4894 16.7409 24.6654
      vertex 99.2492 16.6703 24.6246
    endloop
  endfacet
  facet normal 0.980752 -0.169093 -0.0976344
    outer loop
      vertex 94.7693 19.4597 28.2351
      vertex 94.6799 19.9369 26.5106
      vertex 94.7693 20.3258 26.7351
    endloop
  endfacet
  facet normal 0.980745 -0.169129 -0.0976441
    outer loop
      vertex 94.6799 19.9369 26.5106
      vertex 94.7693 19.4597 28.2351
      vertex 94.6799 19.0709 28.0106
    endloop
  endfacet
  facet normal 0.997865 -0.0565654 -0.0326571
    outer loop
      vertex 94.6799 19.0709 28.0106
      vertex 94.65 19.5413 26.2822
      vertex 94.6799 19.9369 26.5106
    endloop
  endfacet
  facet normal 0.997865 -0.0565531 -0.0326538
    outer loop
      vertex 94.65 19.5413 26.2822
      vertex 94.6799 19.0709 28.0106
      vertex 94.65 18.6752 27.7822
    endloop
  endfacet
  facet normal -0.442316 -0.776709 -0.44842
    outer loop
      vertex 99.4894 22.3416 27.8989
      vertex 99.9 21.3002 29.2977
      vertex 99.4894 21.4756 29.3989
    endloop
  endfacet
  facet normal -0.442163 -0.776751 -0.448496
    outer loop
      vertex 99.9 21.3002 29.2977
      vertex 99.4894 22.3416 27.8989
      vertex 99.9 22.1663 27.7977
    endloop
  endfacet
  facet normal -0.981144 0.16748 0.0964696
    outer loop
      vertex 101.531 18.7568 25.8292
      vertex 101.572 18.0725 27.4342
      vertex 101.58 18.9722 25.9536
    endloop
  endfacet
  facet normal -0.981459 0.165987 0.0958411
    outer loop
      vertex 101.572 18.0725 27.4342
      vertex 101.531 18.7568 25.8292
      vertex 101.531 17.8907 27.3292
    endloop
  endfacet
  facet normal -0.99797 0.0551528 0.0318416
    outer loop
      vertex 101.62 18.2796 27.5537
      vertex 101.633 19.322 26.1556
      vertex 101.62 19.1456 26.0537
    endloop
  endfacet
  facet normal -0.997845 0.0567106 0.0330042
    outer loop
      vertex 101.633 19.322 26.1556
      vertex 101.62 18.2796 27.5537
      vertex 101.636 18.4903 27.6754
    endloop
  endfacet
  facet normal 0.896864 0.383052 0.221148
    outer loop
      vertex 94.9164 17.5153 27.1125
      vertex 95.1189 18.0257 25.4072
      vertex 94.9164 18.3813 25.6125
    endloop
  endfacet
  facet normal 0.896864 0.383052 0.221148
    outer loop
      vertex 95.1189 18.0257 25.4072
      vertex 94.9164 17.5153 27.1125
      vertex 95.1189 17.1597 26.9072
    endloop
  endfacet
  facet normal -0.0652722 0.864185 0.498923
    outer loop
      vertex 98.6068 16.5361 24.5471
      vertex 98.15 15.6442 26.0322
      vertex 98.6068 15.6701 26.0471
    endloop
  endfacet
  facet normal -0.0652722 0.864185 0.498923
    outer loop
      vertex 98.15 15.6442 26.0322
      vertex 98.6068 16.5361 24.5471
      vertex 98.15 16.5102 24.5322
    endloop
  endfacet
  facet normal 0.659381 0.651072 0.375929
    outer loop
      vertex 95.6751 16.5319 26.5447
      vertex 95.8286 17.2814 24.9774
      vertex 95.6751 17.398 25.0447
    endloop
  endfacet
  facet normal 0.659348 0.651099 0.375939
    outer loop
      vertex 95.8286 17.2814 24.9774
      vertex 95.6751 16.5319 26.5447
      vertex 95.8584 16.3927 26.4643
    endloop
  endfacet
  facet normal 0.752074 0.570785 0.329528
    outer loop
      vertex 95.6751 16.5319 26.5447
      vertex 95.5405 17.5309 25.1215
      vertex 95.5144 16.6907 26.6364
    endloop
  endfacet
  facet normal 0.751867 0.570971 0.329679
    outer loop
      vertex 95.5405 17.5309 25.1215
      vertex 95.6751 16.5319 26.5447
      vertex 95.6751 17.398 25.0447
    endloop
  endfacet
  facet normal 0.831406 0.481224 0.277827
    outer loop
      vertex 95.1189 17.1597 26.9072
      vertex 95.3733 17.6961 25.2168
      vertex 95.1189 18.0257 25.4072
    endloop
  endfacet
  facet normal 0.831464 0.481135 0.277807
    outer loop
      vertex 95.3733 17.6961 25.2168
      vertex 95.1189 17.1597 26.9072
      vertex 95.3733 16.83 26.7168
    endloop
  endfacet
  facet normal -0.555618 0.720051 0.41571
    outer loop
      vertex 100.281 17.1365 24.8938
      vertex 100.103 16.1675 26.3343
      vertex 100.281 16.2705 26.3938
    endloop
  endfacet
  facet normal -0.555351 0.720186 0.415833
    outer loop
      vertex 100.103 16.1675 26.3343
      vertex 100.281 17.1365 24.8938
      vertex 100.07 17.0145 24.8233
    endloop
  endfacet
  facet normal -0.831809 0.480701 0.277525
    outer loop
      vertex 100.927 17.6961 25.2168
      vertex 101.181 17.1597 26.9072
      vertex 101.181 18.0257 25.4072
    endloop
  endfacet
  facet normal -0.831868 0.480611 0.277505
    outer loop
      vertex 101.181 17.1597 26.9072
      vertex 100.927 17.6961 25.2168
      vertex 100.927 16.83 26.7168
    endloop
  endfacet
  facet normal -0.750384 0.572285 0.330777
    outer loop
      vertex 100.786 16.6907 26.6364
      vertex 100.927 17.6961 25.2168
      vertex 100.759 17.5309 25.1215
    endloop
  endfacet
  facet normal -0.751957 0.570882 0.329627
    outer loop
      vertex 100.927 17.6961 25.2168
      vertex 100.786 16.6907 26.6364
      vertex 100.927 16.83 26.7168
    endloop
  endfacet
  facet normal 0.831431 -0.481178 -0.277832
    outer loop
      vertex 95.3733 20.5204 28.8475
      vertex 95.1189 21.0568 27.1572
      vertex 95.3733 21.3865 27.3475
    endloop
  endfacet
  facet normal 0.831372 -0.481268 -0.277852
    outer loop
      vertex 95.1189 21.0568 27.1572
      vertex 95.3733 20.5204 28.8475
      vertex 95.1189 20.1908 28.6572
    endloop
  endfacet
  facet normal 0.997858 0.0566582 0.0327144
    outer loop
      vertex 94.664 18.4903 27.6754
      vertex 94.65 19.5413 26.2822
      vertex 94.65 18.6752 27.7822
    endloop
  endfacet
  facet normal 0.997858 0.0566507 0.0327088
    outer loop
      vertex 94.65 19.5413 26.2822
      vertex 94.664 18.4903 27.6754
      vertex 94.6666 19.322 26.1556
    endloop
  endfacet
  facet normal 0.997872 0.0564675 0.0326086
    outer loop
      vertex 94.6799 18.2796 27.5537
      vertex 94.6666 19.322 26.1556
      vertex 94.664 18.4903 27.6754
    endloop
  endfacet
  facet normal 0.997876 0.0564202 0.0325733
    outer loop
      vertex 94.6666 19.322 26.1556
      vertex 94.6799 18.2796 27.5537
      vertex 94.6799 19.1456 26.0537
    endloop
  endfacet
  facet normal -0.65953 -0.650977 -0.375831
    outer loop
      vertex 100.625 21.6846 27.5196
      vertex 100.281 21.08 29.1705
      vertex 100.281 21.946 27.6705
    endloop
  endfacet
  facet normal -0.659637 -0.650877 -0.375816
    outer loop
      vertex 100.281 21.08 29.1705
      vertex 100.625 21.6846 27.5196
      vertex 100.625 20.8185 29.0196
    endloop
  endfacet
  facet normal -0.751695 -0.571141 -0.329777
    outer loop
      vertex 100.927 21.3865 27.3475
      vertex 100.625 20.8185 29.0196
      vertex 100.625 21.6846 27.5196
    endloop
  endfacet
  facet normal -0.751695 -0.571141 -0.329777
    outer loop
      vertex 100.625 20.8185 29.0196
      vertex 100.927 21.3865 27.3475
      vertex 100.927 20.5204 28.8475
    endloop
  endfacet
  facet normal -0.89643 -0.383812 -0.221587
    outer loop
      vertex 101.384 20.7012 26.9519
      vertex 101.181 20.1908 28.6572
      vertex 101.181 21.0568 27.1572
    endloop
  endfacet
  facet normal -0.89643 -0.383812 -0.221587
    outer loop
      vertex 101.181 20.1908 28.6572
      vertex 101.384 20.7012 26.9519
      vertex 101.384 19.8352 28.4519
    endloop
  endfacet
  facet normal -0.195193 -0.849374 -0.490372
    outer loop
      vertex 98.6068 22.5464 28.0172
      vertex 99.0559 21.603 29.4725
      vertex 98.6068 21.6804 29.5172
    endloop
  endfacet
  facet normal -0.195011 -0.84938 -0.490432
    outer loop
      vertex 99.0559 21.603 29.4725
      vertex 98.6068 22.5464 28.0172
      vertex 99.0559 22.4691 27.9725
    endloop
  endfacet
  facet normal 0.659313 -0.651142 -0.375926
    outer loop
      vertex 96.0193 21.08 29.1705
      vertex 95.6751 21.6846 27.5196
      vertex 96.0193 21.946 27.6705
    endloop
  endfacet
  facet normal 0.65942 -0.651042 -0.375912
    outer loop
      vertex 95.6751 21.6846 27.5196
      vertex 96.0193 21.08 29.1705
      vertex 95.6751 20.8185 29.0196
    endloop
  endfacet
  facet normal -0.947042 0.278084 0.160566
    outer loop
      vertex 101.384 18.3813 25.6125
      vertex 101.531 17.8907 27.3292
      vertex 101.531 18.7568 25.8292
    endloop
  endfacet
  facet normal -0.947022 0.278142 0.160581
    outer loop
      vertex 101.531 17.8907 27.3292
      vertex 101.384 18.3813 25.6125
      vertex 101.384 17.5153 27.1125
    endloop
  endfacet
  facet normal 0.194829 0.849404 0.490463
    outer loop
      vertex 97.6932 15.6701 26.0471
      vertex 97.4443 16.579 24.5719
      vertex 97.4832 15.7062 26.068
    endloop
  endfacet
  facet normal 0.195254 0.849363 0.490366
    outer loop
      vertex 97.4443 16.579 24.5719
      vertex 97.6932 15.6701 26.0471
      vertex 97.6932 16.5361 24.5471
    endloop
  endfacet
  facet normal 0.0652722 0.864185 0.498923
    outer loop
      vertex 98.15 15.6442 26.0322
      vertex 97.6932 16.5361 24.5471
      vertex 97.6932 15.6701 26.0471
    endloop
  endfacet
  facet normal 0.0652722 0.864185 0.498923
    outer loop
      vertex 97.6932 16.5361 24.5471
      vertex 98.15 15.6442 26.0322
      vertex 98.15 16.5102 24.5322
    endloop
  endfacet
  facet normal 0.442119 0.77677 0.448507
    outer loop
      vertex 96.6186 15.9569 26.2127
      vertex 96.4 16.9163 24.7666
      vertex 96.4 16.0502 26.2666
    endloop
  endfacet
  facet normal 0.442203 0.776741 0.448475
    outer loop
      vertex 96.4 16.9163 24.7666
      vertex 96.6186 15.9569 26.2127
      vertex 96.5831 16.8381 24.7215
    endloop
  endfacet
  facet normal 0.946975 0.278254 0.160664
    outer loop
      vertex 94.7693 17.8907 27.3292
      vertex 94.9164 18.3813 25.6125
      vertex 94.7693 18.7568 25.8292
    endloop
  endfacet
  facet normal 0.946956 0.278312 0.160679
    outer loop
      vertex 94.9164 18.3813 25.6125
      vertex 94.7693 17.8907 27.3292
      vertex 94.9164 17.5153 27.1125
    endloop
  endfacet
  facet normal 0.980769 0.169016 0.0976038
    outer loop
      vertex 94.7275 18.0725 27.4342
      vertex 94.7693 18.7568 25.8292
      vertex 94.7198 18.9722 25.9536
    endloop
  endfacet
  facet normal 0.98075 0.169104 0.0976406
    outer loop
      vertex 94.7693 18.7568 25.8292
      vertex 94.7275 18.0725 27.4342
      vertex 94.7693 17.8907 27.3292
    endloop
  endfacet
  facet normal 0.751725 0.571111 0.32976
    outer loop
      vertex 95.5144 16.6907 26.6364
      vertex 95.3733 17.6961 25.2168
      vertex 95.3733 16.83 26.7168
    endloop
  endfacet
  facet normal 0.751947 0.570913 0.329597
    outer loop
      vertex 95.3733 17.6961 25.2168
      vertex 95.5144 16.6907 26.6364
      vertex 95.5405 17.5309 25.1215
    endloop
  endfacet
  facet normal 0.321397 -0.82006 -0.473503
    outer loop
      vertex 96.8106 21.4756 29.3989
      vertex 97.2441 22.4691 27.9725
      vertex 97.2441 21.603 29.4725
    endloop
  endfacet
  facet normal 0.321566 -0.820034 -0.473433
    outer loop
      vertex 97.2441 22.4691 27.9725
      vertex 96.8106 21.4756 29.3989
      vertex 96.8106 22.3416 27.8989
    endloop
  endfacet
  facet normal 0.555454 -0.720125 -0.4158
    outer loop
      vertex 96.0193 21.08 29.1705
      vertex 96.4 22.1663 27.7977
      vertex 96.4 21.3002 29.2977
    endloop
  endfacet
  facet normal 0.555585 -0.720071 -0.415721
    outer loop
      vertex 96.4 22.1663 27.7977
      vertex 96.0193 21.08 29.1705
      vertex 96.0193 21.946 27.6705
    endloop
  endfacet
  facet normal 0.946967 -0.278283 -0.160662
    outer loop
      vertex 94.9164 19.8352 28.4519
      vertex 94.7693 20.3258 26.7351
      vertex 94.9164 20.7012 26.9519
    endloop
  endfacet
  facet normal 0.946987 -0.278225 -0.160647
    outer loop
      vertex 94.7693 20.3258 26.7351
      vertex 94.9164 19.8352 28.4519
      vertex 94.7693 19.4597 28.2351
    endloop
  endfacet
  facet normal -0.321397 -0.82006 -0.473503
    outer loop
      vertex 99.0559 22.4691 27.9725
      vertex 99.4894 21.4756 29.3989
      vertex 99.0559 21.603 29.4725
    endloop
  endfacet
  facet normal -0.321566 -0.820034 -0.473433
    outer loop
      vertex 99.4894 21.4756 29.3989
      vertex 99.0559 22.4691 27.9725
      vertex 99.4894 22.3416 27.8989
    endloop
  endfacet
  facet normal -0.555152 -0.7203 -0.415901
    outer loop
      vertex 99.9 22.1663 27.7977
      vertex 100.281 21.08 29.1705
      vertex 99.9 21.3002 29.2977
    endloop
  endfacet
  facet normal -0.555282 -0.720246 -0.415822
    outer loop
      vertex 100.281 21.08 29.1705
      vertex 99.9 22.1663 27.7977
      vertex 100.281 21.946 27.6705
    endloop
  endfacet
  facet normal 0.321649 0.820006 0.473425
    outer loop
      vertex 97.2441 15.7474 26.0918
      vertex 97.0508 16.6703 24.6246
      vertex 97.0133 15.8153 26.131
    endloop
  endfacet
  facet normal 0.321324 0.820082 0.473515
    outer loop
      vertex 97.0508 16.6703 24.6246
      vertex 97.2441 15.7474 26.0918
      vertex 97.2441 16.6135 24.5918
    endloop
  endfacet
  facet normal 0.321472 0.820062 0.473449
    outer loop
      vertex 97.0133 15.8153 26.131
      vertex 96.8106 16.7409 24.6654
      vertex 96.8106 15.8749 26.1654
    endloop
  endfacet
  facet normal 0.321455 0.820066 0.473454
    outer loop
      vertex 96.8106 16.7409 24.6654
      vertex 97.0133 15.8153 26.131
      vertex 97.0508 16.6703 24.6246
    endloop
  endfacet
  facet normal 0.442214 0.776736 0.448472
    outer loop
      vertex 96.8106 15.8749 26.1654
      vertex 96.5831 16.8381 24.7215
      vertex 96.6186 15.9569 26.2127
    endloop
  endfacet
  facet normal 0.442406 0.77667 0.448398
    outer loop
      vertex 96.5831 16.8381 24.7215
      vertex 96.8106 15.8749 26.1654
      vertex 96.8106 16.7409 24.6654
    endloop
  endfacet
  facet normal -0.89643 0.383812 0.221587
    outer loop
      vertex 101.181 46.6007 41.9049
      vertex 101.384 46.0903 43.6102
      vertex 101.384 46.9563 42.1102
    endloop
  endfacet
  facet normal -0.89643 0.383812 0.221587
    outer loop
      vertex 101.384 46.0903 43.6102
      vertex 101.181 46.6007 41.9049
      vertex 101.181 45.7347 43.4049
    endloop
  endfacet
  facet normal -0.997851 0.0567414 0.0327625
    outer loop
      vertex 101.62 47.7206 42.5515
      vertex 101.65 47.2502 44.2799
      vertex 101.65 48.1163 42.7799
    endloop
  endfacet
  facet normal -0.99785 0.0567538 0.0327658
    outer loop
      vertex 101.65 47.2502 44.2799
      vertex 101.62 47.7206 42.5515
      vertex 101.62 46.8546 44.0515
    endloop
  endfacet
  facet normal 0.555454 -0.720125 -0.4158
    outer loop
      vertex 96.0193 49.655 45.6683
      vertex 96.4 50.7413 44.2955
      vertex 96.4 49.8752 45.7955
    endloop
  endfacet
  facet normal 0.555585 -0.720071 -0.415721
    outer loop
      vertex 96.4 50.7413 44.2955
      vertex 96.0193 49.655 45.6683
      vertex 96.0193 50.521 44.1683
    endloop
  endfacet
  facet normal -0.980919 -0.168365 -0.0972141
    outer loop
      vertex 101.62 48.5119 43.0084
      vertex 101.531 48.0347 44.7329
      vertex 101.531 48.9008 43.2329
    endloop
  endfacet
  facet normal -0.980912 -0.168401 -0.0972237
    outer loop
      vertex 101.531 48.0347 44.7329
      vertex 101.62 48.5119 43.0084
      vertex 101.62 47.6459 44.5084
    endloop
  endfacet
  facet normal 0.980745 0.169129 0.0976441
    outer loop
      vertex 94.6799 46.8546 44.0515
      vertex 94.7693 47.3318 42.327
      vertex 94.6799 47.7206 42.5515
    endloop
  endfacet
  facet normal 0.980752 0.169093 0.0976344
    outer loop
      vertex 94.7693 47.3318 42.327
      vertex 94.6799 46.8546 44.0515
      vertex 94.7693 46.4657 43.827
    endloop
  endfacet
  facet normal -0.897364 -0.382172 -0.22064
    outer loop
      vertex 101.271 49.4733 43.5634
      vertex 101.181 48.7658 45.1549
      vertex 101.181 49.6318 43.6549
    endloop
  endfacet
  facet normal -0.89661 -0.383597 -0.221231
    outer loop
      vertex 101.181 48.7658 45.1549
      vertex 101.271 49.4733 43.5634
      vertex 101.289 48.5764 45.0456
    endloop
  endfacet
  facet normal -0.997851 -0.0567476 -0.0327623
    outer loop
      vertex 101.65 48.1163 42.7799
      vertex 101.62 47.6459 44.5084
      vertex 101.62 48.5119 43.0084
    endloop
  endfacet
  facet normal -0.997852 -0.0567352 -0.0327589
    outer loop
      vertex 101.62 47.6459 44.5084
      vertex 101.65 48.1163 42.7799
      vertex 101.65 47.2502 44.2799
    endloop
  endfacet
  facet normal -0.980912 0.168401 0.0972237
    outer loop
      vertex 101.531 47.3318 42.327
      vertex 101.62 46.8546 44.0515
      vertex 101.62 47.7206 42.5515
    endloop
  endfacet
  facet normal -0.980919 0.168365 0.0972141
    outer loop
      vertex 101.62 46.8546 44.0515
      vertex 101.531 47.3318 42.327
      vertex 101.531 46.4657 43.827
    endloop
  endfacet
  facet normal 0.195011 0.84938 0.490432
    outer loop
      vertex 97.6932 44.2451 42.5449
      vertex 97.2441 45.1885 41.0896
      vertex 97.2441 44.3224 42.5896
    endloop
  endfacet
  facet normal 0.195193 0.849374 0.490372
    outer loop
      vertex 97.2441 45.1885 41.0896
      vertex 97.6932 44.2451 42.5449
      vertex 97.6932 45.1111 41.0449
    endloop
  endfacet
  facet normal 0.997865 -0.0565592 -0.0326535
    outer loop
      vertex 94.6799 47.6459 44.5084
      vertex 94.65 48.1163 42.7799
      vertex 94.6799 48.5119 43.0084
    endloop
  endfacet
  facet normal 0.997866 -0.0565469 -0.0326502
    outer loop
      vertex 94.65 48.1163 42.7799
      vertex 94.6799 47.6459 44.5084
      vertex 94.65 47.2502 44.2799
    endloop
  endfacet
  facet normal -0.946343 -0.279862 -0.161592
    outer loop
      vertex 101.531 48.0347 44.7329
      vertex 101.465 49.0682 43.3295
      vertex 101.531 48.9008 43.2329
    endloop
  endfacet
  facet normal -0.946156 -0.280301 -0.161925
    outer loop
      vertex 101.465 49.0682 43.3295
      vertex 101.531 48.0347 44.7329
      vertex 101.452 48.2347 44.8483
    endloop
  endfacet
  facet normal 0.442316 -0.776709 -0.44842
    outer loop
      vertex 96.4 49.8752 45.7955
      vertex 96.8106 50.9166 44.3967
      vertex 96.8106 50.0506 45.8967
    endloop
  endfacet
  facet normal 0.442163 -0.776751 -0.448496
    outer loop
      vertex 96.8106 50.9166 44.3967
      vertex 96.4 49.8752 45.7955
      vertex 96.4 50.7413 44.2955
    endloop
  endfacet
  facet normal -0.659637 0.650877 0.375816
    outer loop
      vertex 100.281 45.7115 41.3916
      vertex 100.625 45.1069 43.0425
      vertex 100.625 45.973 41.5425
    endloop
  endfacet
  facet normal -0.65953 0.650977 0.375831
    outer loop
      vertex 100.625 45.1069 43.0425
      vertex 100.281 45.7115 41.3916
      vertex 100.281 44.8455 42.8916
    endloop
  endfacet
  facet normal -0.831776 0.480744 0.27755
    outer loop
      vertex 100.927 46.2711 41.7146
      vertex 101.181 45.7347 43.4049
      vertex 101.181 46.6007 41.9049
    endloop
  endfacet
  facet normal -0.831834 0.480655 0.27753
    outer loop
      vertex 101.181 45.7347 43.4049
      vertex 100.927 46.2711 41.7146
      vertex 100.927 45.405 43.2146
    endloop
  endfacet
  facet normal -0.947053 0.278055 0.160549
    outer loop
      vertex 101.384 46.9563 42.1102
      vertex 101.531 46.4657 43.827
      vertex 101.531 47.3318 42.327
    endloop
  endfacet
  facet normal -0.947033 0.278113 0.160564
    outer loop
      vertex 101.531 46.4657 43.827
      vertex 101.384 46.9563 42.1102
      vertex 101.384 46.0903 43.6102
    endloop
  endfacet
  facet normal -0.895678 -0.385203 -0.222215
    outer loop
      vertex 101.384 49.2762 43.4496
      vertex 101.289 48.5764 45.0456
      vertex 101.271 49.4733 43.5634
    endloop
  endfacet
  facet normal -0.896226 -0.384171 -0.221794
    outer loop
      vertex 101.289 48.5764 45.0456
      vertex 101.384 49.2762 43.4496
      vertex 101.384 48.4102 44.9496
    endloop
  endfacet
  facet normal -0.831411 -0.48122 -0.277819
    outer loop
      vertex 101.046 48.9413 45.2563
      vertex 100.927 49.9615 43.8453
      vertex 101.068 49.7788 43.7398
    endloop
  endfacet
  facet normal -0.83139 -0.481244 -0.277838
    outer loop
      vertex 100.927 49.9615 43.8453
      vertex 101.046 48.9413 45.2563
      vertex 100.927 49.0955 45.3453
    endloop
  endfacet
  facet normal 0.442163 0.776751 0.448496
    outer loop
      vertex 96.8106 44.4499 42.6632
      vertex 96.4 45.4913 41.2644
      vertex 96.4 44.6252 42.7644
    endloop
  endfacet
  facet normal 0.442316 0.776709 0.44842
    outer loop
      vertex 96.4 45.4913 41.2644
      vertex 96.8106 44.4499 42.6632
      vertex 96.8106 45.3159 41.1632
    endloop
  endfacet
  facet normal 0.321566 0.820034 0.473433
    outer loop
      vertex 97.2441 44.3224 42.5896
      vertex 96.8106 45.3159 41.1632
      vertex 96.8106 44.4499 42.6632
    endloop
  endfacet
  facet normal 0.321397 0.82006 0.473503
    outer loop
      vertex 96.8106 45.3159 41.1632
      vertex 97.2441 44.3224 42.5896
      vertex 97.2441 45.1885 41.0896
    endloop
  endfacet
  facet normal 0.65942 0.651042 0.375912
    outer loop
      vertex 95.6751 45.1069 43.0425
      vertex 96.0193 45.7115 41.3916
      vertex 95.6751 45.973 41.5425
    endloop
  endfacet
  facet normal 0.659313 0.651142 0.375926
    outer loop
      vertex 96.0193 45.7115 41.3916
      vertex 95.6751 45.1069 43.0425
      vertex 96.0193 44.8455 42.8916
    endloop
  endfacet
  facet normal -0.195011 0.84938 0.490432
    outer loop
      vertex 99.0559 45.1885 41.0896
      vertex 98.6068 44.2451 42.5449
      vertex 99.0559 44.3224 42.5896
    endloop
  endfacet
  facet normal -0.195193 0.849374 0.490372
    outer loop
      vertex 98.6068 44.2451 42.5449
      vertex 99.0559 45.1885 41.0896
      vertex 98.6068 45.1111 41.0449
    endloop
  endfacet
  facet normal 0.555585 0.720071 0.415721
    outer loop
      vertex 96.4 44.6252 42.7644
      vertex 96.0193 45.7115 41.3916
      vertex 96.0193 44.8455 42.8916
    endloop
  endfacet
  facet normal 0.555454 0.720125 0.4158
    outer loop
      vertex 96.0193 45.7115 41.3916
      vertex 96.4 44.6252 42.7644
      vertex 96.4 45.4913 41.2644
    endloop
  endfacet
  facet normal -0.555282 0.720246 0.415822
    outer loop
      vertex 100.281 45.7115 41.3916
      vertex 99.9 44.6252 42.7644
      vertex 100.281 44.8455 42.8916
    endloop
  endfacet
  facet normal -0.555152 0.7203 0.415901
    outer loop
      vertex 99.9 44.6252 42.7644
      vertex 100.281 45.7115 41.3916
      vertex 99.9 45.4913 41.2644
    endloop
  endfacet
  facet normal -0.947566 -0.276656 -0.159936
    outer loop
      vertex 101.452 48.2347 44.8483
      vertex 101.384 49.2762 43.4496
      vertex 101.465 49.0682 43.3295
    endloop
  endfacet
  facet normal -0.948044 -0.275519 -0.159066
    outer loop
      vertex 101.384 49.2762 43.4496
      vertex 101.452 48.2347 44.8483
      vertex 101.384 48.4102 44.9496
    endloop
  endfacet
  facet normal 0.896864 0.383052 0.221148
    outer loop
      vertex 94.9164 46.0903 43.6102
      vertex 95.1189 46.6007 41.9049
      vertex 94.9164 46.9563 42.1102
    endloop
  endfacet
  facet normal 0.896864 0.383052 0.221148
    outer loop
      vertex 95.1189 46.6007 41.9049
      vertex 94.9164 46.0903 43.6102
      vertex 95.1189 45.7347 43.4049
    endloop
  endfacet
  facet normal 0.83139 -0.481244 -0.277838
    outer loop
      vertex 95.2543 48.9413 45.2563
      vertex 95.3733 49.9615 43.8453
      vertex 95.3733 49.0955 45.3453
    endloop
  endfacet
  facet normal 0.831411 -0.48122 -0.277819
    outer loop
      vertex 95.3733 49.9615 43.8453
      vertex 95.2543 48.9413 45.2563
      vertex 95.2323 49.7788 43.7398
    endloop
  endfacet
  facet normal -0.0652722 -0.86416 -0.498966
    outer loop
      vertex 98.15 51.1474 44.5299
      vertex 98.6068 50.2554 46.015
      vertex 98.15 50.2813 46.0299
    endloop
  endfacet
  facet normal -0.0654606 -0.864174 -0.498917
    outer loop
      vertex 98.6068 50.2554 46.015
      vertex 98.15 51.1474 44.5299
      vertex 98.6068 51.1214 44.515
    endloop
  endfacet
  facet normal 0.065381 0.864179 0.498919
    outer loop
      vertex 98.15 44.2192 42.5299
      vertex 97.6932 45.1111 41.0449
      vertex 97.6932 44.2451 42.5449
    endloop
  endfacet
  facet normal 0.065381 0.864179 0.498919
    outer loop
      vertex 97.6932 45.1111 41.0449
      vertex 98.15 44.2192 42.5299
      vertex 98.15 45.0852 41.0299
    endloop
  endfacet
  facet normal 0.751911 0.570927 0.329653
    outer loop
      vertex 95.3733 45.405 43.2146
      vertex 95.6751 45.973 41.5425
      vertex 95.3733 46.2711 41.7146
    endloop
  endfacet
  facet normal 0.751911 0.570927 0.329653
    outer loop
      vertex 95.6751 45.973 41.5425
      vertex 95.3733 45.405 43.2146
      vertex 95.6751 45.1069 43.0425
    endloop
  endfacet
  facet normal -0.751695 0.571141 0.329777
    outer loop
      vertex 100.625 45.973 41.5425
      vertex 100.927 45.405 43.2146
      vertex 100.927 46.2711 41.7146
    endloop
  endfacet
  facet normal -0.751695 0.571141 0.329777
    outer loop
      vertex 100.927 45.405 43.2146
      vertex 100.625 45.973 41.5425
      vertex 100.625 45.1069 43.0425
    endloop
  endfacet
  facet normal -0.065381 0.864179 0.498919
    outer loop
      vertex 98.6068 45.1111 41.0449
      vertex 98.15 44.2192 42.5299
      vertex 98.6068 44.2451 42.5449
    endloop
  endfacet
  facet normal -0.065381 0.864179 0.498919
    outer loop
      vertex 98.15 44.2192 42.5299
      vertex 98.6068 45.1111 41.0449
      vertex 98.15 45.0852 41.0299
    endloop
  endfacet
  facet normal -0.321566 0.820034 0.473433
    outer loop
      vertex 99.4894 45.3159 41.1632
      vertex 99.0559 44.3224 42.5896
      vertex 99.4894 44.4499 42.6632
    endloop
  endfacet
  facet normal -0.321397 0.82006 0.473503
    outer loop
      vertex 99.0559 44.3224 42.5896
      vertex 99.4894 45.3159 41.1632
      vertex 99.0559 45.1885 41.0896
    endloop
  endfacet
  facet normal -0.753325 -0.569528 -0.328845
    outer loop
      vertex 100.759 50.1267 43.9406
      vertex 100.625 49.3935 45.5174
      vertex 100.625 50.2596 44.0174
    endloop
  endfacet
  facet normal -0.75131 -0.5717 -0.329684
    outer loop
      vertex 100.625 49.3935 45.5174
      vertex 100.759 50.1267 43.9406
      vertex 100.786 49.2348 45.4257
    endloop
  endfacet
  facet normal 0.0652722 -0.86416 -0.498966
    outer loop
      vertex 97.6932 50.2554 46.015
      vertex 98.15 51.1474 44.5299
      vertex 98.15 50.2813 46.0299
    endloop
  endfacet
  facet normal 0.0654606 -0.864174 -0.498917
    outer loop
      vertex 98.15 51.1474 44.5299
      vertex 97.6932 50.2554 46.015
      vertex 97.6932 51.1214 44.515
    endloop
  endfacet
  facet normal -0.442316 -0.776709 -0.44842
    outer loop
      vertex 99.4894 50.9166 44.3967
      vertex 99.9 49.8752 45.7955
      vertex 99.4894 50.0506 45.8967
    endloop
  endfacet
  facet normal -0.442163 -0.776751 -0.448496
    outer loop
      vertex 99.9 49.8752 45.7955
      vertex 99.4894 50.9166 44.3967
      vertex 99.9 50.7413 44.2955
    endloop
  endfacet
  facet normal 0.831529 -0.481064 -0.277735
    outer loop
      vertex 95.1189 48.7658 45.1549
      vertex 95.2323 49.7788 43.7398
      vertex 95.2543 48.9413 45.2563
    endloop
  endfacet
  facet normal 0.831531 -0.481062 -0.277733
    outer loop
      vertex 95.2323 49.7788 43.7398
      vertex 95.1189 48.7658 45.1549
      vertex 95.1189 49.6318 43.6549
    endloop
  endfacet
  facet normal 0.89693 -0.382914 -0.221117
    outer loop
      vertex 95.0111 48.5764 45.0456
      vertex 94.9164 49.2762 43.4496
      vertex 95.0286 49.4733 43.5634
    endloop
  endfacet
  facet normal 0.896782 -0.383195 -0.221231
    outer loop
      vertex 94.9164 49.2762 43.4496
      vertex 95.0111 48.5764 45.0456
      vertex 94.9164 48.4102 44.9496
    endloop
  endfacet
  facet normal 0.947032 -0.278125 -0.160551
    outer loop
      vertex 94.7693 48.0347 44.7329
      vertex 94.8349 49.0682 43.3295
      vertex 94.8476 48.2347 44.8483
    endloop
  endfacet
  facet normal 0.946941 -0.278341 -0.160714
    outer loop
      vertex 94.8349 49.0682 43.3295
      vertex 94.7693 48.0347 44.7329
      vertex 94.7693 48.9008 43.2329
    endloop
  endfacet
  facet normal 0.751947 -0.570888 -0.329641
    outer loop
      vertex 95.5144 49.2348 45.4257
      vertex 95.3733 49.9615 43.8453
      vertex 95.5405 50.1267 43.9406
    endloop
  endfacet
  facet normal 0.751725 -0.571128 -0.329731
    outer loop
      vertex 95.3733 49.9615 43.8453
      vertex 95.5144 49.2348 45.4257
      vertex 95.3733 49.0955 45.3453
    endloop
  endfacet
  facet normal -0.321397 -0.82006 -0.473503
    outer loop
      vertex 99.0559 51.0441 44.4703
      vertex 99.4894 50.0506 45.8967
      vertex 99.0559 50.178 45.9703
    endloop
  endfacet
  facet normal -0.321566 -0.820034 -0.473433
    outer loop
      vertex 99.4894 50.0506 45.8967
      vertex 99.0559 51.0441 44.4703
      vertex 99.4894 50.9166 44.3967
    endloop
  endfacet
  facet normal -0.750384 -0.572596 -0.330239
    outer loop
      vertex 100.927 49.9615 43.8453
      vertex 100.786 49.2348 45.4257
      vertex 100.759 50.1267 43.9406
    endloop
  endfacet
  facet normal -0.751957 -0.570899 -0.329599
    outer loop
      vertex 100.786 49.2348 45.4257
      vertex 100.927 49.9615 43.8453
      vertex 100.927 49.0955 45.3453
    endloop
  endfacet
  facet normal -0.442163 0.776751 0.448496
    outer loop
      vertex 99.9 45.4913 41.2644
      vertex 99.4894 44.4499 42.6632
      vertex 99.9 44.6252 42.7644
    endloop
  endfacet
  facet normal -0.442316 0.776709 0.44842
    outer loop
      vertex 99.4894 44.4499 42.6632
      vertex 99.9 45.4913 41.2644
      vertex 99.4894 45.3159 41.1632
    endloop
  endfacet
  facet normal 0.896781 -0.383196 -0.221232
    outer loop
      vertex 95.1189 48.7658 45.1549
      vertex 95.0286 49.4733 43.5634
      vertex 95.1189 49.6318 43.6549
    endloop
  endfacet
  facet normal 0.896936 -0.382905 -0.221111
    outer loop
      vertex 95.0286 49.4733 43.5634
      vertex 95.1189 48.7658 45.1549
      vertex 95.0111 48.5764 45.0456
    endloop
  endfacet
  facet normal 0.94691 -0.278427 -0.160745
    outer loop
      vertex 94.8476 48.2347 44.8483
      vertex 94.9164 49.2762 43.4496
      vertex 94.9164 48.4102 44.9496
    endloop
  endfacet
  facet normal 0.946968 -0.278292 -0.160642
    outer loop
      vertex 94.9164 49.2762 43.4496
      vertex 94.8476 48.2347 44.8483
      vertex 94.8349 49.0682 43.3295
    endloop
  endfacet
  facet normal 0.997865 0.0565531 0.0326538
    outer loop
      vertex 94.65 47.2502 44.2799
      vertex 94.6799 47.7206 42.5515
      vertex 94.65 48.1163 42.7799
    endloop
  endfacet
  facet normal 0.997865 0.0565654 0.0326571
    outer loop
      vertex 94.6799 47.7206 42.5515
      vertex 94.65 47.2502 44.2799
      vertex 94.6799 46.8546 44.0515
    endloop
  endfacet
  facet normal 0.946987 0.278225 0.160647
    outer loop
      vertex 94.7693 46.4657 43.827
      vertex 94.9164 46.9563 42.1102
      vertex 94.7693 47.3318 42.327
    endloop
  endfacet
  facet normal 0.946967 0.278283 0.160662
    outer loop
      vertex 94.9164 46.9563 42.1102
      vertex 94.7693 46.4657 43.827
      vertex 94.9164 46.0903 43.6102
    endloop
  endfacet
  facet normal 0.831372 0.481268 0.277852
    outer loop
      vertex 95.1189 45.7347 43.4049
      vertex 95.3733 46.2711 41.7146
      vertex 95.1189 46.6007 41.9049
    endloop
  endfacet
  facet normal 0.831431 0.481178 0.277832
    outer loop
      vertex 95.3733 46.2711 41.7146
      vertex 95.1189 45.7347 43.4049
      vertex 95.3733 45.405 43.2146
    endloop
  endfacet
  facet normal 0.321397 -0.82006 -0.473503
    outer loop
      vertex 96.8106 50.0506 45.8967
      vertex 97.2441 51.0441 44.4703
      vertex 97.2441 50.178 45.9703
    endloop
  endfacet
  facet normal 0.321566 -0.820034 -0.473433
    outer loop
      vertex 97.2441 51.0441 44.4703
      vertex 96.8106 50.0506 45.8967
      vertex 96.8106 50.9166 44.3967
    endloop
  endfacet
  facet normal 0.195193 -0.849374 -0.490372
    outer loop
      vertex 97.2441 50.178 45.9703
      vertex 97.6932 51.1214 44.515
      vertex 97.6932 50.2554 46.015
    endloop
  endfacet
  facet normal 0.195011 -0.84938 -0.490432
    outer loop
      vertex 97.6932 51.1214 44.515
      vertex 97.2441 50.178 45.9703
      vertex 97.2441 51.0441 44.4703
    endloop
  endfacet
  facet normal 0.751867 -0.570971 -0.329679
    outer loop
      vertex 95.6751 49.3935 45.5174
      vertex 95.5405 50.1267 43.9406
      vertex 95.6751 50.2596 44.0174
    endloop
  endfacet
  facet normal 0.75192 -0.570914 -0.329657
    outer loop
      vertex 95.5405 50.1267 43.9406
      vertex 95.6751 49.3935 45.5174
      vertex 95.5144 49.2348 45.4257
    endloop
  endfacet
  facet normal -0.195193 -0.849374 -0.490372
    outer loop
      vertex 98.6068 51.1214 44.515
      vertex 99.0559 50.178 45.9703
      vertex 98.6068 50.2554 46.015
    endloop
  endfacet
  facet normal -0.195011 -0.84938 -0.490432
    outer loop
      vertex 99.0559 50.178 45.9703
      vertex 98.6068 51.1214 44.515
      vertex 99.0559 51.0441 44.4703
    endloop
  endfacet
  facet normal -0.555152 -0.7203 -0.415901
    outer loop
      vertex 99.9 50.7413 44.2955
      vertex 100.281 49.655 45.6683
      vertex 99.9 49.8752 45.7955
    endloop
  endfacet
  facet normal -0.555282 -0.720246 -0.415822
    outer loop
      vertex 100.281 49.655 45.6683
      vertex 99.9 50.7413 44.2955
      vertex 100.281 50.521 44.1683
    endloop
  endfacet
  facet normal 0.980752 -0.169093 -0.0976344
    outer loop
      vertex 94.7693 48.0347 44.7329
      vertex 94.6799 48.5119 43.0084
      vertex 94.7693 48.9008 43.2329
    endloop
  endfacet
  facet normal 0.980745 -0.169129 -0.0976441
    outer loop
      vertex 94.6799 48.5119 43.0084
      vertex 94.7693 48.0347 44.7329
      vertex 94.6799 47.6459 44.5084
    endloop
  endfacet
  facet normal 0.659313 -0.651142 -0.375926
    outer loop
      vertex 96.0193 49.655 45.6683
      vertex 95.6751 50.2596 44.0174
      vertex 96.0193 50.521 44.1683
    endloop
  endfacet
  facet normal 0.65942 -0.651042 -0.375912
    outer loop
      vertex 95.6751 50.2596 44.0174
      vertex 96.0193 49.655 45.6683
      vertex 95.6751 49.3935 45.5174
    endloop
  endfacet
  facet normal -0.832436 -0.479887 -0.277055
    outer loop
      vertex 101.181 48.7658 45.1549
      vertex 101.068 49.7788 43.7398
      vertex 101.181 49.6318 43.6549
    endloop
  endfacet
  facet normal -0.832287 -0.480064 -0.277194
    outer loop
      vertex 101.068 49.7788 43.7398
      vertex 101.181 48.7658 45.1549
      vertex 101.046 48.9413 45.2563
    endloop
  endfacet
  facet normal -0.65953 -0.650977 -0.375831
    outer loop
      vertex 100.625 50.2596 44.0174
      vertex 100.281 49.655 45.6683
      vertex 100.281 50.521 44.1683
    endloop
  endfacet
  facet normal -0.659637 -0.650877 -0.375816
    outer loop
      vertex 100.281 49.655 45.6683
      vertex 100.625 50.2596 44.0174
      vertex 100.625 49.3935 45.5174
    endloop
  endfacet
  facet normal -0.947022 -0.278142 -0.160581
    outer loop
      vertex 101.531 77.4758 59.7307
      vertex 101.384 76.9852 61.4474
      vertex 101.384 77.8512 59.9474
    endloop
  endfacet
  facet normal -0.947042 -0.278084 -0.160566
    outer loop
      vertex 101.384 76.9852 61.4474
      vertex 101.531 77.4758 59.7307
      vertex 101.531 76.6097 61.2307
    endloop
  endfacet
  facet normal 0.997865 -0.0565654 -0.0326571
    outer loop
      vertex 94.6799 76.2209 61.0061
      vertex 94.65 76.6913 59.2777
      vertex 94.6799 77.0869 59.5061
    endloop
  endfacet
  facet normal 0.997865 -0.0565531 -0.0326538
    outer loop
      vertex 94.65 76.6913 59.2777
      vertex 94.6799 76.2209 61.0061
      vertex 94.65 75.8252 60.7777
    endloop
  endfacet
  facet normal -0.980912 0.168401 0.0972237
    outer loop
      vertex 101.531 75.9068 58.8248
      vertex 101.62 75.4296 60.5493
      vertex 101.62 76.2956 59.0493
    endloop
  endfacet
  facet normal -0.980919 0.168365 0.0972141
    outer loop
      vertex 101.62 75.4296 60.5493
      vertex 101.531 75.9068 58.8248
      vertex 101.531 75.0407 60.3248
    endloop
  endfacet
  facet normal -0.980923 -0.168347 -0.0972037
    outer loop
      vertex 101.62 77.0869 59.5061
      vertex 101.531 76.6097 61.2307
      vertex 101.531 77.4758 59.7307
    endloop
  endfacet
  facet normal -0.980916 -0.168383 -0.0972133
    outer loop
      vertex 101.531 76.6097 61.2307
      vertex 101.62 77.0869 59.5061
      vertex 101.62 76.2209 61.0061
    endloop
  endfacet
  facet normal -0.0652722 -0.86416 -0.498966
    outer loop
      vertex 98.15 79.7224 61.0277
      vertex 98.6068 78.8304 62.5128
      vertex 98.15 78.8563 62.5277
    endloop
  endfacet
  facet normal -0.0654606 -0.864174 -0.498917
    outer loop
      vertex 98.6068 78.8304 62.5128
      vertex 98.15 79.7224 61.0277
      vertex 98.6068 79.6964 61.0128
    endloop
  endfacet
  facet normal -0.99785 -0.0567538 -0.0327658
    outer loop
      vertex 101.65 76.6913 59.2777
      vertex 101.62 76.2209 61.0061
      vertex 101.62 77.0869 59.5061
    endloop
  endfacet
  facet normal -0.997851 -0.0567414 -0.0327625
    outer loop
      vertex 101.62 76.2209 61.0061
      vertex 101.65 76.6913 59.2777
      vertex 101.65 75.8252 60.7777
    endloop
  endfacet
  facet normal 0.946935 0.278357 0.160724
    outer loop
      vertex 94.8381 74.8652 60.2234
      vertex 94.7693 75.9068 58.8248
      vertex 94.7693 75.0407 60.3248
    endloop
  endfacet
  facet normal 0.947003 0.278196 0.1606
    outer loop
      vertex 94.7693 75.9068 58.8248
      vertex 94.8381 74.8652 60.2234
      vertex 94.8508 75.6987 58.7047
    endloop
  endfacet
  facet normal 0.997865 0.0565531 0.0326538
    outer loop
      vertex 94.65 75.8252 60.7777
      vertex 94.6799 76.2956 59.0493
      vertex 94.65 76.6913 59.2777
    endloop
  endfacet
  facet normal 0.997865 0.0565654 0.0326571
    outer loop
      vertex 94.6799 76.2956 59.0493
      vertex 94.65 75.8252 60.7777
      vertex 94.6799 75.4296 60.5493
    endloop
  endfacet
  facet normal -0.442316 -0.776709 -0.44842
    outer loop
      vertex 99.4894 79.4916 60.8945
      vertex 99.9 78.4502 62.2933
      vertex 99.4894 78.6256 62.3945
    endloop
  endfacet
  facet normal -0.442163 -0.776751 -0.448496
    outer loop
      vertex 99.9 78.4502 62.2933
      vertex 99.4894 79.4916 60.8945
      vertex 99.9 79.3163 60.7933
    endloop
  endfacet
  facet normal 0.751911 0.570927 0.329653
    outer loop
      vertex 95.3733 73.98 59.7124
      vertex 95.6751 74.548 58.0403
      vertex 95.3733 74.8461 58.2124
    endloop
  endfacet
  facet normal 0.751911 0.570927 0.329653
    outer loop
      vertex 95.6751 74.548 58.0403
      vertex 95.3733 73.98 59.7124
      vertex 95.6751 73.6819 59.5403
    endloop
  endfacet
  facet normal -0.897243 0.382244 0.22101
    outer loop
      vertex 101.181 75.1757 58.4027
      vertex 101.276 74.4759 59.9987
      vertex 101.293 75.3728 58.5165
    endloop
  endfacet
  facet normal -0.896226 0.384171 0.221794
    outer loop
      vertex 101.276 74.4759 59.9987
      vertex 101.181 75.1757 58.4027
      vertex 101.181 74.3097 59.9027
    endloop
  endfacet
  facet normal -0.65953 -0.650977 -0.375831
    outer loop
      vertex 100.625 78.8346 60.5152
      vertex 100.281 78.23 62.1661
      vertex 100.281 79.096 60.6661
    endloop
  endfacet
  facet normal -0.659637 -0.650877 -0.375816
    outer loop
      vertex 100.281 78.23 62.1661
      vertex 100.625 78.8346 60.5152
      vertex 100.625 77.9685 62.0152
    endloop
  endfacet
  facet normal -0.065381 0.864179 0.498919
    outer loop
      vertex 98.6068 73.6861 57.5427
      vertex 98.15 72.7942 59.0277
      vertex 98.6068 72.8201 59.0427
    endloop
  endfacet
  facet normal -0.065381 0.864179 0.498919
    outer loop
      vertex 98.15 72.7942 59.0277
      vertex 98.6068 73.6861 57.5427
      vertex 98.15 73.6602 57.5277
    endloop
  endfacet
  facet normal 0.946995 0.278215 0.160611
    outer loop
      vertex 94.9164 74.6653 60.108
      vertex 94.8508 75.6987 58.7047
      vertex 94.8381 74.8652 60.2234
    endloop
  endfacet
  facet normal 0.946966 0.278285 0.160663
    outer loop
      vertex 94.8508 75.6987 58.7047
      vertex 94.9164 74.6653 60.108
      vertex 94.9164 75.5313 58.608
    endloop
  endfacet
  facet normal -0.89643 -0.383812 -0.221587
    outer loop
      vertex 101.384 77.8512 59.9474
      vertex 101.181 77.3408 61.6527
      vertex 101.181 78.2068 60.1527
    endloop
  endfacet
  facet normal -0.89643 -0.383812 -0.221587
    outer loop
      vertex 101.181 77.3408 61.6527
      vertex 101.384 77.8512 59.9474
      vertex 101.384 76.9852 61.4474
    endloop
  endfacet
  facet normal 0.946956 -0.278312 -0.160679
    outer loop
      vertex 94.9164 76.9852 61.4474
      vertex 94.7693 77.4758 59.7307
      vertex 94.9164 77.8512 59.9474
    endloop
  endfacet
  facet normal 0.946975 -0.278254 -0.160664
    outer loop
      vertex 94.7693 77.4758 59.7307
      vertex 94.9164 76.9852 61.4474
      vertex 94.7693 76.6097 61.2307
    endloop
  endfacet
  facet normal -0.947858 0.275999 0.159343
    outer loop
      vertex 101.384 74.6653 60.108
      vertex 101.449 75.6987 58.7047
      vertex 101.384 75.5313 58.608
    endloop
  endfacet
  facet normal -0.947369 0.277164 0.160224
    outer loop
      vertex 101.449 75.6987 58.7047
      vertex 101.384 74.6653 60.108
      vertex 101.462 74.8652 60.2234
    endloop
  endfacet
  facet normal -0.946402 0.279665 0.161588
    outer loop
      vertex 101.462 74.8652 60.2234
      vertex 101.531 75.9068 58.8248
      vertex 101.449 75.6987 58.7047
    endloop
  endfacet
  facet normal -0.94665 0.279083 0.161142
    outer loop
      vertex 101.531 75.9068 58.8248
      vertex 101.462 74.8652 60.2234
      vertex 101.531 75.0407 60.3248
    endloop
  endfacet
  facet normal 0.659313 -0.651142 -0.375926
    outer loop
      vertex 96.0193 78.23 62.1661
      vertex 95.6751 78.8346 60.5152
      vertex 96.0193 79.096 60.6661
    endloop
  endfacet
  facet normal 0.65942 -0.651042 -0.375912
    outer loop
      vertex 95.6751 78.8346 60.5152
      vertex 96.0193 78.23 62.1661
      vertex 95.6751 77.9685 62.0152
    endloop
  endfacet
  facet normal 0.195193 -0.849374 -0.490372
    outer loop
      vertex 97.2441 78.753 62.4681
      vertex 97.6932 79.6964 61.0128
      vertex 97.6932 78.8304 62.5128
    endloop
  endfacet
  facet normal 0.195011 -0.84938 -0.490432
    outer loop
      vertex 97.6932 79.6964 61.0128
      vertex 97.2441 78.753 62.4681
      vertex 97.2441 79.6191 60.9681
    endloop
  endfacet
  facet normal 0.442316 -0.776709 -0.44842
    outer loop
      vertex 96.4 78.4502 62.2933
      vertex 96.8106 79.4916 60.8945
      vertex 96.8106 78.6256 62.3945
    endloop
  endfacet
  facet normal 0.442163 -0.776751 -0.448496
    outer loop
      vertex 96.8106 79.4916 60.8945
      vertex 96.4 78.4502 62.2933
      vertex 96.4 79.3163 60.7933
    endloop
  endfacet
  facet normal -0.831868 -0.480611 -0.277505
    outer loop
      vertex 101.181 78.2068 60.1527
      vertex 100.927 77.6704 61.8431
      vertex 100.927 78.5365 60.3431
    endloop
  endfacet
  facet normal -0.831809 -0.480701 -0.277525
    outer loop
      vertex 100.927 77.6704 61.8431
      vertex 101.181 78.2068 60.1527
      vertex 101.181 77.3408 61.6527
    endloop
  endfacet
  facet normal -0.751695 -0.571141 -0.329777
    outer loop
      vertex 100.927 78.5365 60.3431
      vertex 100.625 77.9685 62.0152
      vertex 100.625 78.8346 60.5152
    endloop
  endfacet
  facet normal -0.751695 -0.571141 -0.329777
    outer loop
      vertex 100.625 77.9685 62.0152
      vertex 100.927 78.5365 60.3431
      vertex 100.927 77.6704 61.8431
    endloop
  endfacet
  facet normal 0.0652722 -0.86416 -0.498966
    outer loop
      vertex 97.6932 78.8304 62.5128
      vertex 98.15 79.7224 61.0277
      vertex 98.15 78.8563 62.5277
    endloop
  endfacet
  facet normal 0.0654606 -0.864174 -0.498917
    outer loop
      vertex 98.15 79.7224 61.0277
      vertex 97.6932 78.8304 62.5128
      vertex 97.6932 79.6964 61.0128
    endloop
  endfacet
  facet normal 0.442251 0.776714 0.448475
    outer loop
      vertex 96.8106 73.0249 59.1609
      vertex 96.4 74.0663 57.7622
      vertex 96.4 73.2002 59.2622
    endloop
  endfacet
  facet normal 0.442403 0.776671 0.448398
    outer loop
      vertex 96.4 74.0663 57.7622
      vertex 96.8106 73.0249 59.1609
      vertex 96.8106 73.8909 57.6609
    endloop
  endfacet
  facet normal 0.65942 0.651042 0.375912
    outer loop
      vertex 95.6751 73.6819 59.5403
      vertex 96.0193 74.2865 57.8894
      vertex 95.6751 74.548 58.0403
    endloop
  endfacet
  facet normal 0.659313 0.651142 0.375926
    outer loop
      vertex 96.0193 74.2865 57.8894
      vertex 95.6751 73.6819 59.5403
      vertex 96.0193 73.4205 59.3894
    endloop
  endfacet
  facet normal 0.980745 0.169129 0.0976441
    outer loop
      vertex 94.6799 75.4296 60.5493
      vertex 94.7693 75.9068 58.8248
      vertex 94.6799 76.2956 59.0493
    endloop
  endfacet
  facet normal 0.980752 0.169093 0.0976344
    outer loop
      vertex 94.7693 75.9068 58.8248
      vertex 94.6799 75.4296 60.5493
      vertex 94.7693 75.0407 60.3248
    endloop
  endfacet
  facet normal 0.195011 0.84938 0.490432
    outer loop
      vertex 97.6932 72.8201 59.0427
      vertex 97.2441 73.7635 57.5874
      vertex 97.2441 72.8974 59.0874
    endloop
  endfacet
  facet normal 0.195193 0.849374 0.490372
    outer loop
      vertex 97.2441 73.7635 57.5874
      vertex 97.6932 72.8201 59.0427
      vertex 97.6932 73.6861 57.5427
    endloop
  endfacet
  facet normal -0.659637 0.650877 0.375816
    outer loop
      vertex 100.281 74.2865 57.8894
      vertex 100.625 73.6819 59.5403
      vertex 100.625 74.548 58.0403
    endloop
  endfacet
  facet normal -0.65953 0.650977 0.375831
    outer loop
      vertex 100.625 73.6819 59.5403
      vertex 100.281 74.2865 57.8894
      vertex 100.281 73.4205 59.3894
    endloop
  endfacet
  facet normal -0.831776 0.480744 0.27755
    outer loop
      vertex 100.927 74.8461 58.2124
      vertex 101.181 74.3097 59.9027
      vertex 101.181 75.1757 58.4027
    endloop
  endfacet
  facet normal -0.831834 0.480655 0.27753
    outer loop
      vertex 101.181 74.3097 59.9027
      vertex 100.927 74.8461 58.2124
      vertex 100.927 73.98 59.7124
    endloop
  endfacet
  facet normal -0.195193 -0.849374 -0.490372
    outer loop
      vertex 98.6068 79.6964 61.0128
      vertex 99.0559 78.753 62.4681
      vertex 98.6068 78.8304 62.5128
    endloop
  endfacet
  facet normal -0.195011 -0.84938 -0.490432
    outer loop
      vertex 99.0559 78.753 62.4681
      vertex 98.6068 79.6964 61.0128
      vertex 99.0559 79.6191 60.9681
    endloop
  endfacet
  facet normal 0.321397 -0.82006 -0.473503
    outer loop
      vertex 96.8106 78.6256 62.3945
      vertex 97.2441 79.6191 60.9681
      vertex 97.2441 78.753 62.4681
    endloop
  endfacet
  facet normal 0.321566 -0.820034 -0.473433
    outer loop
      vertex 97.2441 79.6191 60.9681
      vertex 96.8106 78.6256 62.3945
      vertex 96.8106 79.4916 60.8945
    endloop
  endfacet
  facet normal 0.980756 -0.169075 -0.0976239
    outer loop
      vertex 94.7693 76.6097 61.2307
      vertex 94.6799 77.0869 59.5061
      vertex 94.7693 77.4758 59.7307
    endloop
  endfacet
  facet normal 0.980749 -0.169111 -0.0976336
    outer loop
      vertex 94.6799 77.0869 59.5061
      vertex 94.7693 76.6097 61.2307
      vertex 94.6799 76.2209 61.0061
    endloop
  endfacet
  facet normal -0.555152 -0.7203 -0.415901
    outer loop
      vertex 99.9 79.3163 60.7933
      vertex 100.281 78.23 62.1661
      vertex 99.9 78.4502 62.2933
    endloop
  endfacet
  facet normal -0.555282 -0.720246 -0.415822
    outer loop
      vertex 100.281 78.23 62.1661
      vertex 99.9 79.3163 60.7933
      vertex 100.281 79.096 60.6661
    endloop
  endfacet
  facet normal -0.321397 -0.82006 -0.473503
    outer loop
      vertex 99.0559 79.6191 60.9681
      vertex 99.4894 78.6256 62.3945
      vertex 99.0559 78.753 62.4681
    endloop
  endfacet
  facet normal -0.321566 -0.820034 -0.473433
    outer loop
      vertex 99.4894 78.6256 62.3945
      vertex 99.0559 79.6191 60.9681
      vertex 99.4894 79.4916 60.8945
    endloop
  endfacet
  facet normal -0.321468 0.820063 0.47345
    outer loop
      vertex 99.4894 73.8909 57.6609
      vertex 99.0559 72.8974 59.0874
      vertex 99.4894 73.0249 59.1609
    endloop
  endfacet
  facet normal -0.321299 0.820089 0.47352
    outer loop
      vertex 99.0559 72.8974 59.0874
      vertex 99.4894 73.8909 57.6609
      vertex 99.0559 73.7635 57.5874
    endloop
  endfacet
  facet normal -0.555282 0.720246 0.415822
    outer loop
      vertex 100.281 74.2865 57.8894
      vertex 99.9 73.2002 59.2622
      vertex 100.281 73.4205 59.3894
    endloop
  endfacet
  facet normal -0.555152 0.7203 0.415901
    outer loop
      vertex 99.9 73.2002 59.2622
      vertex 100.281 74.2865 57.8894
      vertex 99.9 74.0663 57.7622
    endloop
  endfacet
  facet normal -0.895418 0.38558 0.222608
    outer loop
      vertex 101.293 75.3728 58.5165
      vertex 101.384 74.6653 60.108
      vertex 101.384 75.5313 58.608
    endloop
  endfacet
  facet normal -0.89661 0.383338 0.22168
    outer loop
      vertex 101.384 74.6653 60.108
      vertex 101.293 75.3728 58.5165
      vertex 101.276 74.4759 59.9987
    endloop
  endfacet
  facet normal -0.997851 0.0567414 0.0327625
    outer loop
      vertex 101.62 76.2956 59.0493
      vertex 101.65 75.8252 60.7777
      vertex 101.65 76.6913 59.2777
    endloop
  endfacet
  facet normal -0.99785 0.0567538 0.0327658
    outer loop
      vertex 101.65 75.8252 60.7777
      vertex 101.62 76.2956 59.0493
      vertex 101.62 75.4296 60.5493
    endloop
  endfacet
  facet normal 0.831464 -0.481135 -0.277807
    outer loop
      vertex 95.3733 77.6704 61.8431
      vertex 95.1189 78.2068 60.1527
      vertex 95.3733 78.5365 60.3431
    endloop
  endfacet
  facet normal 0.831406 -0.481224 -0.277827
    outer loop
      vertex 95.1189 78.2068 60.1527
      vertex 95.3733 77.6704 61.8431
      vertex 95.1189 77.3408 61.6527
    endloop
  endfacet
  facet normal 0.065381 0.864179 0.498919
    outer loop
      vertex 98.15 72.7942 59.0277
      vertex 97.6932 73.6861 57.5427
      vertex 97.6932 72.8201 59.0427
    endloop
  endfacet
  facet normal 0.065381 0.864179 0.498919
    outer loop
      vertex 97.6932 73.6861 57.5427
      vertex 98.15 72.7942 59.0277
      vertex 98.15 73.6602 57.5277
    endloop
  endfacet
  facet normal 0.555585 0.720071 0.415721
    outer loop
      vertex 96.4 73.2002 59.2622
      vertex 96.0193 74.2865 57.8894
      vertex 96.0193 73.4205 59.3894
    endloop
  endfacet
  facet normal 0.555454 0.720125 0.4158
    outer loop
      vertex 96.0193 74.2865 57.8894
      vertex 96.4 73.2002 59.2622
      vertex 96.4 74.0663 57.7622
    endloop
  endfacet
  facet normal 0.896781 0.383196 0.221232
    outer loop
      vertex 94.9164 74.6653 60.108
      vertex 95.0067 75.3728 58.5165
      vertex 94.9164 75.5313 58.608
    endloop
  endfacet
  facet normal 0.896936 0.382905 0.221111
    outer loop
      vertex 95.0067 75.3728 58.5165
      vertex 94.9164 74.6653 60.108
      vertex 95.0242 74.4759 59.9987
    endloop
  endfacet
  facet normal 0.831372 0.481268 0.277852
    outer loop
      vertex 95.1189 74.3097 59.9027
      vertex 95.3733 74.8461 58.2124
      vertex 95.1189 75.1757 58.4027
    endloop
  endfacet
  facet normal 0.831431 0.481178 0.277832
    outer loop
      vertex 95.3733 74.8461 58.2124
      vertex 95.1189 74.3097 59.9027
      vertex 95.3733 73.98 59.7124
    endloop
  endfacet
  facet normal 0.89693 0.382914 0.221117
    outer loop
      vertex 95.0242 74.4759 59.9987
      vertex 95.1189 75.1757 58.4027
      vertex 95.0067 75.3728 58.5165
    endloop
  endfacet
  facet normal 0.896782 0.383195 0.221231
    outer loop
      vertex 95.1189 75.1757 58.4027
      vertex 95.0242 74.4759 59.9987
      vertex 95.1189 74.3097 59.9027
    endloop
  endfacet
  facet normal -0.195011 0.84938 0.490432
    outer loop
      vertex 99.0559 73.7635 57.5874
      vertex 98.6068 72.8201 59.0427
      vertex 99.0559 72.8974 59.0874
    endloop
  endfacet
  facet normal -0.195193 0.849374 0.490372
    outer loop
      vertex 98.6068 72.8201 59.0427
      vertex 99.0559 73.7635 57.5874
      vertex 98.6068 73.6861 57.5427
    endloop
  endfacet
  facet normal -0.442251 0.776714 0.448475
    outer loop
      vertex 99.9 74.0663 57.7622
      vertex 99.4894 73.0249 59.1609
      vertex 99.9 73.2002 59.2622
    endloop
  endfacet
  facet normal -0.442403 0.776671 0.448398
    outer loop
      vertex 99.4894 73.0249 59.1609
      vertex 99.9 74.0663 57.7622
      vertex 99.4894 73.8909 57.6609
    endloop
  endfacet
  facet normal -0.751695 0.571141 0.329777
    outer loop
      vertex 100.625 74.548 58.0403
      vertex 100.927 73.98 59.7124
      vertex 100.927 74.8461 58.2124
    endloop
  endfacet
  facet normal -0.751695 0.571141 0.329777
    outer loop
      vertex 100.927 73.98 59.7124
      vertex 100.625 74.548 58.0403
      vertex 100.625 73.6819 59.5403
    endloop
  endfacet
  facet normal 0.555454 -0.720125 -0.4158
    outer loop
      vertex 96.0193 78.23 62.1661
      vertex 96.4 79.3163 60.7933
      vertex 96.4 78.4502 62.2933
    endloop
  endfacet
  facet normal 0.555585 -0.720071 -0.415721
    outer loop
      vertex 96.4 79.3163 60.7933
      vertex 96.0193 78.23 62.1661
      vertex 96.0193 79.096 60.6661
    endloop
  endfacet
  facet normal 0.751911 -0.570927 -0.329653
    outer loop
      vertex 95.6751 77.9685 62.0152
      vertex 95.3733 78.5365 60.3431
      vertex 95.6751 78.8346 60.5152
    endloop
  endfacet
  facet normal 0.751911 -0.570927 -0.329653
    outer loop
      vertex 95.3733 78.5365 60.3431
      vertex 95.6751 77.9685 62.0152
      vertex 95.3733 77.6704 61.8431
    endloop
  endfacet
  facet normal 0.321468 0.820063 0.47345
    outer loop
      vertex 97.2441 72.8974 59.0874
      vertex 96.8106 73.8909 57.6609
      vertex 96.8106 73.0249 59.1609
    endloop
  endfacet
  facet normal 0.321299 0.820089 0.47352
    outer loop
      vertex 96.8106 73.8909 57.6609
      vertex 97.2441 72.8974 59.0874
      vertex 97.2441 73.7635 57.5874
    endloop
  endfacet
  facet normal 0.896864 -0.383052 -0.221148
    outer loop
      vertex 95.1189 77.3408 61.6527
      vertex 94.9164 77.8512 59.9474
      vertex 95.1189 78.2068 60.1527
    endloop
  endfacet
  facet normal 0.896864 -0.383052 -0.221148
    outer loop
      vertex 94.9164 77.8512 59.9474
      vertex 95.1189 77.3408 61.6527
      vertex 94.9164 76.9852 61.4474
    endloop
  endfacet
endsolid OpenSCAD_Model
